policy,candidate,fold,era,first_timestamp,bucket_index,observation_count,minimum_candidate_value,maximum_candidate_value,mean_next_net_return,mean_next_gross_return,mean_next_cost_ratio,mean_forward_max_drawdown
agent,realized_market_volatility,2009,2009-2018,2009-04-03T00:00:00+01:00,0,59,0.006496760828182863,0.010179404572722405,0.0005377559268740269,0.0006335840083584341,9.587790730372113e-05,0.06650357004258686
agent,realized_market_volatility,2009,2009-2018,2009-04-03T00:00:00+01:00,1,59,0.01018160408297832,0.01191076014803649,-0.0021280249253294464,-0.002016005250899546,0.00011179359253830159,0.09945714159423999
agent,realized_market_volatility,2009,2009-2018,2009-04-03T00:00:00+01:00,2,58,0.011920751687907504,0.014250924511547258,-0.0007085676127591918,-0.0005844625875675152,0.00012393324032658942,0.1161116007912695
agent,realized_market_volatility,2010,2009-2018,2010-03-31T00:00:00+01:00,0,60,0.003956388348836215,0.007507782950933347,0.001002667223445146,0.001083961379686846,8.140482402786524e-05,0.02661744547455057
agent,realized_market_volatility,2010,2009-2018,2010-03-31T00:00:00+01:00,1,59,0.007508376762888985,0.009376040008881608,0.0006848216708474294,0.0007710260376337179,8.626547963492989e-05,0.03171085702264335
agent,realized_market_volatility,2010,2009-2018,2010-03-31T00:00:00+01:00,2,59,0.00938633510984639,0.016559561714354652,-3.797154157921879e-05,5.253211493489618e-05,9.048037833734745e-05,0.051071489265510556
agent,realized_market_volatility,2011,2009-2018,2011-03-31T00:00:00+01:00,0,59,0.005656486149899069,0.007016863316049727,-0.0005263441652025791,-0.0004568732541458752,6.940020467441321e-05,0.022748642114005107
agent,realized_market_volatility,2011,2009-2018,2011-03-31T00:00:00+01:00,1,59,0.007021702483301394,0.008630632906364122,0.0017132547926497399,0.0017944975797830201,8.132527646719114e-05,0.028216336444298294
agent,realized_market_volatility,2011,2009-2018,2011-03-31T00:00:00+01:00,2,58,0.00864243905265119,0.01127375053014757,0.002731758712284049,0.002814111918868514,8.279216987769335e-05,0.02254307844188614
agent,realized_market_volatility,2012,2009-2018,2012-03-29T00:00:00+01:00,0,60,0.00354625500988168,0.005570504049901502,0.002414492139706612,0.0025160231498820825,0.00010173181910727604,0.00861748841217145
agent,realized_market_volatility,2012,2009-2018,2012-03-29T00:00:00+01:00,1,59,0.0056082127599079564,0.00767192297986662,0.0014627458970160013,0.0015797816467391693,0.00011715542618162542,0.04538744242845574
agent,realized_market_volatility,2012,2009-2018,2012-03-29T00:00:00+01:00,2,59,0.007672357377243107,0.009169743232894437,0.0013724211710306594,0.0015020800585465576,0.00012993657946559601,0.02893295739899944
agent,realized_market_volatility,2013,2009-2018,2013-04-01T00:00:00+01:00,0,59,0.004155206697850036,0.005890713482100836,0.0010059125562223267,0.0011413415739056744,0.0001355829564200186,0.03380097245110784
agent,realized_market_volatility,2013,2009-2018,2013-04-01T00:00:00+01:00,1,59,0.005940342546695576,0.007881277327599504,-7.98825668930209e-05,4.366907710517927e-05,0.00012372588621507763,0.0443900733563041
agent,realized_market_volatility,2013,2009-2018,2013-04-01T00:00:00+01:00,2,59,0.007884064881962657,0.012459210734386477,0.005494864693518626,0.005601523827844956,0.00010775337727977674,0.013679569728173437
agent,realized_market_volatility,2014,2009-2018,2014-03-31T00:00:00+01:00,0,60,0.001686730526278396,0.002238186800662908,0.0007363595272283918,0.0008454997449930403,0.00010924450418024057,0.016250446948308486
agent,realized_market_volatility,2014,2009-2018,2014-03-31T00:00:00+01:00,1,60,0.00224146137007667,0.004132616177278657,-0.0003665104057266403,-0.0002401165065507391,0.00012624107675701088,0.0356679562248629
agent,realized_market_volatility,2014,2009-2018,2014-03-31T00:00:00+01:00,2,59,0.004176154638897529,0.007041417020443608,8.509110306004126e-05,0.0002146077782999311,0.00012945535707379547,0.0345536535275614
agent,realized_market_volatility,2015,2009-2018,2015-03-31T00:00:00+01:00,0,60,0.0028542839347436657,0.003731946426023757,0.00031342355137854293,0.000433791831855389,0.0001202446447515539,0.06127675892303711
agent,realized_market_volatility,2015,2009-2018,2015-03-31T00:00:00+01:00,1,60,0.0037563719895461266,0.005532053377973242,-0.004505297447595968,-0.004384547563818716,0.00011966409529333377,0.07140716880706952
agent,realized_market_volatility,2015,2009-2018,2015-03-31T00:00:00+01:00,2,59,0.005541350187380943,0.007469191271607056,0.00016712378349989184,0.00028608500216243136,0.00011886689589914244,0.06785386915845867
agent,realized_market_volatility,2016,2009-2018,2016-03-30T00:00:00+01:00,0,60,0.003928392003454985,0.005073831428404696,0.0017724792055410098,0.001844730194097123,7.239286070765202e-05,0.010084815052301436
agent,realized_market_volatility,2016,2009-2018,2016-03-30T00:00:00+01:00,1,59,0.0050941354299158656,0.008861614057273197,-0.0014498867018416556,-0.0013855989227792975,6.419115809700719e-05,0.04307368385074651
agent,realized_market_volatility,2016,2009-2018,2016-03-30T00:00:00+01:00,2,59,0.00898590994952886,0.013717638756875167,-0.00035049675321706706,-0.00027718311979440147,7.318849348530667e-05,0.03622660261971016
agent,realized_market_volatility,2017,2009-2018,2017-03-30T00:00:00+01:00,0,59,0.003197365816040022,0.0042051684528466495,-0.00023422469040243883,-0.00014067570774354562,9.355151516988486e-05,0.022245630541346584
agent,realized_market_volatility,2017,2009-2018,2017-03-30T00:00:00+01:00,1,59,0.00421065790946588,0.004867278066417882,-0.0004340663948150107,-0.00035830530394417024,7.569696936831912e-05,0.018513520654036053
agent,realized_market_volatility,2017,2009-2018,2017-03-30T00:00:00+01:00,2,58,0.004917340107028429,0.00585231939218697,-0.0003083895361967754,-0.00022156913429889616,8.677138461789748e-05,0.020096332074397472
agent,realized_market_volatility,2018,2009-2018,2018-03-29T00:00:00+01:00,0,60,0.002915511766540914,0.004548720317890226,0.0019460152240237635,0.0020632306861948745,0.00011758413446849477,0.030356468064431878
agent,realized_market_volatility,2018,2009-2018,2018-03-29T00:00:00+01:00,1,60,0.00455746940137441,0.00497160521004199,0.001954113425430607,0.0020671856384196375,0.00011329586166257928,0.013768901601764468
agent,realized_market_volatility,2018,2009-2018,2018-03-29T00:00:00+01:00,2,59,0.004978895016085965,0.005812172570003842,0.0010112710197829912,0.0011282857473052744,0.00011730587342116161,0.01992253524684656
agent,realized_market_volatility,2019,2019-2025,2019-03-29T00:00:00+00:00,0,60,0.0026789660395625478,0.0033663574408450575,-0.0010506058671013966,-0.0009822323065740385,6.832672829140591e-05,0.0443069798143501
agent,realized_market_volatility,2019,2019-2025,2019-03-29T00:00:00+00:00,1,59,0.0033669557016865206,0.004028532842638582,2.3821480721802113e-06,7.491440010084889e-05,7.248417746314689e-05,0.010205932988069249
agent,realized_market_volatility,2019,2019-2025,2019-03-29T00:00:00+00:00,2,59,0.004034947158410472,0.006402239902777598,-0.0007395300895171164,-0.0006774006392026866,6.209647702171569e-05,0.014702800305422726
agent,realized_market_volatility,2020,2019-2025,2020-03-30T00:00:00+01:00,0,60,0.0031363840388832012,0.0046234327489853705,-0.001478083122450172,-0.001387259200271343,9.07084074388551e-05,0.04458116150055314
agent,realized_market_volatility,2020,2019-2025,2020-03-30T00:00:00+01:00,1,60,0.004623981318599298,0.006086553524467014,-0.002000005322419685,-0.0019113842207973608,8.843447745583095e-05,0.029200825946709107
agent,realized_market_volatility,2020,2019-2025,2020-03-30T00:00:00+01:00,2,60,0.006310879064607762,0.010743963606083654,0.0010256710486628731,0.0011016135882660394,7.608697031116176e-05,0.02404037107563186
agent,realized_market_volatility,2021,2019-2025,2021-03-31T00:00:00+01:00,0,60,0.0024477885216367553,0.003826689851665985,-0.0007258890406376073,-0.0006411232981039137,8.46918126212329e-05,0.029490470242897162
agent,realized_market_volatility,2021,2019-2025,2021-03-31T00:00:00+01:00,1,59,0.0038273111141985993,0.004280753510903467,-0.0009024730314084726,-0.0008092210244008373,9.3154190895064e-05,0.03076309246309257
agent,realized_market_volatility,2021,2019-2025,2021-03-31T00:00:00+01:00,2,59,0.004288032695750378,0.005048558070038462,0.0008994097480868755,0.0009855812960745823,8.627759032593242e-05,0.007357929978654724
agent,realized_market_volatility,2022,2019-2025,2022-03-31T00:00:00+01:00,0,59,0.004808440516289009,0.00601457829802052,0.002717764275105683,0.0028061897529818984,8.861105048037526e-05,0.023915931132203746
agent,realized_market_volatility,2022,2019-2025,2022-03-31T00:00:00+01:00,1,59,0.006014953197817504,0.007163985931817227,-0.00047733926728382926,-0.000391186208581231,8.599918708497115e-05,0.035716732051992765
agent,realized_market_volatility,2022,2019-2025,2022-03-31T00:00:00+01:00,2,59,0.007205677574660249,0.008989419077273608,-0.0010742855819699693,-0.0009640667469998619,0.00010992446575869813,0.06911438674241588
agent,realized_market_volatility,2023,2019-2025,2023-03-30T00:00:00+01:00,0,60,0.0032675698066190113,0.004640872580537529,0.0002382078679980769,0.0003011283996226476,6.293513284968063e-05,0.006307419197297455
agent,realized_market_volatility,2023,2019-2025,2023-03-30T00:00:00+01:00,1,59,0.004679452868986852,0.005964560960832132,-0.0006119929137832496,-0.0005491052379729476,6.288136114967256e-05,0.014034390846419881
agent,realized_market_volatility,2023,2019-2025,2023-03-30T00:00:00+01:00,2,59,0.005968492189409505,0.006797480737313316,-0.00016569555934049907,-9.833949291532657e-05,6.738590088382261e-05,0.02619482138955246
agent,realized_market_volatility,2024,2019-2025,2024-03-28T00:00:00+00:00,0,60,0.002871436763467021,0.004955875151972427,0.0006896321304729842,0.0007711204034647538,8.159720441632071e-05,0.026131006551517344
agent,realized_market_volatility,2024,2019-2025,2024-03-28T00:00:00+00:00,1,60,0.004970223474932066,0.005927838651193171,0.00015541249227694028,0.00025045223230994745,9.514996591463966e-05,0.02220501486323461
agent,realized_market_volatility,2024,2019-2025,2024-03-28T00:00:00+00:00,2,59,0.005955193323086478,0.007843871926996964,0.0012019993874188752,0.0012844191514066706,8.25336410320228e-05,0.021107541211986314
agent,realized_market_volatility,2025,2019-2025,2025-04-01T00:00:00+01:00,0,58,0.002425458799927306,0.004111890580676878,0.0007447418401876126,0.0008239566840643339,7.939254450587702e-05,0.014468202945159072
agent,realized_market_volatility,2025,2019-2025,2025-04-01T00:00:00+01:00,1,58,0.004116246242207207,0.0048030667900995205,0.000584290345531555,0.0006669315948691953,8.272939552488112e-05,0.012324301569181628
agent,realized_market_volatility,2025,2019-2025,2025-04-01T00:00:00+01:00,2,58,0.004830465467224414,0.008332341719607677,0.0015697685716715836,0.0016444497762805766,7.475408847376419e-05,0.009154672744385672
agent,mean_cross_pair_correlation,2009,2009-2018,2009-04-03T00:00:00+01:00,0,59,0.6703264397074106,0.7714496088688818,0.0024758598081737184,0.002574007619366398,9.832144699563542e-05,0.10538778299689047
agent,mean_cross_pair_correlation,2009,2009-2018,2009-04-03T00:00:00+01:00,1,59,0.772103640866197,0.8129851149955847,-0.0035065298532370396,-0.0034044651112095834,0.00010187470568237046,0.08705521083556172
agent,mean_cross_pair_correlation,2009,2009-2018,2009-04-03T00:00:00+01:00,2,58,0.8133373301162957,0.895035405195292,-0.0012778148239683935,-0.0011459429546567862,0.0001315374727865376,0.08917272752330577
agent,mean_cross_pair_correlation,2010,2009-2018,2010-03-31T00:00:00+01:00,0,60,0.3417056699543863,0.7167281795803039,-0.00012090305108127256,-3.369515810779248e-05,8.715782704777576e-05,0.01895063021773386
agent,mean_cross_pair_correlation,2010,2009-2018,2010-03-31T00:00:00+01:00,1,59,0.716965174889917,0.7815224306321011,0.0007174385204532503,0.0007985458673568711,8.126528948900926e-05,0.02743463396762643
agent,mean_cross_pair_correlation,2010,2009-2018,2010-03-31T00:00:00+01:00,2,59,0.7817285700069819,0.9040402166317825,0.0010720254473164032,0.0011616121541554436,8.963005693759638e-05,0.06314447359864615
agent,mean_cross_pair_correlation,2011,2009-2018,2011-03-31T00:00:00+01:00,0,59,0.39741482321460614,0.5758644300937289,-0.0007310024250719394,-0.0006631061209815964,6.788384529464293e-05,0.03249140502448916
agent,mean_cross_pair_correlation,2011,2009-2018,2011-03-31T00:00:00+01:00,1,59,0.5870090107946228,0.7459613821348128,0.0023382521107143126,0.0024163997404624098,7.828956378710809e-05,0.02167884492690096
agent,mean_cross_pair_correlation,2011,2009-2018,2011-03-31T00:00:00+01:00,2,58,0.7465102730501135,0.8617033566852105,0.002304172428947539,0.0023912759130620236,8.742272593857865e-05,0.01928254374891861
agent,mean_cross_pair_correlation,2012,2009-2018,2012-03-29T00:00:00+01:00,0,60,0.5095846760096392,0.7361382467332154,0.001517398683460019,0.0016163224109392248,9.900421459670015e-05,0.006351226629168512
agent,mean_cross_pair_correlation,2012,2009-2018,2012-03-29T00:00:00+01:00,1,59,0.7433958538433337,0.8307079023861026,-3.0433426080012047e-05,9.473303556994432e-05,0.00012497514662558907,0.05567677863701587
agent,mean_cross_pair_correlation,2012,2009-2018,2012-03-29T00:00:00+01:00,2,59,0.8308281238869359,0.8767737917730879,0.0037778989242079532,0.003902078573725469,0.00012489069411713324,0.020948294190103325
agent,mean_cross_pair_correlation,2013,2009-2018,2013-04-01T00:00:00+01:00,0,59,0.4804653028330263,0.6527702971811363,0.0012929558612308977,0.0014301502870010074,0.00013741566122296288,0.03587432076479874
agent,mean_cross_pair_correlation,2013,2009-2018,2013-04-01T00:00:00+01:00,1,59,0.655286460865311,0.7510402961658429,0.0003097335817253353,0.0004301655524246515,0.00012059403591190842,0.04059193266646572
agent,mean_cross_pair_correlation,2013,2009-2018,2013-04-01T00:00:00+01:00,2,59,0.752939960506831,0.9250570622653687,0.0048182052398916975,0.004926218639430151,0.00010905252278000167,0.015404362104320921
agent,mean_cross_pair_correlation,2014,2009-2018,2014-03-31T00:00:00+01:00,0,60,0.22937605356121082,0.4267694114347658,0.0006777205594498425,0.0007951446621571231,0.0001174725605619877,0.02583034656850643
agent,mean_cross_pair_correlation,2014,2009-2018,2014-03-31T00:00:00+01:00,1,60,0.4272162150782874,0.595007859874817,-0.0001595161130761139,-3.904401996925484e-05,0.000120426116029113,0.0267757846591378
agent,mean_cross_pair_correlation,2014,2009-2018,2014-03-31T00:00:00+01:00,2,59,0.5962046021281875,0.7583808513437451,-6.577871884366471e-05,6.133584228749002e-05,0.00012700136149360983,0.03385426906538562
agent,mean_cross_pair_correlation,2015,2009-2018,2015-03-31T00:00:00+01:00,0,60,0.12604559911931432,0.31348120591048845,0.0009493855289374399,0.0010688114335374356,0.00011950817894282186,0.054410583995041256
agent,mean_cross_pair_correlation,2015,2009-2018,2015-03-31T00:00:00+01:00,1,60,0.3138426203100804,0.5138625970415155,-0.007258768730205271,-0.007131374020533826,0.00012564001286305654,0.07423915972871308
agent,mean_cross_pair_correlation,2015,2009-2018,2015-03-31T00:00:00+01:00,2,59,0.5195250969346046,0.6407503221230502,0.0023205230767714908,0.002433685193721479,0.00011353863987101625,0.07195642916491865
agent,mean_cross_pair_correlation,2016,2009-2018,2016-03-30T00:00:00+01:00,0,60,0.5404477067282272,0.665911468700158,0.0013383896083527494,0.0014107294758589017,7.245490631836932e-05,0.01198397496047083
agent,mean_cross_pair_correlation,2016,2009-2018,2016-03-30T00:00:00+01:00,1,59,0.6688171602454154,0.8265493251906056,-0.0011703837514325844,-0.0011045564416681721,6.575114870645155e-05,0.038936021908310116
agent,mean_cross_pair_correlation,2016,2009-2018,2016-03-30T00:00:00+01:00,2,59,0.827016878031066,0.906185091673475,-0.00018855265563807674,-0.00011686893829038635,7.156540564462437e-05,0.03843291550299125
agent,mean_cross_pair_correlation,2017,2009-2018,2017-03-30T00:00:00+01:00,0,59,0.43109543333600553,0.5543192309421021,0.0002613502073393643,0.000352371784806778,9.105145502984406e-05,0.018214541209942797
agent,mean_cross_pair_correlation,2017,2009-2018,2017-03-30T00:00:00+01:00,1,59,0.5553735170081815,0.6507920454388839,-0.0006920307928169522,-0.0006111934049123097,8.075718911165782e-05,0.019009501119828773
agent,mean_cross_pair_correlation,2017,2009-2018,2017-03-30T00:00:00+01:00,2,58,0.6509153711532918,0.7192871502303777,-0.0005500967686907731,-0.0004658692050462906,8.416708433178409e-05,0.023692391092863894
agent,mean_cross_pair_correlation,2018,2009-2018,2018-03-29T00:00:00+01:00,0,60,0.43588964654443974,0.6524798041628852,7.84687314038982e-05,0.0001848421330322641,0.00010635834798557762,0.026634402076042174
agent,mean_cross_pair_correlation,2018,2009-2018,2018-03-29T00:00:00+01:00,1,60,0.6526541362168684,0.7027308527655916,0.0036536451115214293,0.003767773502852234,0.0001147085457289773,0.020855962634318638
agent,mean_cross_pair_correlation,2018,2009-2018,2018-03-29T00:00:00+01:00,2,59,0.703018190459985,0.7700141077584342,0.001182133534897272,0.001309100007030712,0.00012728529960745225,0.016500506388374223
agent,mean_cross_pair_correlation,2019,2019-2025,2019-03-29T00:00:00+00:00,0,60,0.49632192969685485,0.6182891817675763,-0.0003235490415977539,-0.00025207281480229144,7.146259284524103e-05,0.037125200410279766
agent,mean_cross_pair_correlation,2019,2019-2025,2019-03-29T00:00:00+00:00,1,59,0.6191129497502894,0.6653673584234648,-0.00020781160089175564,-0.0001379227570022032,6.982657530773657e-05,0.017042993655165737
agent,mean_cross_pair_correlation,2019,2019-2025,2019-03-29T00:00:00+00:00,2,59,0.665826526090974,0.7905015469981029,-0.0012687161630992583,-0.0012070985584776818,6.156506437661569e-05,0.015169244117041835
agent,mean_cross_pair_correlation,2020,2019-2025,2020-03-30T00:00:00+01:00,0,60,0.4374139545588274,0.5611221975000272,-0.001006268576962514,-0.0009105951334742143,9.566125842507467e-05,0.043126765425696906
agent,mean_cross_pair_correlation,2020,2019-2025,2020-03-30T00:00:00+01:00,1,60,0.5618445023213776,0.6501005760287026,-0.001497884177971711,-0.0014217873396153687,7.597823739332849e-05,0.02897550801604005
agent,mean_cross_pair_correlation,2020,2019-2025,2020-03-30T00:00:00+01:00,2,60,0.6528837526652764,0.7557442159703486,5.173535872724096e-05,0.00013535264028691866,8.359035938744467e-05,0.025720085081157158
agent,mean_cross_pair_correlation,2021,2019-2025,2021-03-31T00:00:00+01:00,0,60,0.35372786130032297,0.5963009421375917,0.0006175422383877963,0.0007001075603421169,8.26403098042934e-05,0.021473344039469898
agent,mean_cross_pair_correlation,2021,2019-2025,2021-03-31T00:00:00+01:00,1,59,0.5965051587288328,0.6767942182161368,-0.0018152638058851537,-0.0017217670593303554,9.334310080327216e-05,0.037817731161295706
agent,mean_cross_pair_correlation,2021,2019-2025,2021-03-31T00:00:00+01:00,2,59,0.6808809319361846,0.7583806096119889,0.00044599922185975614,0.0005341637461437301,8.817495446884917e-05,0.008456300978852195
agent,mean_cross_pair_correlation,2022,2019-2025,2022-03-31T00:00:00+01:00,0,59,0.4815690174945495,0.6370420301749321,0.0018081247944339454,0.0018941222253995578,8.600769366525226e-05,0.030474835795067084
agent,mean_cross_pair_correlation,2022,2019-2025,2022-03-31T00:00:00+01:00,1,59,0.6405327152713934,0.747398864887482,0.00084206934589097,0.0009356296749514005,9.363215347452408e-05,0.02880063538928188
agent,mean_cross_pair_correlation,2022,2019-2025,2022-03-31T00:00:00+01:00,2,59,0.7475067137885811,0.8067506600688914,-0.001484054714473031,-0.0013788151029501517,0.00010489485618426817,0.06947157874226341
agent,mean_cross_pair_correlation,2023,2019-2025,2023-03-30T00:00:00+01:00,0,60,0.5174111386640017,0.6107824749897578,0.000328910241134849,0.0003934790522768583,6.461474535153523e-05,0.007973823672178085
agent,mean_cross_pair_correlation,2023,2019-2025,2023-03-30T00:00:00+01:00,1,59,0.611295909341571,0.7037195114170907,-0.0010281489045936387,-0.0009686475287550287,5.944417969265984e-05,0.014075275730245206
agent,mean_cross_pair_correlation,2023,2019-2025,2023-03-30T00:00:00+01:00,2,59,0.7049013334975989,0.7688367952936175,0.00015822072997486727,0.00022728687991331963,6.911500183047477e-05,0.024459287887204452
agent,mean_cross_pair_correlation,2024,2019-2025,2024-03-28T00:00:00+00:00,0,60,0.49064338249888917,0.7442539335383809,0.00010106864863036078,0.00018232596021732772,8.131067058444326e-05,0.026136916435794223
agent,mean_cross_pair_correlation,2024,2019-2025,2024-03-28T00:00:00+00:00,1,60,0.7494374083381803,0.7981359304319521,0.0017810568054649836,0.001872380657530627,9.163067061578681e-05,0.019691912466761316
agent,mean_cross_pair_correlation,2024,2019-2025,2024-03-28T00:00:00+00:00,2,59,0.7981732747181727,0.8575724317421614,0.00014734091486421055,0.00023377442397624326,8.640397574124005e-05,0.023657228512525046
agent,mean_cross_pair_correlation,2025,2019-2025,2025-04-01T00:00:00+01:00,0,58,0.4429140867631277,0.5873390875054202,0.0005075094943110148,0.0005817225599967287,7.433781385788419e-05,0.016042023987735857
agent,mean_cross_pair_correlation,2025,2019-2025,2025-04-01T00:00:00+01:00,1,58,0.588768522077738,0.7020391828751311,0.0007596492654221082,0.0008380510493537207,7.847717473361046e-05,0.008733584762793819
agent,mean_cross_pair_correlation,2025,2019-2025,2025-04-01T00:00:00+01:00,2,58,0.7036702645948627,0.8461325352923599,0.0016316419976576278,0.0017155644458636563,8.406103991302771e-05,0.011171568508196698
agent,cross_sectional_return_dispersion,2009,2009-2018,2009-04-03T00:00:00+01:00,0,59,0.004183016234278201,0.004854976285696621,0.0013519103316027052,0.0014545918140518423,0.0001030602298583395,0.055186062016932824
agent,cross_sectional_return_dispersion,2009,2009-2018,2009-04-03T00:00:00+01:00,1,59,0.004865074301175451,0.006063937691104591,-0.004916675903213255,-0.004804457237314416,0.00011131483735340555,0.10217341507653922
agent,cross_sectional_return_dispersion,2009,2009-2018,2009-04-03T00:00:00+01:00,2,58,0.006065752406081936,0.007632275451601118,0.001299972004760683,0.0014169030445456982,0.00011711409420911327,0.12486113248192356
agent,cross_sectional_return_dispersion,2010,2009-2018,2010-03-31T00:00:00+01:00,0,60,0.0034897309196866696,0.004533072346474801,0.001811751557596399,0.0018928230862990925,8.124026774784564e-05,0.049345042260975365
agent,cross_sectional_return_dispersion,2010,2009-2018,2010-03-31T00:00:00+01:00,1,59,0.004535766264595094,0.004869529839885527,-0.0009276549132038362,-0.0008466432796351576,8.100140655436593e-05,0.03240324890545185
agent,cross_sectional_return_dispersion,2010,2009-2018,2010-03-31T00:00:00+01:00,2,59,0.0048695507271787,0.006556767629561256,0.00075170741452162,0.0008476302051404702,9.59117967874229e-05,0.0272662870914226
agent,cross_sectional_return_dispersion,2011,2009-2018,2011-03-31T00:00:00+01:00,0,59,0.004095520499977787,0.004611640594647406,0.0028014856640637183,0.0028882156739342777,8.69887807906001e-05,0.023315058500676628
agent,cross_sectional_return_dispersion,2011,2009-2018,2011-03-31T00:00:00+01:00,1,59,0.004613914747594908,0.005252716648825842,0.0010626016394601585,0.0011402616352395568,7.781420194098402e-05,0.016166690656649513
agent,cross_sectional_return_dispersion,2011,2009-2018,2011-03-31T00:00:00+01:00,2,58,0.005294181928136361,0.008600895060344196,8.423817654285852e-06,7.686491837429583e-05,6.847195274305874e-05,0.034224294556673356
agent,cross_sectional_return_dispersion,2012,2009-2018,2012-03-29T00:00:00+01:00,0,60,0.0028621054896609778,0.003209430442017996,0.004543078468743851,0.004658105341544806,0.00011567763454851098,0.016379201366848613
agent,cross_sectional_return_dispersion,2012,2009-2018,2012-03-29T00:00:00+01:00,1,59,0.003212494157981518,0.003464687011374737,0.0023135491313208004,0.0024190176021615445,0.00010585787612472522,0.026635537027127624
agent,cross_sectional_return_dispersion,2012,2009-2018,2012-03-29T00:00:00+01:00,2,59,0.0034682970701283506,0.003805554758334102,-0.0016430461267018393,-0.001515544566363333,0.00012705194432801996,0.039791595388791456
agent,cross_sectional_return_dispersion,2013,2009-2018,2013-04-01T00:00:00+01:00,0,59,0.0032893856997985513,0.0035066144244364546,0.004882534355296212,0.005009248498818767,0.00012786227245084115,0.01766619522789613
agent,cross_sectional_return_dispersion,2013,2009-2018,2013-04-01T00:00:00+01:00,1,59,0.0035098760235882155,0.004106052747193814,0.002541417265825648,0.002654388152878255,0.00011346341706203009,0.027569649171920885
agent,cross_sectional_return_dispersion,2013,2009-2018,2013-04-01T00:00:00+01:00,2,59,0.004111475371583292,0.00551185440527418,-0.0010030569382739293,-0.0008771021728412111,0.00012573653040200171,0.04663477113576837
agent,cross_sectional_return_dispersion,2014,2009-2018,2014-03-31T00:00:00+01:00,0,60,0.0021671961227356738,0.0025469389580630056,0.0005182545880867809,0.0006221768629065205,0.00010396466862687785,0.009845920619526636
agent,cross_sectional_return_dispersion,2014,2009-2018,2014-03-31T00:00:00+01:00,1,60,0.002549918170053506,0.0029003222407253124,0.0007618914392460445,0.0008953916095710488,0.00013344963618223412,0.027509179484503595
agent,cross_sectional_return_dispersion,2014,2009-2018,2014-03-31T00:00:00+01:00,2,59,0.002913711928574078,0.004057077155913027,-0.0008406345638868135,-0.0007130382224139005,0.00012749394296681868,0.04936379224194223
agent,cross_sectional_return_dispersion,2015,2009-2018,2015-03-31T00:00:00+01:00,0,60,0.0038265803513119934,0.004701387864389325,-0.0023655744509166006,-0.002258649443273455,0.00010621323390046572,0.09509464106776448
agent,cross_sectional_return_dispersion,2015,2009-2018,2015-03-31T00:00:00+01:00,1,60,0.0047067532525407185,0.004961488398524216,-0.0019491308994768535,-0.0018234685716477655,0.00012512956481780893,0.05981615544521855
agent,cross_sectional_return_dispersion,2015,2009-2018,2015-03-31T00:00:00+01:00,2,59,0.004973106298050154,0.0054764069314655345,0.00029203712672975113,0.0004196737644924942,0.00012757802267196925,0.04525027378604202
agent,cross_sectional_return_dispersion,2016,2009-2018,2016-03-30T00:00:00+01:00,0,60,0.003100397793844398,0.003713454420646061,-0.00026214606340357725,-0.00019236156592740788,6.973744664763266e-05,0.019491203605387274
agent,cross_sectional_return_dispersion,2016,2009-2018,2016-03-30T00:00:00+01:00,1,59,0.003713501640076998,0.004019613240246038,0.0015226585284573667,0.0015907517433086374,6.821439031478748e-05,0.031904374303456336
agent,cross_sectional_return_dispersion,2016,2009-2018,2016-03-30T00:00:00+01:00,2,59,0.004025665492568353,0.0053204301188403275,-0.0012539315405215945,-0.0011819150468743381,7.186568234551218e-05,0.03783009329945543
agent,cross_sectional_return_dispersion,2017,2009-2018,2017-03-30T00:00:00+01:00,0,59,0.0028700844635144683,0.0032598635652035467,-0.002110845094060312,-0.0020240395187991903,8.659781967588646e-05,0.035948323184343045
agent,cross_sectional_return_dispersion,2017,2009-2018,2017-03-30T00:00:00+01:00,1,59,0.0032604533569331384,0.0034741675824147247,0.0006880867813831479,0.0007707134529302798,8.272636229959536e-05,0.015411471469971334
agent,cross_sectional_return_dispersion,2017,2009-2018,2017-03-30T00:00:00+01:00,2,58,0.00347652916540928,0.0037810234880320277,0.00045908574690879656,0.0005457818690923194,8.669438205239072e-05,0.009312918900656563
agent,cross_sectional_return_dispersion,2018,2009-2018,2018-03-29T00:00:00+01:00,0,60,0.0026774583087001555,0.0030601038074959076,0.0005109411755267689,0.0006368453953899291,0.00012607646372001088,0.03100542872941381
agent,cross_sectional_return_dispersion,2018,2009-2018,2018-03-29T00:00:00+01:00,1,60,0.0030601386699010595,0.0032179528265376227,0.003287248118262472,0.0034032201362071165,0.00011649606867589447,0.009058063743176092
agent,cross_sectional_return_dispersion,2018,2009-2018,2018-03-29T00:00:00+01:00,2,59,0.0032195415463177994,0.0036406402025768326,0.0011149381611373602,0.0012201679096959172,0.00010541515857557046,0.02405325781661582
agent,cross_sectional_return_dispersion,2019,2019-2025,2019-03-29T00:00:00+00:00,0,60,0.0022489721447017737,0.002475363583290517,-0.000151769360166838,-8.206664765744472e-05,6.971818909603356e-05,0.03859661112020727
agent,cross_sectional_return_dispersion,2019,2019-2025,2019-03-29T00:00:00+00:00,1,59,0.0024803765806171167,0.0028948075380066675,-0.0010239627071303476,-0.0009579690378204542,6.58727928339093e-05,0.01911181184611384
agent,cross_sectional_return_dispersion,2019,2019-2025,2019-03-29T00:00:00+00:00,2,59,0.0028958161033164798,0.0034455922501598407,-0.0006272562583158348,-0.0005599399052643602,6.729281676489124e-05,0.011604076051591186
agent,cross_sectional_return_dispersion,2020,2019-2025,2020-03-30T00:00:00+01:00,0,60,0.003066070487919895,0.003398524094577916,-0.0019197219431863572,-0.0018294595619648142,9.01247703248046e-05,0.03982441701269536
agent,cross_sectional_return_dispersion,2020,2019-2025,2020-03-30T00:00:00+01:00,1,60,0.0034069825675676927,0.0043306734103174625,-0.0009774204906531155,-0.0008877047645443754,8.962502024160677e-05,0.03219155680820393
agent,cross_sectional_return_dispersion,2020,2019-2025,2020-03-30T00:00:00+01:00,2,60,0.004346383799447201,0.007530429697873196,0.00044472503763248847,0.000520134493706526,7.548006463943645e-05,0.02580638470199481
agent,cross_sectional_return_dispersion,2021,2019-2025,2021-03-31T00:00:00+01:00,0,60,0.002480458632505971,0.002757188526230775,-0.0016839105203069378,-0.0015918497055015918,9.188894788480983e-05,0.041888373347845655
agent,cross_sectional_return_dispersion,2021,2019-2025,2021-03-31T00:00:00+01:00,1,59,0.0027571934405894267,0.002930286551622246,0.0005529145576206293,0.0006416067085568632,8.87180515948408e-05,0.0203426158820557
agent,cross_sectional_return_dispersion,2021,2019-2025,2021-03-31T00:00:00+01:00,2,59,0.0029308084007967925,0.0033960965779949647,0.00041828129092488857,0.0005015939774196055,8.339460901912824e-05,0.00517036950381177
agent,cross_sectional_return_dispersion,2022,2019-2025,2022-03-31T00:00:00+01:00,0,59,0.0035058801096895637,0.004002580947690779,0.0024925150566012765,0.0025827643592111044,9.044812228537676e-05,0.012876786205956964
agent,cross_sectional_return_dispersion,2022,2019-2025,2022-03-31T00:00:00+01:00,1,59,0.004011050367285093,0.004369041586178398,-0.00305963583271482,-0.002954666492653434,0.00010444259447996413,0.08086824921307396
agent,cross_sectional_return_dispersion,2022,2019-2025,2022-03-31T00:00:00+01:00,2,59,0.004370560126252596,0.005374260802586461,0.0017332602019654287,0.0018228389308431352,8.964398655870365e-05,0.03500201450758144
agent,cross_sectional_return_dispersion,2023,2019-2025,2023-03-30T00:00:00+01:00,0,60,0.0025448428569605492,0.003310578678304742,0.0002853003134759479,0.00034846769953051894,6.317905352245921e-05,0.00652155625085461
agent,cross_sectional_return_dispersion,2023,2019-2025,2023-03-30T00:00:00+01:00,1,59,0.0033149313190800798,0.0037238540880289604,-0.0006128069196429594,-0.0005517303754759442,6.106345341167628e-05,0.020955998653114826
agent,cross_sectional_return_dispersion,2023,2019-2025,2023-03-30T00:00:00+01:00,2,59,0.0037280584201156808,0.004050308793089381,-0.00021277217600065834,-0.0001438560163355892,6.895575370034917e-05,0.01905544708771464
agent,cross_sectional_return_dispersion,2024,2019-2025,2024-03-28T00:00:00+00:00,0,60,0.0022853988880818647,0.0026108726042198974,0.0005537482760213622,0.0006429061284317061,8.922024143676194e-05,0.019064184605569377
agent,cross_sectional_return_dispersion,2024,2019-2025,2024-03-28T00:00:00+00:00,1,60,0.002613215072728505,0.0029167192777759185,-1.0870793762031153e-05,7.625846844878321e-05,8.723304073608315e-05,0.029875796021190292
agent,cross_sectional_return_dispersion,2024,2019-2025,2024-03-28T00:00:00+00:00,2,59,0.0029167742753345243,0.0035390860448899215,0.0015092880048669362,0.0015919527502821404,8.283251034536034e-05,0.020493345403164914
agent,cross_sectional_return_dispersion,2025,2019-2025,2025-04-01T00:00:00+01:00,0,58,0.002229814937633221,0.0025408005605819335,0.0022996178391487907,0.0023815220963920073,8.221650587580731e-05,0.013297523888671812
agent,cross_sectional_return_dispersion,2025,2019-2025,2025-04-01T00:00:00+01:00,1,58,0.002554375081528142,0.003181054087837848,-0.00037110523549573694,-0.00028995689492357076,8.114936200777051e-05,0.01114593834234179
agent,cross_sectional_return_dispersion,2025,2019-2025,2025-04-01T00:00:00+01:00,2,58,0.0032031307907894615,0.005305907928706707,0.0009702881537376972,0.001043772853745669,7.351016062094453e-05,0.01150371502771277
agent,momentum_dispersion,2009,2009-2018,2009-04-03T00:00:00+01:00,0,59,0.008304696237092273,0.024906902514574576,-0.005392684320813848,-0.005284153083242811,0.00010774116610698331,0.1163811320959207
agent,momentum_dispersion,2009,2009-2018,2009-04-03T00:00:00+01:00,1,59,0.02523788490207872,0.03309952175238936,0.0021161152042305795,0.0022273124853766416,0.00011120450212335378,0.08483261920029614
agent,momentum_dispersion,2009,2009-2018,2009-04-03T00:00:00+01:00,2,58,0.03310780578035797,0.05325938393975456,0.0010068066453363788,0.001118826066987284,0.00011246468972468344,0.08025075010326935
agent,momentum_dispersion,2010,2009-2018,2010-03-31T00:00:00+01:00,0,60,0.011142696785604145,0.020935950207787615,0.0017416460905124646,0.001828996366354194,8.75241083487908e-05,0.030739380736744395
agent,momentum_dispersion,2010,2009-2018,2010-03-31T00:00:00+01:00,1,59,0.020959011619714377,0.029637686572433136,5.8504316899680496e-05,0.00014543996651365917,8.691660870077801e-05,0.043576217541774306
agent,momentum_dispersion,2010,2009-2018,2010-03-31T00:00:00+01:00,2,59,0.029763164845118362,0.04129836695656153,-0.00016315812024230247,-7.954451225082255e-05,8.360624826716824e-05,0.035014330174657056
agent,momentum_dispersion,2011,2009-2018,2011-03-31T00:00:00+01:00,0,59,0.011414868536862582,0.01997790585497482,0.002128924726106329,0.002209400960795688,8.073591212033574e-05,0.02365722475264346
agent,momentum_dispersion,2011,2009-2018,2011-03-31T00:00:00+01:00,1,59,0.020018887595932254,0.026979317155109893,-0.00020453649837143007,-0.00011464854738188612,8.988309710124621e-05,0.025233382812983502
agent,momentum_dispersion,2011,2009-2018,2011-03-31T00:00:00+01:00,2,58,0.02711887099569609,0.06308998289917359,0.001981565980956867,0.002043929898543984,6.255564993426786e-05,0.024653214451677685
agent,momentum_dispersion,2012,2009-2018,2012-03-29T00:00:00+01:00,0,60,0.006076184203662247,0.014930332739201769,0.004385149098779217,0.004511480226283321,0.00012678930228647597,0.02604990100879278
agent,momentum_dispersion,2012,2009-2018,2012-03-29T00:00:00+01:00,1,59,0.014955969683937406,0.02066909755620448,-0.0029925334302373105,-0.0028850679392305755,0.0001069223478668776,0.02943458116008349
agent,momentum_dispersion,2012,2009-2018,2012-03-29T00:00:00+01:00,2,59,0.021019742042231365,0.03236333225815595,0.0038236425738033563,0.003937651261735384,0.00011468747149641165,0.027157941450468646
agent,momentum_dispersion,2013,2009-2018,2013-04-01T00:00:00+01:00,0,59,0.007861954886889077,0.015362040249721138,0.0018955914942130642,0.002036582589191994,0.00014173667464965344,0.03617890793625708
agent,momentum_dispersion,2013,2009-2018,2013-04-01T00:00:00+01:00,1,59,0.015373178679193418,0.02063955347052533,0.004187085714364084,0.004307589302467216,0.00012115556200456844,0.03506658025394528
agent,momentum_dispersion,2013,2009-2018,2013-04-01T00:00:00+01:00,2,59,0.02079615393005299,0.043028160656229456,0.0003382174742707826,0.00044236258719660223,0.0001041699832606511,0.020625127345383014
agent,momentum_dispersion,2014,2009-2018,2014-03-31T00:00:00+01:00,0,60,0.007074277109684123,0.014564629583421996,-0.00014749825482873318,-3.072887401247454e-05,0.00011664750281625721,0.016316597015572174
agent,momentum_dispersion,2014,2009-2018,2014-03-31T00:00:00+01:00,1,60,0.014668297257681172,0.01784142191737816,2.1648009241509764e-06,0.00012194727648427985,0.00011969838991676645,0.036670208793880624
agent,momentum_dispersion,2014,2009-2018,2014-03-31T00:00:00+01:00,2,59,0.017900502890757387,0.025798951816246196,0.0006090055865241094,0.0007374872725072154,0.0001285804637221627,0.03346714237202098
agent,momentum_dispersion,2015,2009-2018,2015-03-31T00:00:00+01:00,0,60,0.01452944140919265,0.02327627582480694,-0.0037676081546502435,-0.0036469961403028943,0.00011980196439403567,0.07390357749165188
agent,momentum_dispersion,2015,2009-2018,2015-03-31T00:00:00+01:00,1,60,0.023316966138620797,0.027206865344311524,0.0005229688992612179,0.0006343436484066655,0.00011125941401494139,0.05104822141502316
agent,momentum_dispersion,2015,2009-2018,2015-03-31T00:00:00+01:00,2,59,0.027471735269940758,0.04082830154314315,-0.0007961656817493276,-0.0006679182928210577,0.0001278642128170176,0.0757170510127959
agent,momentum_dispersion,2016,2009-2018,2016-03-30T00:00:00+01:00,0,60,0.006773741634436772,0.017419914769509038,-0.001074977675479943,-0.0010052761540688866,6.962062069472793e-05,0.02531111851090973
agent,momentum_dispersion,2016,2009-2018,2016-03-30T00:00:00+01:00,1,59,0.01753544500998762,0.024143271962023052,0.0013591917887824667,0.0014244716488316395,6.539695485988658e-05,0.023982536105129827
agent,momentum_dispersion,2016,2009-2018,2016-03-30T00:00:00+01:00,2,59,0.024199704193708555,0.058492680768416086,-0.0002638563817859831,-0.00018894215089753093,7.480192385421449e-05,0.03983337396674215
agent,momentum_dispersion,2017,2009-2018,2017-03-30T00:00:00+01:00,0,59,0.009857938336682822,0.016079990706750053,-0.0012332776153776682,-0.0011350517392805716,9.807313145531248e-05,0.023273695750350484
agent,momentum_dispersion,2017,2009-2018,2017-03-30T00:00:00+01:00,1,59,0.016080943772290156,0.021344883753090318,0.00032047700087442076,0.0003942909738232746,7.38629043278607e-05,0.023076131784649186
agent,momentum_dispersion,2017,2009-2018,2017-03-30T00:00:00+01:00,2,58,0.02135906333508207,0.02847438501674274,-5.9664325371567136e-05,2.437923591498786e-05,8.40374962824978e-05,0.014409264763407733
agent,momentum_dispersion,2018,2009-2018,2018-03-29T00:00:00+01:00,0,60,0.008131078419358503,0.014789851577887467,0.0007981562379729115,0.0009129760562238841,0.0001151426880418457,0.029975137367602066
agent,momentum_dispersion,2018,2009-2018,2018-03-29T00:00:00+01:00,1,60,0.014977256736454324,0.018912740793883023,-0.0010848205518801312,-0.0009670566745348275,0.00011761986371489972,0.02297208701018371
agent,momentum_dispersion,2018,2009-2018,2018-03-29T00:00:00+01:00,2,59,0.018942965586605926,0.030052533131424974,0.005269026575743931,0.005383706367229466,0.00011539141007302124,0.010951157574043746
agent,momentum_dispersion,2019,2019-2025,2019-03-29T00:00:00+00:00,0,60,0.0069287792013499406,0.012958219681282863,0.00014190253286582775,0.00021216620686748597,7.02576864266831e-05,0.030616165966579897
agent,momentum_dispersion,2019,2019-2025,2019-03-29T00:00:00+00:00,1,59,0.012968482190655883,0.01590515842161981,-0.0017281103376051718,-0.001664376785003262,6.358275481567902e-05,0.025527640205214988
agent,momentum_dispersion,2019,2019-2025,2019-03-29T00:00:00+00:00,2,59,0.015946223004981903,0.02492939576823988,-0.00022175801058609427,-0.0001527520101408035,6.90342134299186e-05,0.01330395462838228
agent,momentum_dispersion,2020,2019-2025,2020-03-30T00:00:00+01:00,0,60,0.0065616128604611915,0.017424128390140955,-0.001991425170828032,-0.0018978621985124016,9.337228587753261e-05,0.03904103396552895
agent,momentum_dispersion,2020,2019-2025,2020-03-30T00:00:00+01:00,1,60,0.017437492978155642,0.02381975323923238,-0.0014256145469690883,-0.0013441313583644966,8.135510438624651e-05,0.03515525634487679
agent,momentum_dispersion,2020,2019-2025,2020-03-30T00:00:00+01:00,2,60,0.02400953740077435,0.050764698534497305,0.0009646223215901367,0.001044963724074234,8.05024649420687e-05,0.023626068212488374
agent,momentum_dispersion,2021,2019-2025,2021-03-31T00:00:00+01:00,0,60,0.0056894277890387245,0.011704231186768244,2.9729694799745467e-05,0.00011043884865509023,8.071483827641019e-05,0.01987775978609537
agent,momentum_dispersion,2021,2019-2025,2021-03-31T00:00:00+01:00,1,59,0.011761601966566641,0.014659251054526852,-0.001584684811489066,-0.0014951134109984054,8.943025295415848e-05,0.027082913288583598
agent,momentum_dispersion,2021,2019-2025,2021-03-31T00:00:00+01:00,2,59,0.01470595347727979,0.027388348265406592,0.0008131956955193133,0.0009071731944426548,9.404590895648815e-05,0.020813746905843488
agent,momentum_dispersion,2022,2019-2025,2022-03-31T00:00:00+01:00,0,59,0.011752708034344233,0.018227338337524792,0.0010064197614722506,0.0010962244258139583,8.977557150112481e-05,0.024483931333549824
agent,momentum_dispersion,2022,2019-2025,2022-03-31T00:00:00+01:00,1,59,0.018262919098784643,0.025286973843331315,-0.0023183657792412017,-0.0022179565197939463,0.00010007020020394532,0.035170741471227306
agent,momentum_dispersion,2022,2019-2025,2022-03-31T00:00:00+01:00,2,59,0.02544747363407474,0.04288931804317764,0.002478085443620836,0.002572668891380794,9.46889316189744e-05,0.06909237712183525
agent,momentum_dispersion,2023,2019-2025,2023-03-30T00:00:00+01:00,0,60,0.010710353457456488,0.01661545361457578,0.00047484732979874894,0.0005400216162195787,6.524167883043648e-05,0.012271748944286391
agent,momentum_dispersion,2023,2019-2025,2023-03-30T00:00:00+01:00,1,59,0.016714665771445314,0.01945039549737075,-0.0008612521140789254,-0.0007948759889080064,6.635274523725848e-05,0.015800940322364957
agent,momentum_dispersion,2023,2019-2025,2023-03-30T00:00:00+01:00,2,59,0.019525640813938584,0.030386432586082295,-0.00015708665918109992,-9.551099614663862e-05,6.156887681580703e-05,0.018362851831923717
agent,momentum_dispersion,2024,2019-2025,2024-03-28T00:00:00+00:00,0,60,0.0058527968772764324,0.012659404922052845,0.0011224891128834402,0.0012062266541910441,8.388128445936469e-05,0.021136032060961502
agent,momentum_dispersion,2024,2019-2025,2024-03-28T00:00:00+00:00,1,60,0.012851469101243986,0.016192256434405746,0.0006923890564276453,0.0007790120641415076,8.680168778667483e-05,0.019238694649290185
agent,momentum_dispersion,2024,2019-2025,2024-03-28T00:00:00+00:00,2,59,0.01625010679502489,0.02494516180105558,0.00021572798413633834,0.00030441974541563596,8.870062213533216e-05,0.029203773114867947
agent,momentum_dispersion,2025,2019-2025,2025-04-01T00:00:00+01:00,0,58,0.004425868529005377,0.010661869968476756,0.0015001388461620432,0.0015824822904875646,8.249528869050529e-05,0.010056701698534754
agent,momentum_dispersion,2025,2019-2025,2025-04-01T00:00:00+01:00,1,58,0.010715822747431896,0.01475735724864246,-5.604076628629361e-05,1.9647216732959826e-05,7.570838195119943e-05,0.011268722892682239
agent,momentum_dispersion,2025,2019-2025,2025-04-01T00:00:00+01:00,2,58,0.014819088142250733,0.04383487777116185,0.0014547026775150013,0.001533208547993581,7.867235786281763e-05,0.01462175266750938
agent,carry_dispersion,2009,2009-2018,2009-04-03T00:00:00+01:00,0,89,0.012183736908684446,0.01254952186249035,-0.00030073435546196865,-0.00019554013584724308,0.00010498989700381432,0.08145111630450233
agent,carry_dispersion,2009,2009-2018,2009-04-03T00:00:00+01:00,1,48,0.012852436076618623,0.01369379800942843,-0.0005272736896968044,-0.00040848996537304626,0.00011934251339244184,0.08191629934337218
agent,carry_dispersion,2009,2009-2018,2009-04-03T00:00:00+01:00,2,39,0.013789266426783811,0.01401964782675607,-0.0021243153258292576,-0.002011566486167453,0.00011200525521653449,0.13705187468932933
agent,carry_dispersion,2010,2009-2018,2010-03-31T00:00:00+01:00,0,65,0.014940837594977694,0.015726571548033273,0.0012599255016734624,0.0013408618663711127,8.098051370866431e-05,0.06053491417771459
agent,carry_dispersion,2010,2009-2018,2010-03-31T00:00:00+01:00,1,47,0.016266113888045525,0.016670248533921017,0.00020535858175437842,0.0002941230786910265,8.883083760837666e-05,0.018850304860855566
agent,carry_dispersion,2010,2009-2018,2010-03-31T00:00:00+01:00,2,66,0.016682351513670486,0.017145470530681547,0.00010268454670155078,0.00019163345106300682,8.899261065726354e-05,0.025158657719128102
agent,carry_dispersion,2011,2009-2018,2011-03-31T00:00:00+01:00,0,46,0.01574042658020627,0.015982657617068192,0.0017794389423065066,0.0018644427272268478,8.498306784614833e-05,0.020796164185374628
agent,carry_dispersion,2011,2009-2018,2011-03-31T00:00:00+01:00,1,79,0.016073447225812672,0.016204091317360402,0.0011300078713662425,0.001201884370726936,7.207020769365349e-05,0.02313055003990014
agent,carry_dispersion,2011,2009-2018,2011-03-31T00:00:00+01:00,2,51,0.016273478158133767,0.016522566668705933,0.0011244101793691148,0.0012044136424922047,8.023493552038081e-05,0.03000971135078339
agent,carry_dispersion,2012,2009-2018,2012-03-29T00:00:00+01:00,0,67,0.01177624210470512,0.012574992420875846,0.0038516778817547018,0.003968064385229599,0.00011696253553360282,0.019935674777109644
agent,carry_dispersion,2012,2009-2018,2012-03-29T00:00:00+01:00,1,66,0.01265504916301626,0.01397377450527733,-0.0009652338666318943,-0.0008551306886664334,0.00010968556724565169,0.026678921580273546
agent,carry_dispersion,2012,2009-2018,2012-03-29T00:00:00+01:00,2,45,0.014643721013581301,0.014908450560279394,0.0026174978337175484,0.0027415453610307636,0.00012459111468129385,0.04012119689301651
agent,carry_dispersion,2013,2009-2018,2013-04-01T00:00:00+01:00,0,68,0.010475689186695678,0.010847134689196933,0.0006821603308244146,0.0008184851537257261,0.00013658238496908748,0.03240464089621938
agent,carry_dispersion,2013,2009-2018,2013-04-01T00:00:00+01:00,1,64,0.01096646536561525,0.01135244033043613,0.003088221186961942,0.0032140220289261297,0.00012633672415003275,0.04205069912761748
agent,carry_dispersion,2013,2009-2018,2013-04-01T00:00:00+01:00,2,45,0.011438221787956414,0.01151600462282144,0.002995549507253411,0.0030900251988415814,9.51892989217213e-05,0.011680133144202232
agent,carry_dispersion,2014,2009-2018,2014-03-31T00:00:00+01:00,0,65,0.011088147625995574,0.012002831903299338,0.0001714400661075499,0.00029874955103924734,0.00012719102295275013,0.015016124765698219
agent,carry_dispersion,2014,2009-2018,2014-03-31T00:00:00+01:00,1,66,0.01240125848894044,0.01323220749177565,0.0005197770644221726,0.0006337076979853037,0.00011399313755556202,0.029243045907842363
agent,carry_dispersion,2014,2009-2018,2014-03-31T00:00:00+01:00,2,48,0.01328083301104776,0.013525187036481312,-0.0003799493370459717,-0.00025538699288223137,0.0001245007781873577,0.04682667935059218
agent,carry_dispersion,2015,2009-2018,2015-03-31T00:00:00+01:00,0,70,0.012100576082702978,0.012739611696768002,0.0005634531906997421,0.0006770313951550866,0.00011355068812848704,0.031062690401897377
agent,carry_dispersion,2015,2009-2018,2015-03-31T00:00:00+01:00,1,64,0.013115522655994468,0.01378619346564933,-0.0037485104229714513,-0.0036232462825220866,0.00012433914780633982,0.0983364894231012
agent,carry_dispersion,2015,2009-2018,2015-03-31T00:00:00+01:00,2,45,0.01388713245648661,0.013934852330826664,-0.0009153152627857992,-0.0007926836526590812,0.00012225372515872935,0.07769978428764815
agent,carry_dispersion,2016,2009-2018,2016-03-30T00:00:00+01:00,0,67,0.010360015073812949,0.010920164601337738,0.0017942245208105916,0.0018683112335890692,7.423224245851517e-05,0.009136693238360988
agent,carry_dispersion,2016,2009-2018,2016-03-30T00:00:00+01:00,1,77,0.010949015789906189,0.011532546240133081,-0.001450329482749124,-0.0013779809928227975,7.216035329901283e-05,0.04946824367382985
agent,carry_dispersion,2016,2009-2018,2016-03-30T00:00:00+01:00,2,34,0.011635705664564821,0.012007091631454523,-0.00024739835995973977,-0.00019096014909214862,5.6443048149151016e-05,0.02537037044235134
agent,carry_dispersion,2017,2009-2018,2017-03-30T00:00:00+01:00,0,86,0.009918053356897476,0.010052799044412261,-0.000880712930144133,-0.0008037567906593959,7.685253447873228e-05,0.021282855994780952
agent,carry_dispersion,2017,2009-2018,2017-03-30T00:00:00+01:00,1,64,0.010119007546796488,0.010172182277738334,-7.320107550147891e-05,1.7183035197330498e-05,9.035003938776806e-05,0.020047816543573228
agent,carry_dispersion,2017,2009-2018,2017-03-30T00:00:00+01:00,2,26,0.010265932018324217,0.010408623638943779,0.0008888620652787537,0.0009897107794295255,0.0001010261696001522,0.0175765887116454
agent,carry_dispersion,2018,2009-2018,2018-03-29T00:00:00+01:00,0,66,0.010556506981120498,0.011235426214539752,0.0018847437205113265,0.002003504092852715,0.00011907221737269355,0.016122590755163604
agent,carry_dispersion,2018,2009-2018,2018-03-29T00:00:00+01:00,1,66,0.011302955674589022,0.011461815516209686,0.00043859364692053546,0.0005561584694650039,0.00011774856196823376,0.02680955403298608
agent,carry_dispersion,2018,2009-2018,2018-03-29T00:00:00+01:00,2,47,0.011488594584892889,0.012015726009777824,0.0029857966571054427,0.003094810839466222,0.00010943989070663352,0.02105170645782656
agent,carry_dispersion,2019,2019-2025,2019-03-29T00:00:00+00:00,0,48,0.010263052587682467,0.010527166167141423,-9.771281741484184e-05,-3.432036237527989e-05,6.33900092890308e-05,0.016875588481957592
agent,carry_dispersion,2019,2019-2025,2019-03-29T00:00:00+00:00,1,86,0.01117135422065058,0.011561848813199247,-0.0013718326671079693,-0.0013036169456867484,6.812298893001925e-05,0.034528526390448316
agent,carry_dispersion,2019,2019-2025,2019-03-29T00:00:00+00:00,2,44,0.011722954150064527,0.012097518684442178,0.0003668123644514257,0.0004381320050368882,7.13310185962753e-05,0.007921648556011645
agent,carry_dispersion,2020,2019-2025,2020-03-30T00:00:00+01:00,0,70,0.0034314329087971667,0.003505917582470455,-0.0017124902032459003,-0.001622014874993741,9.031581218221159e-05,0.03595935470816413
agent,carry_dispersion,2020,2019-2025,2020-03-30T00:00:00+01:00,1,65,0.0035062933093769617,0.004754593515388679,-0.00026338981743346564,-0.00017550551774710293,8.786571667846093e-05,0.03160375073062362
agent,carry_dispersion,2020,2019-2025,2020-03-30T00:00:00+01:00,2,45,0.006610642401472193,0.009718984570744164,-0.00022556425360068384,-0.00015273089033413946,7.289806389991328e-05,0.028843175206924945
agent,carry_dispersion,2021,2019-2025,2021-03-31T00:00:00+01:00,0,86,0.003473135377728475,0.003653604853806826,0.0006664227610670764,0.0007542325040979601,8.78756264703357e-05,0.00918847395838185
agent,carry_dispersion,2021,2019-2025,2021-03-31T00:00:00+01:00,1,45,0.0036769576062869115,0.0037298929246342752,-0.0006543351216423267,-0.0005608920159611039,9.342087462984108e-05,0.04058555322096659
agent,carry_dispersion,2021,2019-2025,2021-03-31T00:00:00+01:00,2,47,0.004081744034271706,0.00486240883582616,-0.0015234330453637141,-0.0014401275849289094,8.312214073449031e-05,0.02982999751643796
agent,carry_dispersion,2022,2019-2025,2022-03-31T00:00:00+01:00,0,65,0.006230226305999661,0.008492604769633549,-0.001708637621372303,-0.0016031599337441513,0.00010517686460898668,0.08041208850227577
agent,carry_dispersion,2022,2019-2025,2022-03-31T00:00:00+01:00,1,66,0.009328928303642679,0.01191884656845954,0.0018155581985326076,0.0019058960097889553,9.04295523535949e-05,0.013320056387547151
agent,carry_dispersion,2022,2019-2025,2022-03-31T00:00:00+01:00,2,46,0.012130006199910113,0.01350253636480008,0.001305148487202365,0.0013917723933466594,8.658045306950501e-05,0.03239492329226289
agent,carry_dispersion,2023,2019-2025,2023-03-30T00:00:00+01:00,0,55,0.011195601050965153,0.012106792297044809,-0.001174908169414309,-0.0011128058935183198,6.203559112018428e-05,0.02625130449379818
agent,carry_dispersion,2023,2019-2025,2023-03-30T00:00:00+01:00,1,80,0.012208750278136846,0.012318228566777518,0.00024172704554069587,0.00030596638625339176,6.428604700859831e-05,0.008686427721723133
agent,carry_dispersion,2023,2019-2025,2023-03-30T00:00:00+01:00,2,43,0.0124182946045874,0.013029874393509087,0.0003183869265142975,0.0003859413511206262,6.760546880602449e-05,0.01426122578752243
agent,carry_dispersion,2024,2019-2025,2024-03-28T00:00:00+00:00,0,67,0.011805362591916719,0.012317154242886466,0.0013912499628810347,0.0014840741789273549,9.305568642529074e-05,0.02257326810380241
agent,carry_dispersion,2024,2019-2025,2024-03-28T00:00:00+00:00,1,46,0.012341427783919105,0.01283794517223524,0.001521434551040077,0.0016008495773649784,7.949723160953435e-05,0.0248466672440433
agent,carry_dispersion,2024,2019-2025,2024-03-28T00:00:00+00:00,2,66,0.012974223774044611,0.01321692633754353,-0.0006299862975479361,-0.0005454085222340328,8.458653630627133e-05,0.02257803879108419
agent,carry_dispersion,2025,2019-2025,2025-04-01T00:00:00+01:00,0,48,0.01358222720126827,0.013855731518717048,0.001304026020009711,0.001382221533895658,7.82579207771791e-05,0.01002631298023559
agent,carry_dispersion,2025,2019-2025,2025-04-01T00:00:00+01:00,1,62,0.01394341755835994,0.01413381559547564,0.0021198251102165317,0.0021991169070633447,7.955728982008678e-05,0.00965282689216986
agent,carry_dispersion,2025,2019-2025,2025-04-01T00:00:00+01:00,2,64,0.014148010184195429,0.014312367606646257,-0.00040456190414418016,-0.0003256605416015764,7.890433573613001e-05,0.01570621860375453
agent,trend_reversal_proxy,2009,2009-2018,2009-04-03T00:00:00+01:00,0,59,-0.39404842326599765,-0.12166959370361007,-0.0013543245290897924,-0.0012378534407653315,0.00011638659688629582,0.07529279607720585
agent,trend_reversal_proxy,2009,2009-2018,2009-04-03T00:00:00+01:00,1,59,-0.12031903590323247,-0.011047073934272013,-0.0004823015211776831,-0.00037683106867462393,0.00010541103667197481,0.10990048554493762
agent,trend_reversal_proxy,2009,2009-2018,2009-04-03T00:00:00+01:00,2,58,-0.009505531957229649,0.25291496506539163,-0.0004579630255710653,-0.0003481947815842075,0.00010956355258075103,0.09654743477172328
agent,trend_reversal_proxy,2010,2009-2018,2010-03-31T00:00:00+01:00,0,60,-0.36313573587400316,-0.13438260603310276,0.0031450990232241394,0.003232197935725539,8.74724724722715e-05,0.02005183968853588
agent,trend_reversal_proxy,2010,2009-2018,2010-03-31T00:00:00+01:00,1,59,-0.13096011022591802,0.031941249967134086,-0.003003034686837929,-0.0029188449267320248,8.3804037713595e-05,0.04828832400606134
agent,trend_reversal_proxy,2010,2009-2018,2010-03-31T00:00:00+01:00,2,59,0.03329146719864624,0.35801654794924986,0.0014711406129410604,0.0015577557341765454,8.677133031521835e-05,0.04117090952210748
agent,trend_reversal_proxy,2011,2009-2018,2011-03-31T00:00:00+01:00,0,59,-0.4752551998923262,-0.27910247990832715,0.00018900738464178732,0.00026092342835186416,7.200802222132366e-05,0.03051295858362213
agent,trend_reversal_proxy,2011,2009-2018,2011-03-31T00:00:00+01:00,1,59,-0.277296741586976,-0.061651200192689985,-0.0002766179057831906,-0.0002005180533906338,7.606389653946197e-05,0.024531394680708037
agent,trend_reversal_proxy,2011,2009-2018,2011-03-31T00:00:00+01:00,2,58,-0.06075886444476737,0.19222665300357022,0.004028254363434485,0.004113351885935393,8.549148333404343e-05,0.01839336968920374
agent,trend_reversal_proxy,2012,2009-2018,2012-03-29T00:00:00+01:00,0,60,-0.4916825686426574,-0.26068050267925613,0.0021666725122983133,0.002276137358724516,0.00010991417050659068,0.017476449307215
agent,trend_reversal_proxy,2012,2009-2018,2012-03-29T00:00:00+01:00,1,59,-0.25973302602669407,-0.026140601908754647,0.0018541561347656663,0.0019730929318019365,0.00011937202127677207,0.04092939070469345
agent,trend_reversal_proxy,2012,2009-2018,2012-03-29T00:00:00+01:00,2,59,-0.02121071334860214,0.38013605324294797,0.00123303089335723,0.0013527204255084353,0.00011939894904911242,0.024381896348141165
agent,trend_reversal_proxy,2013,2009-2018,2013-04-01T00:00:00+01:00,0,59,-0.4157945390201736,-0.15306353504036405,0.0045097247339412954,0.004622927643295796,0.00011397757743353236,0.012964576809270476
agent,trend_reversal_proxy,2013,2009-2018,2013-04-01T00:00:00+01:00,1,59,-0.14435691129864328,-0.03198720271922431,0.00031035006323781617,0.00043822148708689196,0.00012798752253008396,0.035810923483548966
agent,trend_reversal_proxy,2013,2009-2018,2013-04-01T00:00:00+01:00,2,59,-0.02817403634103108,0.3068812673032833,0.0016008198856688198,0.001725385348473123,0.00012509711995125668,0.043095115242765936
agent,trend_reversal_proxy,2014,2009-2018,2014-03-31T00:00:00+01:00,0,60,-0.3461244046525027,-0.04993799999315617,0.00014532514586099038,0.00026881388963488563,0.00012347487018166492,0.02364288679208121
agent,trend_reversal_proxy,2014,2009-2018,2014-03-31T00:00:00+01:00,1,60,-0.04985831838971761,0.07133958935323308,0.00021757875078509396,0.0003355979572056997,0.00011807901704731746,0.03358947276106421
agent,trend_reversal_proxy,2014,2009-2018,2014-03-31T00:00:00+01:00,2,59,0.07697522415377635,0.28980166278654196,9.215404359122798e-05,0.00021559563416608261,0.00012328419813305218,0.029149630090299663
agent,trend_reversal_proxy,2015,2009-2018,2015-03-31T00:00:00+01:00,0,60,-0.34821029004244064,-0.0960970987843592,-0.002250557947373109,-0.0021246436160352413,0.00012527229158009433,0.08136924188401087
agent,trend_reversal_proxy,2015,2009-2018,2015-03-31T00:00:00+01:00,1,60,-0.08570182530230824,0.20527812734327347,0.001084656899115939,0.001198892765746435,0.00011410718391082079,0.07006964182758188
agent,trend_reversal_proxy,2015,2009-2018,2015-03-31T00:00:00+01:00,2,59,0.2058052105318693,0.458032485092802,-0.002910136739849521,-0.002790191148693014,0.00011940513103877555,0.048781032567116855
agent,trend_reversal_proxy,2016,2009-2018,2016-03-30T00:00:00+01:00,0,60,-0.3799443589865655,-0.11172773647502796,0.0010983058333153626,0.0011652367446774925,6.703348077938745e-05,0.02843293333750226
agent,trend_reversal_proxy,2016,2009-2018,2016-03-30T00:00:00+01:00,1,59,-0.10891795596557662,0.009179880095675875,0.00031887264105065016,0.000392417818959707,7.346832095103384e-05,0.032318642773892785
agent,trend_reversal_proxy,2016,2009-2018,2016-03-30T00:00:00+01:00,2,59,0.010779410433468138,0.1596412358655748,-0.001433656056557867,-0.001364189573988018,6.936154750748129e-05,0.028322540355681707
agent,trend_reversal_proxy,2017,2009-2018,2017-03-30T00:00:00+01:00,0,59,-0.3675115839552975,-0.17978922447639456,0.0006211260953543907,0.0007074467611458916,8.638001974727635e-05,0.013443628721067656
agent,trend_reversal_proxy,2017,2009-2018,2017-03-30T00:00:00+01:00,1,59,-0.17889274053668355,-0.0889765827519555,-0.0012419087595140171,-0.0011590160644841005,8.279266488235367e-05,0.0234938538309274
agent,trend_reversal_proxy,2017,2009-2018,2017-03-30T00:00:00+01:00,2,58,-0.08339976529439151,0.18337089720374905,-0.0003567170679624919,-0.0002697982858958082,8.684849142144686e-05,0.023983891556464153
agent,trend_reversal_proxy,2018,2009-2018,2018-03-29T00:00:00+01:00,0,60,-0.3411332681648996,-0.13459484216105574,0.0015123601126193257,0.0016232046608182977,0.00011111252637886862,0.013075476603301708
agent,trend_reversal_proxy,2018,2009-2018,2018-03-29T00:00:00+01:00,1,60,-0.1314231659843661,0.013466022252828383,0.004271705567230498,0.004382798521100446,0.00011166067106839998,0.017042348389222015
agent,trend_reversal_proxy,2018,2009-2018,2018-03-29T00:00:00+01:00,2,59,0.013662882394840654,0.2834310924267342,-0.0009045971467208589,-0.0007790907177498763,0.0001255500754724892,0.03416749593193737
agent,trend_reversal_proxy,2019,2019-2025,2019-03-29T00:00:00+00:00,0,60,-0.4851882543293251,-0.13126732854965228,-0.0009859148614949104,-0.0009222485436082887,6.362410369508393e-05,0.03641353083562158
agent,trend_reversal_proxy,2019,2019-2025,2019-03-29T00:00:00+00:00,1,59,-0.12902178697314526,-0.013753849832546416,-4.213302950618925e-05,2.9541488920936388e-05,7.165066011867963e-05,0.023547460559797524
agent,trend_reversal_proxy,2019,2019-2025,2019-03-29T00:00:00+00:00,2,59,-0.012889329301621158,0.46893766262629055,-0.0007608023752673774,-0.0006930281649370958,6.771232446413749e-05,0.009388508983248884
agent,trend_reversal_proxy,2020,2019-2025,2020-03-30T00:00:00+01:00,0,60,-0.3158219056748973,-0.13471374129801575,-0.00035920745716029346,-0.0002829855580867088,7.625579453654977e-05,0.027223094534547174
agent,trend_reversal_proxy,2020,2019-2025,2020-03-30T00:00:00+01:00,1,60,-0.13015153836047177,0.0882082316946738,-0.0020531753851296417,-0.0019667713274769123,8.624564318408821e-05,0.03735573564148608
agent,trend_reversal_proxy,2020,2019-2025,2020-03-30T00:00:00+01:00,2,60,0.08908873620510013,0.32768956483438505,-4.003455391704797e-05,5.272705276095693e-05,9.272841748520982e-05,0.033243528346860854
agent,trend_reversal_proxy,2021,2019-2025,2021-03-31T00:00:00+01:00,0,60,-0.38184128867422756,-0.022523679350652186,0.0006158265260689894,0.0007046485911965034,8.890492864723742e-05,0.009160909340217339
agent,trend_reversal_proxy,2021,2019-2025,2021-03-31T00:00:00+01:00,1,59,-0.01535307094102269,0.12574549325148246,0.00037503267300841427,0.0004569548239745588,8.193719391196561e-05,0.008137386192704448
agent,trend_reversal_proxy,2021,2019-2025,2021-03-31T00:00:00+01:00,2,59,0.12751777784197713,0.4344032135566832,-0.001742552464845194,-0.001649176134640221,9.321006253682282e-05,0.05065776598058166
agent,trend_reversal_proxy,2022,2019-2025,2022-03-31T00:00:00+01:00,0,59,-0.28532701532426075,-0.036955439531731124,-0.0018641340076981127,-0.0017599536350578317,0.00010390502878213362,0.061106854778860575
agent,trend_reversal_proxy,2022,2019-2025,2022-03-31T00:00:00+01:00,1,59,-0.03500772397989834,0.11454750778463717,0.0010907301254969753,0.0011817047879756984,9.09938390326981e-05,0.03640114696751272
agent,trend_reversal_proxy,2022,2019-2025,2022-03-31T00:00:00+01:00,2,59,0.11458621490059602,0.4740659831634752,0.0019395433080530218,0.002029185644482939,8.963583550921282e-05,0.031239048180239072
agent,trend_reversal_proxy,2023,2019-2025,2023-03-30T00:00:00+01:00,0,60,-0.44282793414154314,-0.053834624429016466,0.00012609861546929193,0.00019316659933053752,6.712205864472865e-05,0.011913668304267828
agent,trend_reversal_proxy,2023,2019-2025,2023-03-30T00:00:00+01:00,1,59,-0.05351687558727302,0.05820611487807117,-0.00030120295862792057,-0.00023943078958581118,6.173137808332326e-05,0.009235028227647374
agent,trend_reversal_proxy,2023,2019-2025,2023-03-30T00:00:00+01:00,2,59,0.06087047390848755,0.26206775823028106,-0.00036247610514452143,-0.0002982222799884526,6.427799331114001e-05,0.025292913730050007
agent,trend_reversal_proxy,2024,2019-2025,2024-03-28T00:00:00+00:00,0,60,-0.4031696395560294,-0.11850612625854841,-0.00025142461807233884,-0.0001668133921460988,8.461288705052691e-05,0.02346700092799945
agent,trend_reversal_proxy,2024,2019-2025,2024-03-28T00:00:00+00:00,1,60,-0.1182106174461122,0.0360349881002907,0.002028414893657795,0.002117023746207825,8.888640342278737e-05,0.023228083028121963
agent,trend_reversal_proxy,2024,2019-2025,2024-03-28T00:00:00+00:00,2,59,0.04632763635286599,0.3091200849508284,0.0002542580455522329,0.0003400418107757972,8.583656970081544e-05,0.022776291169915686
agent,trend_reversal_proxy,2025,2019-2025,2025-04-01T00:00:00+01:00,0,58,-0.42005892153827223,-0.21378928143855438,0.0003900015389624519,0.0004668523975381954,7.686123120984535e-05,0.007320658332900551
agent,trend_reversal_proxy,2025,2019-2025,2025-04-01T00:00:00+01:00,1,58,-0.20959751672357757,0.0025491115324278732,0.00035063522400164917,0.0004293366920806503,7.871870061421198e-05,0.0176271026244338
agent,trend_reversal_proxy,2025,2019-2025,2025-04-01T00:00:00+01:00,2,58,0.007056763926247841,0.3356613532349312,0.0021581639944266494,0.0022391489655952594,8.129609668046503e-05,0.01099941630139202
agent,decision_gross_exposure,2009,2009-2018,2009-04-03T00:00:00+01:00,0,59,0.0,2.151972482394702,-0.0037302934811155332,-0.0036424981631217198,8.73921778337502e-05,0.10966963325000625
agent,decision_gross_exposure,2009,2009-2018,2009-04-03T00:00:00+01:00,1,59,2.1877566809951765,3.2510449243856034,0.002289364892995591,0.0024009177294544793,0.00011171316318407067,0.08252002380571095
agent,decision_gross_exposure,2009,2009-2018,2009-04-03T00:00:00+01:00,2,58,3.266141276836594,5.229278254750745,-0.000860482857755624,-0.0007277316862495567,0.000132647091544312,0.08943043217550173
agent,decision_gross_exposure,2010,2009-2018,2010-03-31T00:00:00+01:00,0,60,0.0,1.3440996671706404,0.0009369209038290085,0.0010063832165450395,6.956031041151078e-05,0.03617308655817724
agent,decision_gross_exposure,2010,2009-2018,2010-03-31T00:00:00+01:00,1,59,1.3499851518153965,1.952561583510792,-0.0016688644917966329,-0.0015855427538001244,8.321140187904744e-05,0.03961641938867683
agent,decision_gross_exposure,2010,2009-2018,2010-03-31T00:00:00+01:00,2,59,1.9576528194836,4.7753191070834236,0.0023825752850812542,0.0024879939536315934,0.00010557972417765816,0.03344832579748385
agent,decision_gross_exposure,2011,2009-2018,2011-03-31T00:00:00+01:00,0,59,0.0,1.0959465950091107,-0.0008406636592925665,-0.0007767555045339617,6.384048861945352e-05,0.03054614444474777
agent,decision_gross_exposure,2011,2009-2018,2011-03-31T00:00:00+01:00,1,59,1.0971915827902206,1.8235417116602979,0.0013414245839020317,0.0014266260854716223,8.537269514326621e-05,0.025888934063871303
agent,decision_gross_exposure,2011,2009-2018,2011-03-31T00:00:00+01:00,2,58,1.8446454976666553,3.6986995955523954,0.0034297385824120495,0.003513723486752472,8.433054134931734e-05,0.01697866642346158
agent,decision_gross_exposure,2012,2009-2018,2012-03-29T00:00:00+01:00,0,60,0.0,1.8704885431806348,0.0025604090281996215,0.0026700348326604856,0.00011007808726420826,0.023142789694725763
agent,decision_gross_exposure,2012,2009-2018,2012-03-29T00:00:00+01:00,1,59,1.8837329006915944,2.808387056541533,0.00046788241300704396,0.0005720193765428346,0.00010413363544723,0.02555999944860783
agent,decision_gross_exposure,2012,2009-2018,2012-03-29T00:00:00+01:00,2,59,2.8754677966139885,5.082096552607102,0.0022188945989450306,0.0023532202784597705,0.00013447063987090778,0.03398890754913111
agent,decision_gross_exposure,2013,2009-2018,2013-04-01T00:00:00+01:00,0,59,0.0,1.9104604549993278,0.0012290725732801383,0.0013207537384362698,9.200806269427881e-05,0.024960896301544175
agent,decision_gross_exposure,2013,2009-2018,2013-04-01T00:00:00+01:00,1,59,1.9404379778185914,3.243297116570898,0.005215840692157814,0.005332659807202344,0.00011747108590308955,0.032220331873015436
agent,decision_gross_exposure,2013,2009-2018,2013-04-01T00:00:00+01:00,2,59,3.2506624535557456,5.232391069253196,-2.4018582590022353e-05,0.00013312093321719699,0.00015758307131750462,0.03468938736102577
agent,decision_gross_exposure,2014,2009-2018,2014-03-31T00:00:00+01:00,0,60,0.0,2.120838146063198,-0.00015445488375073743,-5.5758928939971424e-05,9.867099931724109e-05,0.028244868414048645
agent,decision_gross_exposure,2014,2009-2018,2014-03-31T00:00:00+01:00,1,60,2.1223026831343024,3.2830587795109487,-0.0008220353454842112,-0.0006932759951383011,0.00012856615456863777,0.01625890441341016
agent,decision_gross_exposure,2014,2009-2018,2014-03-31T00:00:00+01:00,2,59,3.2936809210191296,5.113328093693104,0.001454249764826177,0.0015919821808632268,0.0001378435879734964,0.04209395557404876
agent,decision_gross_exposure,2015,2009-2018,2015-03-31T00:00:00+01:00,0,60,0.0,2.17891889559806,0.0007061090879336549,0.0007930010842445732,8.694364788220246e-05,0.028017339773868652
agent,decision_gross_exposure,2015,2009-2018,2015-03-31T00:00:00+01:00,1,60,2.208567772805014,3.7805218332121338,-0.00022279239651011798,-0.00010645612593926565,0.00011632358057225957,0.08280989990816084
agent,decision_gross_exposure,2015,2009-2018,2015-03-31T00:00:00+01:00,2,59,3.7964921186129335,5.855710709295478,-0.004587307322575663,-0.004429814004890419,0.00015612945005889732,0.09008100954633375
agent,decision_gross_exposure,2016,2009-2018,2016-03-30T00:00:00+01:00,0,60,0.0,1.2840057458395928,-0.0015869464039623582,-0.0015237531814870859,6.308430802620229e-05,0.02425713123370875
agent,decision_gross_exposure,2016,2009-2018,2016-03-30T00:00:00+01:00,1,59,1.2978221050005845,1.8665089389905667,-0.0005421274767222888,-0.0004756024469815317,6.6438262922864e-05,0.03126165116962593
agent,decision_gross_exposure,2016,2009-2018,2016-03-30T00:00:00+01:00,2,59,1.8717688280163134,3.2929543656663127,0.0021581090482771606,0.002238396718561266,8.04077134202462e-05,0.03362611037058602
agent,decision_gross_exposure,2017,2009-2018,2017-03-30T00:00:00+01:00,0,59,0.0,1.681839279470962,-0.0002714020466547859,-0.00019476591838404265,7.659809114827374e-05,0.021060809970815872
agent,decision_gross_exposure,2017,2009-2018,2017-03-30T00:00:00+01:00,1,59,1.687191625326839,2.0932440232396976,-0.00043584671202128605,-0.0003482071761807419,8.758914891883964e-05,0.020632648591876832
agent,decision_gross_exposure,2017,2009-2018,2017-03-30T00:00:00+01:00,2,58,2.0935150133184917,4.004753922823131,-0.0002687601787130045,-0.00017681856723429195,9.191989192469653e-05,0.019145915959375166
agent,decision_gross_exposure,2018,2009-2018,2018-03-29T00:00:00+01:00,0,60,0.0,2.1926243539859303,0.00029975306229255635,0.0003977526945764155,9.808552024003931e-05,0.020378784435218702
agent,decision_gross_exposure,2018,2009-2018,2018-03-29T00:00:00+01:00,1,60,2.2120169682594475,3.032494819944324,0.0014192889651455647,0.001527634896070863,0.00010851177546651826,0.015954804578139716
agent,decision_gross_exposure,2018,2009-2018,2018-03-29T00:00:00+01:00,2,59,3.073967202363673,5.18355086297878,0.0032293252116639224,0.003370687849644833,0.000142000145039314,0.027846379978546144
agent,decision_gross_exposure,2019,2019-2025,2019-03-29T00:00:00+00:00,0,60,0.0,1.4627767614470137,-0.00010319373747465066,-4.03540760552677e-05,6.281640773473385e-05,0.0175781775061179
agent,decision_gross_exposure,2019,2019-2025,2019-03-29T00:00:00+00:00,1,59,1.4785930119653665,1.877491088181093,-0.0006378205830044232,-0.0005722294761531671,6.556770697324461e-05,0.026396269344565498
agent,decision_gross_exposure,2019,2019-2025,2019-03-29T00:00:00+00:00,2,59,1.8853787448774881,2.8723276110366887,-0.001062797320772797,-0.000988099031272844,7.461666333196243e-05,0.025694296804755826
agent,decision_gross_exposure,2020,2019-2025,2020-03-30T00:00:00+01:00,0,60,0.0,1.6873822209223317,0.00041665978483379636,0.0004828228740436131,6.620762514227991e-05,0.032231520874346976
agent,decision_gross_exposure,2020,2019-2025,2020-03-30T00:00:00+01:00,1,60,1.6909110833301189,2.2493220861604635,-0.002666316245123955,-0.002581876749772715,8.418407100979997e-05,0.03157288628354985
agent,decision_gross_exposure,2020,2019-2025,2020-03-30T00:00:00+01:00,2,60,2.269942312811428,3.45619278400285,-0.00020276093591682504,-9.797595707356147e-05,0.00010483815905376793,0.03401795136499729
agent,decision_gross_exposure,2021,2019-2025,2021-03-31T00:00:00+01:00,0,60,0.0,1.642598677410638,0.0011620618825320284,0.0012398339405755377,7.789345699307346e-05,0.011369834481756077
agent,decision_gross_exposure,2021,2019-2025,2021-03-31T00:00:00+01:00,1,59,1.6559755354582488,2.170169185823723,3.333549741902771e-06,9.328473258266151e-05,8.996093863797092e-05,0.020924879013508396
agent,decision_gross_exposure,2021,2019-2025,2021-03-31T00:00:00+01:00,2,59,2.174781715750837,3.384704115832807,-0.0019263469244224516,-0.0018297623307524265,9.638442457776394e-05,0.035623908609060354
agent,decision_gross_exposure,2022,2019-2025,2022-03-31T00:00:00+01:00,0,59,0.0,1.9615590042275506,0.0002172010629980794,0.00029006376420468154,7.290025784046084e-05,0.037937054165300986
agent,decision_gross_exposure,2022,2019-2025,2022-03-31T00:00:00+01:00,1,59,1.9648985019428815,2.5126530346401994,5.8404319840342726e-05,0.0001586409769525412,0.00010002570107297316,0.040839955378939974
agent,decision_gross_exposure,2022,2019-2025,2022-03-31T00:00:00+01:00,2,59,2.5155027339424163,5.117899480516008,0.0008905340430134625,0.0010022320562435834,0.00011160874441061055,0.049970040382371406
agent,decision_gross_exposure,2023,2019-2025,2023-03-30T00:00:00+01:00,0,60,0.0,1.3906677941053025,-0.00038117007669316393,-0.000323719790969833,5.743402665800501e-05,0.01888372587519199
agent,decision_gross_exposure,2023,2019-2025,2023-03-30T00:00:00+01:00,1,59,1.3934432909435028,1.7175152574022134,0.00042937824380687715,0.0004927242152402486,6.338871449769946e-05,0.013899651486406197
agent,decision_gross_exposure,2023,2019-2025,2023-03-30T00:00:00+01:00,2,59,1.7207725883709561,2.4812018968619904,-0.0005771908409734318,-0.0005047301082378641,7.247289281546583e-05,0.013540096331368306
agent,decision_gross_exposure,2024,2019-2025,2024-03-28T00:00:00+00:00,0,60,0.0,1.7735368387601738,-1.83855604499349e-05,6.124539068720038e-05,7.963855167846994e-05,0.028612402663699823
agent,decision_gross_exposure,2024,2019-2025,2024-03-28T00:00:00+00:00,1,60,1.7743710354532498,2.2217686901218943,0.000527812631496259,0.0006104300156916895,8.270793971263391e-05,0.024548766401755264
agent,decision_gross_exposure,2024,2019-2025,2024-03-28T00:00:00+00:00,2,59,2.2227877591491563,4.030567286108508,0.0015433053722021973,0.0016402468423176648,9.717839927594466e-05,0.01620061139771194
agent,decision_gross_exposure,2025,2019-2025,2025-04-01T00:00:00+01:00,0,58,0.0,1.4607069573139748,0.0005184116190128392,0.0005885404464485351,7.016740479972672e-05,0.012991695584861285
agent,decision_gross_exposure,2025,2019-2025,2025-04-01T00:00:00+01:00,1,58,1.4615507987268679,1.799492663737317,3.0484969145609584e-05,0.00010142482040455581,7.093945238188784e-05,0.01148689250644541
agent,decision_gross_exposure,2025,2019-2025,2025-04-01T00:00:00+01:00,2,58,1.8132127952335884,3.2642818561548155,0.002349904169232302,0.002445372788361015,9.57691713229078e-05,0.011468589167419677
agent,decision_turnover,2009,2009-2018,2009-04-03T00:00:00+01:00,0,59,0.185932207852602,0.4672316759824753,0.005921165438211602,0.006009385339054731,8.897734218268297e-05,0.08988226609833097
agent,decision_turnover,2009,2009-2018,2009-04-03T00:00:00+01:00,1,59,0.46766482293605804,0.9774974895408377,-0.0031855179690929237,-0.0030865806483523217,9.884029212313555e-05,0.08969678836306495
agent,decision_turnover,2009,2009-2018,2009-04-03T00:00:00+01:00,2,58,0.9798927367664874,3.2046659411862493,-0.005109068847015601,-0.00496391655414282,0.00014412941388927997,0.10225845895248367
agent,decision_turnover,2010,2009-2018,2010-03-31T00:00:00+01:00,0,60,0.2101607386721298,0.5422128550708294,-0.00031821771218166014,-0.00024621017481118415,7.188417770531164e-05,0.036839196714219265
agent,decision_turnover,2010,2009-2018,2010-03-31T00:00:00+01:00,1,59,0.5439203579444438,0.9912225753068924,0.002803834615461701,0.002881745897240162,7.824383233804455e-05,0.03499527261939848
agent,decision_turnover,2010,2009-2018,2010-03-31T00:00:00+01:00,2,59,0.9962570504285395,2.8471315698698163,-0.0008137116703018222,-0.0007054709095888056,0.00010818403884360934,0.037392072408075384
agent,decision_turnover,2011,2009-2018,2011-03-31T00:00:00+01:00,0,59,0.21376858034636825,0.6273719146847725,0.0021778157733948465,0.0022386303034970466,6.106389355705362e-05,0.026850630930690407
agent,decision_turnover,2011,2009-2018,2011-03-31T00:00:00+01:00,1,59,0.6451842561364174,1.084701744839549,0.0008530021876224373,0.0009287096289081164,7.58296258186923e-05,0.02339919162540958
agent,decision_turnover,2011,2009-2018,2011-03-31T00:00:00+01:00,2,58,1.0867611188441515,2.8495869748294353,0.0008560598729627162,0.0009528494912941514,9.686261374296313e-05,0.023270564719989614
agent,decision_turnover,2012,2009-2018,2012-03-29T00:00:00+01:00,0,60,0.19279317744076252,0.6676558529725298,0.0028380507251895303,0.00294082367485553,0.00010297599404437384,0.022022085352165932
agent,decision_turnover,2012,2009-2018,2012-03-29T00:00:00+01:00,1,59,0.6687396410852671,1.3032869091257453,0.0021188076433990783,0.0022138282755568514,9.542732077308203e-05,0.02760379224365083
agent,decision_turnover,2012,2009-2018,2012-03-29T00:00:00+01:00,2,59,1.3257093131542206,4.6726858471520245,0.00028562188008868347,0.00043603289585757344,0.00015039942222624332,0.03308481408550488
agent,decision_turnover,2013,2009-2018,2013-04-01T00:00:00+01:00,0,59,0.2631444223225117,0.7181168086826801,0.0006803317579147973,0.0007764858335091542,9.656032207641224e-05,0.02529733870722034
agent,decision_turnover,2013,2009-2018,2013-04-01T00:00:00+01:00,1,59,0.7190935909748077,1.1716409903019667,0.002119612391671388,0.00224204287932133,0.0001226978905901193,0.03137349989680053
agent,decision_turnover,2013,2009-2018,2013-04-01T00:00:00+01:00,2,59,1.1760146384364134,5.181504428386688,0.0036209505332617463,0.003768005766025327,0.0001478040072483415,0.03519977693156451
agent,decision_turnover,2014,2009-2018,2014-03-31T00:00:00+01:00,0,60,0.13184049686989885,0.7234980328939855,0.00180051466278869,0.0019055907973215545,0.0001051452428959128,0.036000954878067044
agent,decision_turnover,2014,2009-2018,2014-03-31T00:00:00+01:00,1,60,0.7249564547091722,1.224521858152002,-0.0011911312783285852,-0.0010847099958833097,0.00010632791193823734,0.02516905680661071
agent,decision_turnover,2014,2009-2018,2014-03-31T00:00:00+01:00,2,59,1.2398501746356487,4.177858041599393,-0.00015850306266031817,-4.542285763740302e-06,0.00015387477344983074,0.025145238092131192
agent,decision_turnover,2015,2009-2018,2015-03-31T00:00:00+01:00,0,60,0.14237672090530396,0.6016496662050486,-0.002285098738490189,-0.002170229544167523,0.00011441792358947873,0.08810233926319894
agent,decision_turnover,2015,2009-2018,2015-03-31T00:00:00+01:00,1,60,0.6073445021174848,0.9638441056013107,-0.0011241390014465793,-0.0010087891721699618,0.00011478698265012403,0.0643773899340669
agent,decision_turnover,2015,2009-2018,2015-03-31T00:00:00+01:00,2,59,0.9693522155284882,2.8753885067999363,-0.0006287773923787424,-0.0004987323018638472,0.0001297521506163813,0.047722545632534086
agent,decision_turnover,2016,2009-2018,2016-03-30T00:00:00+01:00,0,60,0.16752916760742664,0.4719724664464593,0.0011121861652964673,0.0011818770945115841,6.971388521637606e-05,0.0295973388574269
agent,decision_turnover,2016,2009-2018,2016-03-30T00:00:00+01:00,1,59,0.4751034379005432,0.661130977794528,-0.0010947372383425268,-0.0010250650720590804,6.95636837738086e-05,0.034043678314197225
agent,decision_turnover,2016,2009-2018,2016-03-30T00:00:00+01:00,2,59,0.6628893166780472,2.5838492261245847,-3.416176900988132e-05,3.6370927368980916e-05,7.054034966404015e-05,0.025413363608674248
agent,decision_turnover,2017,2009-2018,2017-03-30T00:00:00+01:00,0,59,0.28932490199804306,0.586743239313364,-3.682074321348919e-05,3.5199135590619685e-05,7.19964098379039e-05,0.019310722981223414
agent,decision_turnover,2017,2009-2018,2017-03-30T00:00:00+01:00,1,59,0.5887912213802338,0.8654132876545191,-0.0007203477335176416,-0.0006404115522246576,7.987085486668229e-05,0.019585359780707273
agent,decision_turnover,2017,2009-2018,2017-03-30T00:00:00+01:00,2,58,0.8657275587320328,3.8248897790908813,-0.00021797977586389292,-0.00011350615340522402,0.00010445228065554315,0.021991522377391697
agent,decision_turnover,2018,2009-2018,2018-03-29T00:00:00+01:00,0,60,0.26235974580049515,0.6502402961973676,0.0021569915787838403,0.00227450036397788,0.00011789882372345825,0.01713547858847334
agent,decision_turnover,2018,2009-2018,2018-03-29T00:00:00+01:00,1,60,0.6551568750903822,1.068770095705986,0.0008339461922940728,0.0009399045154480004,0.00010610706112120912,0.02499767844322772
agent,decision_turnover,2018,2009-2018,2018-03-29T00:00:00+01:00,2,59,1.0839194157160819,4.445294268429279,0.0019358719130471843,0.0020598228102089665,0.00012429649506835486,0.021948514197180746
agent,decision_turnover,2019,2019-2025,2019-03-29T00:00:00+00:00,0,60,0.16936286725103855,0.40361446561291814,-0.0007508016551409167,-0.0006855985203432783,6.514459403577764e-05,0.027537385449101188
agent,decision_turnover,2019,2019-2025,2019-03-29T00:00:00+00:00,1,59,0.4098782241344452,0.5856535496714059,-0.0012766127741530749,-0.0012146228109474768,6.19156239646668e-05,0.027716619391670156
agent,decision_turnover,2019,2019-2025,2019-03-29T00:00:00+00:00,2,59,0.5856654110102681,1.9366524764336646,0.00023457919342629473,0.0003104750943228322,7.5901099254733e-05,0.014245938680041047
agent,decision_turnover,2020,2019-2025,2020-03-30T00:00:00+01:00,0,60,0.15283756633289158,0.5790708502754569,-0.0008045690497206516,-0.0007322211646151321,7.23546382410273e-05,0.032816632469360923
agent,decision_turnover,2020,2019-2025,2020-03-30T00:00:00+01:00,1,60,0.5806558541953564,0.8186583556234837,0.0003497959650556949,0.0004337666697729654,8.401171293034625e-05,0.030367997957881816
agent,decision_turnover,2020,2019-2025,2020-03-30T00:00:00+01:00,2,60,0.8193005118519068,2.3797914125025272,-0.0019976443115420272,-0.001898575337960497,9.886350403447429e-05,0.03463772809565136
agent,decision_turnover,2021,2019-2025,2021-03-31T00:00:00+01:00,0,60,0.20226545818150043,0.6524974722415209,-0.0010245353400066093,-0.0009448184754681283,7.962666679853289e-05,0.03072718711392167
agent,decision_turnover,2021,2019-2025,2021-03-31T00:00:00+01:00,1,59,0.6571204774081707,0.9713136982172728,-0.00023735545366178543,-0.0001579664699044981,7.939283026760505e-05,0.019156248537981032
agent,decision_turnover,2021,2019-2025,2021-03-31T00:00:00+01:00,2,59,0.9915936375036836,3.2805263947229832,0.0005380002713934101,0.0006431692948299869,0.00010518994670528971,0.01770709572984304
agent,decision_turnover,2022,2019-2025,2022-03-31T00:00:00+01:00,0,59,0.22568012890405953,0.5958846264984459,-2.8511374194419225e-06,7.991782712956493e-05,8.264131118731621e-05,0.0392542943708778
agent,decision_turnover,2022,2019-2025,2022-03-31T00:00:00+01:00,1,59,0.5992377754300833,0.9133864287286997,0.003053388352144541,0.0031415236338987167,8.83204272470098e-05,0.04982007867784938
agent,decision_turnover,2022,2019-2025,2022-03-31T00:00:00+01:00,2,59,0.9161626597633585,2.121044953353703,-0.0018843977888732143,-0.0017705046636274748,0.00011357296488971852,0.03967267687788519
agent,decision_turnover,2023,2019-2025,2023-03-30T00:00:00+01:00,0,60,0.1861144108697772,0.39666252955794334,-0.0004908292856829486,-0.00043053985403961547,6.026332422478428e-05,0.015586476022108952
agent,decision_turnover,2023,2019-2025,2023-03-30T00:00:00+01:00,1,59,0.3967485995963216,0.5732134655117989,-0.00017280357159890966,-0.00011389215487688021,5.8900619069299033e-05,0.014496590610757344
agent,decision_turnover,2023,2019-2025,2023-03-30T00:00:00+01:00,2,59,0.5752464206889272,1.2797908931970596,0.0001365088140829834,0.00021051683449260244,7.408373648103989e-05,0.016296292650830418
agent,decision_turnover,2024,2019-2025,2024-03-28T00:00:00+00:00,0,60,0.27881424129009247,0.6287776064127684,6.109739696234575e-05,0.0001336696305319642,7.259800572896549e-05,0.024105850960473442
agent,decision_turnover,2024,2019-2025,2024-03-28T00:00:00+00:00,1,60,0.6295771501027048,0.8904867470264435,0.0011993378192569324,0.0012854697767792046,8.633068006139272e-05,0.02240642888608494
agent,decision_turnover,2024,2019-2025,2024-03-28T00:00:00+00:00,2,59,0.8926909438450821,2.2722292821854353,0.0007795682754161424,0.0008801139600136524,0.00010065413378517755,0.022962193654217075
agent,decision_turnover,2025,2019-2025,2025-04-01T00:00:00+01:00,0,58,0.21738756448030472,0.6151255210861564,0.0023832675565181403,0.0024516112426163352,6.859250736840652e-05,0.0099931589428727
agent,decision_turnover,2025,2019-2025,2025-04-01T00:00:00+01:00,1,58,0.620286654215306,0.8700546324253082,-0.00011878215462518539,-4.284109024885112e-05,7.596549777984361e-05,0.011757834605907857
agent,decision_turnover,2025,2019-2025,2025-04-01T00:00:00+01:00,2,58,0.8753029443323612,2.2732212292030454,0.0006343153554977961,0.0007265679028466219,9.231802335627222e-05,0.014196183709945817
rule,realized_market_volatility,2009,2009-2018,2009-04-03T00:00:00+01:00,0,59,0.006496760828182863,0.010179404572722405,-0.0006204860388804428,-0.0004904614841377236,0.00012981678381187553,0.04199659866605546
rule,realized_market_volatility,2009,2009-2018,2009-04-03T00:00:00+01:00,1,59,0.01018160408297832,0.01191076014803649,-9.797208509833017e-05,4.391125911940294e-05,0.0001420467709893587,0.01977584873124537
rule,realized_market_volatility,2009,2009-2018,2009-04-03T00:00:00+01:00,2,58,0.011920751687907504,0.014250924511547258,0.0016619458630929241,0.0018037163281671553,0.00014196177434088868,0.029622054917722147
rule,realized_market_volatility,2010,2009-2018,2010-03-31T00:00:00+01:00,0,60,0.003956388348836215,0.007507782950933347,0.0002920133847055809,0.0004368744098391535,0.00014497593067387354,0.027729078514945615
rule,realized_market_volatility,2010,2009-2018,2010-03-31T00:00:00+01:00,1,59,0.007508376762888985,0.009376040008881608,-0.00019070111653035396,-5.6573927626108775e-05,0.00013413900761663757,0.026567535638825277
rule,realized_market_volatility,2010,2009-2018,2010-03-31T00:00:00+01:00,2,59,0.00938633510984639,0.016559561714354652,-5.388399875024671e-05,7.233474286085904e-05,0.00012617777637298006,0.03238803631171047
rule,realized_market_volatility,2011,2009-2018,2011-03-31T00:00:00+01:00,0,59,0.005656486149899069,0.007016863316049727,-8.89642885777692e-05,4.195748962154383e-05,0.00013088019529892503,0.036154821574083014
rule,realized_market_volatility,2011,2009-2018,2011-03-31T00:00:00+01:00,1,59,0.007021702483301394,0.008630632906364122,0.0032133296045520764,0.0033588756062210394,0.000145799918977328,0.014392208286265267
rule,realized_market_volatility,2011,2009-2018,2011-03-31T00:00:00+01:00,2,58,0.00864243905265119,0.01127375053014757,0.00078058913598823,0.000936244250186057,0.00015583135317483152,0.018063764192712356
rule,realized_market_volatility,2012,2009-2018,2012-03-29T00:00:00+01:00,0,60,0.00354625500988168,0.005570504049901502,0.0006770270942107597,0.0008100327824491531,0.00013301173702024823,0.008144176590073002
rule,realized_market_volatility,2012,2009-2018,2012-03-29T00:00:00+01:00,1,59,0.0056082127599079564,0.00767192297986662,0.0006996574220166072,0.0008345314681418241,0.00013501898147947055,0.025618151531601532
rule,realized_market_volatility,2012,2009-2018,2012-03-29T00:00:00+01:00,2,59,0.007672357377243107,0.009169743232894437,-0.0021501012719804973,-0.0020222415801930353,0.00012761678042249013,0.03768833321627562
rule,realized_market_volatility,2013,2009-2018,2013-04-01T00:00:00+01:00,0,59,0.004155206697850036,0.005890713482100836,0.00028172610822646923,0.0004245466493868853,0.00014290424098900036,0.020363792586850962
rule,realized_market_volatility,2013,2009-2018,2013-04-01T00:00:00+01:00,1,59,0.005940342546695576,0.007881277327599504,0.00029371157254255573,0.00044063140379767594,0.00014688878905665123,0.022922365961868044
rule,realized_market_volatility,2013,2009-2018,2013-04-01T00:00:00+01:00,2,59,0.007884064881962657,0.012459210734386477,0.0012126703621011452,0.0013537895923741003,0.00014124275203640643,0.01727568526299257
rule,realized_market_volatility,2014,2009-2018,2014-03-31T00:00:00+01:00,0,60,0.001686730526278396,0.002238186800662908,-0.0008812045550787147,-0.0007439508593061105,0.0001371483012976741,0.017090567254685204
rule,realized_market_volatility,2014,2009-2018,2014-03-31T00:00:00+01:00,1,60,0.00224146137007667,0.004132616177278657,0.0009776988756419662,0.0011162782042624063,0.00013862623427830364,0.014261278692627203
rule,realized_market_volatility,2014,2009-2018,2014-03-31T00:00:00+01:00,2,59,0.004176154638897529,0.007041417020443608,-0.00021033560382907018,-8.373345012824789e-05,0.00012645795826615773,0.03473068442878596
rule,realized_market_volatility,2015,2009-2018,2015-03-31T00:00:00+01:00,0,60,0.0028542839347436657,0.003731946426023757,0.0005489656162996587,0.0006917368004321502,0.00014286780778454783,0.016440356810359918
rule,realized_market_volatility,2015,2009-2018,2015-03-31T00:00:00+01:00,1,60,0.0037563719895461266,0.005532053377973242,0.0010432593897880026,0.0011953921671450285,0.00015225244228116988,0.025077143610432635
rule,realized_market_volatility,2015,2009-2018,2015-03-31T00:00:00+01:00,2,59,0.005541350187380943,0.007469191271607056,-0.0002110639404974555,-8.152707709312665e-05,0.0001294845200707326,0.02105734971320227
rule,realized_market_volatility,2016,2009-2018,2016-03-30T00:00:00+01:00,0,60,0.003928392003454985,0.005073831428404696,0.000168091632502314,0.000297493032517444,0.0001294933139741018,0.015776998331066956
rule,realized_market_volatility,2016,2009-2018,2016-03-30T00:00:00+01:00,1,59,0.0050941354299158656,0.008861614057273197,0.0001424367227704698,0.0002808313555847881,0.00013833190620590518,0.03835804586244254
rule,realized_market_volatility,2016,2009-2018,2016-03-30T00:00:00+01:00,2,59,0.00898590994952886,0.013717638756875167,-0.0003496615353753873,-0.00022541785284220468,0.00012416943385642408,0.017439670417936846
rule,realized_market_volatility,2017,2009-2018,2017-03-30T00:00:00+01:00,0,59,0.003197365816040022,0.0042051684528466495,-0.0004500527208328444,-0.0003150303586818947,0.00013496184247111217,0.027451697004701875
rule,realized_market_volatility,2017,2009-2018,2017-03-30T00:00:00+01:00,1,59,0.00421065790946588,0.004867278066417882,-0.001330288803210797,-0.0011891939303160298,0.00014084113428604423,0.02782831857156253
rule,realized_market_volatility,2017,2009-2018,2017-03-30T00:00:00+01:00,2,58,0.004917340107028429,0.00585231939218697,0.0004720610483266978,0.0005915330848594515,0.00011953040403965045,0.009189867324617863
rule,realized_market_volatility,2018,2009-2018,2018-03-29T00:00:00+01:00,0,60,0.002915511766540914,0.004548720317890226,-0.0004914284337471147,-0.0003691824770000884,0.00012225942626571296,0.02010499907823021
rule,realized_market_volatility,2018,2009-2018,2018-03-29T00:00:00+01:00,1,60,0.00455746940137441,0.00497160521004199,-0.0014152305852670427,-0.001288782651965501,0.00012630567169161306,0.02058730368259579
rule,realized_market_volatility,2018,2009-2018,2018-03-29T00:00:00+01:00,2,59,0.004978895016085965,0.005812172570003842,9.238608634584265e-05,0.00022917758722327357,0.00013686450321269972,0.020525578829707108
rule,realized_market_volatility,2019,2019-2025,2019-03-29T00:00:00+00:00,0,60,0.0026789660395625478,0.0033663574408450575,-0.0009926271192843628,-0.0008651030554325006,0.00012741190951928968,0.020587636089345336
rule,realized_market_volatility,2019,2019-2025,2019-03-29T00:00:00+00:00,1,59,0.0033669557016865206,0.004028532842638582,0.0008475881484831647,0.0009923448077791529,0.0001449293919445021,0.012223803757488199
rule,realized_market_volatility,2019,2019-2025,2019-03-29T00:00:00+00:00,2,59,0.004034947158410472,0.006402239902777598,-0.0005426664095689512,-0.0004053990051990775,0.00013717590385139603,0.012758376658809772
rule,realized_market_volatility,2020,2019-2025,2020-03-30T00:00:00+01:00,0,60,0.0031363840388832012,0.0046234327489853705,0.0021482346960622757,0.0022929525894899295,0.00014508088709140921,0.012079649982161843
rule,realized_market_volatility,2020,2019-2025,2020-03-30T00:00:00+01:00,1,60,0.004623981318599298,0.006086553524467014,-0.0016884870507921645,-0.0015517720080968577,0.00013650440526055945,0.030763659265714418
rule,realized_market_volatility,2020,2019-2025,2020-03-30T00:00:00+01:00,2,60,0.006310879064607762,0.010743963606083654,0.0010448944690514448,0.0011749070900738971,0.00013017336670237084,0.02520859887411813
rule,realized_market_volatility,2021,2019-2025,2021-03-31T00:00:00+01:00,0,60,0.0024477885216367553,0.003826689851665985,7.639005023599616e-06,0.00015283935929747886,0.00014511982877332165,0.00913847679549667
rule,realized_market_volatility,2021,2019-2025,2021-03-31T00:00:00+01:00,1,59,0.0038273111141985993,0.004280753510903467,0.00173487518599083,0.0018851778715007035,0.0001506309119363756,0.009059943641998235
rule,realized_market_volatility,2021,2019-2025,2021-03-31T00:00:00+01:00,2,59,0.004288032695750378,0.005048558070038462,-0.0005396382439409355,-0.00040962375199058207,0.00012978172673193587,0.02130256454174792
rule,realized_market_volatility,2022,2019-2025,2022-03-31T00:00:00+01:00,0,59,0.004808440516289009,0.00601457829802052,-0.0004734824775703915,-0.00034920121547091324,0.0001241447670705145,0.03990972749844894
rule,realized_market_volatility,2022,2019-2025,2022-03-31T00:00:00+01:00,1,59,0.006014953197817504,0.007163985931817227,-0.0005754275824385962,-0.0004399400484384362,0.00013534969340473103,0.022764918603588327
rule,realized_market_volatility,2022,2019-2025,2022-03-31T00:00:00+01:00,2,59,0.007205677574660249,0.008989419077273608,0.0014404438955255502,0.00157990767323942,0.00013963866784873975,0.015121851139483099
rule,realized_market_volatility,2023,2019-2025,2023-03-30T00:00:00+01:00,0,60,0.0032675698066190113,0.004640872580537529,0.00043715904134154066,0.0005649427563870255,0.00012780465233621036,0.012444247612778382
rule,realized_market_volatility,2023,2019-2025,2023-03-30T00:00:00+01:00,1,59,0.004679452868986852,0.005964560960832132,-0.0009120260900095215,-0.0007762872156787782,0.0001355826841063446,0.03003049093606494
rule,realized_market_volatility,2023,2019-2025,2023-03-30T00:00:00+01:00,2,59,0.005968492189409505,0.006797480737313316,0.00019530026407609091,0.00032651096580564256,0.00013127119727118872,0.018727137908363573
rule,realized_market_volatility,2024,2019-2025,2024-03-28T00:00:00+00:00,0,60,0.002871436763467021,0.004955875151972427,-0.00019849776998415492,-5.2674222011182046e-05,0.00014575185090070746,0.021029911947886677
rule,realized_market_volatility,2024,2019-2025,2024-03-28T00:00:00+00:00,1,60,0.004970223474932066,0.005927838651193171,-0.0003816922531550625,-0.0002495573490384876,0.00013206175911999575,0.01173646470483528
rule,realized_market_volatility,2024,2019-2025,2024-03-28T00:00:00+00:00,2,59,0.005955193323086478,0.007843871926996964,0.0020446257647840412,0.002199325643528211,0.00015497535406616374,0.007222312051085862
rule,realized_market_volatility,2025,2019-2025,2025-04-01T00:00:00+01:00,0,58,0.002425458799927306,0.004111890580676878,0.0004580352882907915,0.000601189743012411,0.00014323495950956447,0.006853373192587532
rule,realized_market_volatility,2025,2019-2025,2025-04-01T00:00:00+01:00,1,58,0.004116246242207207,0.0048030667900995205,0.0013867287236897679,0.0015433511048885715,0.00015684222587469357,0.009532971232054857
rule,realized_market_volatility,2025,2019-2025,2025-04-01T00:00:00+01:00,2,58,0.004830465467224414,0.008332341719607677,0.0017873240022556309,0.0019305873441942047,0.00014346909786481366,0.005890871030320328
rule,mean_cross_pair_correlation,2009,2009-2018,2009-04-03T00:00:00+01:00,0,59,0.6703264397074106,0.7714496088688818,0.0023838016026671758,0.0025192292578586884,0.0001357246670145828,0.025475847379908285
rule,mean_cross_pair_correlation,2009,2009-2018,2009-04-03T00:00:00+01:00,1,59,0.772103640866197,0.8129851149955847,-0.0014111815516368593,-0.0012770395275161113,0.00013398740160912756,0.03935210027920004
rule,mean_cross_pair_correlation,2009,2009-2018,2009-04-03T00:00:00+01:00,2,58,0.8133373301162957,0.895035405195292,-5.8288832174942266e-05,8.58601666793455e-05,0.0001441503551076802,0.026513873616917972
rule,mean_cross_pair_correlation,2010,2009-2018,2010-03-31T00:00:00+01:00,0,60,0.3417056699543863,0.7167281795803039,0.00013408529695972614,0.0002748625360750339,0.00014084918395102425,0.023594898470615185
rule,mean_cross_pair_correlation,2010,2009-2018,2010-03-31T00:00:00+01:00,1,59,0.716965174889917,0.7815224306321011,0.0006127183396572746,0.0007490597313524582,0.0001364851173164024,0.027264146910173318
rule,mean_cross_pair_correlation,2010,2009-2018,2010-03-31T00:00:00+01:00,2,59,0.7817285700069819,0.9040402166317825,-0.0006966986199420905,-0.000568541078391485,0.00012802835825577387,0.03589567593290185
rule,mean_cross_pair_correlation,2011,2009-2018,2011-03-31T00:00:00+01:00,0,59,0.39741482321460614,0.5758644300937289,0.00246077274583994,0.002593720502264706,0.00013318073174043582,0.01961661040830262
rule,mean_cross_pair_correlation,2011,2009-2018,2011-03-31T00:00:00+01:00,1,59,0.5870090107946228,0.7459613821348128,0.0006659104098930538,0.0008096409356454484,0.00014379159334661557,0.03130482058438323
rule,mean_cross_pair_correlation,2011,2009-2018,2011-03-31T00:00:00+01:00,2,58,0.7465102730501135,0.8617033566852105,0.0007782313334750829,0.0009336723160138724,0.00015553410424660558,0.017682907868437906
rule,mean_cross_pair_correlation,2012,2009-2018,2012-03-29T00:00:00+01:00,0,60,0.5095846760096392,0.7361382467332154,0.0003317866968286692,0.00046064407365535527,0.0001288183550426872,0.009221324276529209
rule,mean_cross_pair_correlation,2012,2009-2018,2012-03-29T00:00:00+01:00,1,59,0.7433958538433337,0.8307079023861026,0.0009349771077363977,0.0010744302889139886,0.00013964466309376758,0.030159422609717126
rule,mean_cross_pair_correlation,2012,2009-2018,2012-03-29T00:00:00+01:00,2,59,0.8308281238869359,0.8767737917730879,-0.0020343290281591786,-0.001906829849649473,0.00012725555505656023,0.032051657711255406
rule,mean_cross_pair_correlation,2013,2009-2018,2013-04-01T00:00:00+01:00,0,59,0.4804653028330263,0.6527702971811363,0.0007047197698329703,0.0008518563597551672,0.00014725260501993284,0.02251707032575949
rule,mean_cross_pair_correlation,2013,2009-2018,2013-04-01T00:00:00+01:00,1,59,0.655286460865311,0.7510402961658429,0.0009823002344333971,0.0011271444234107815,0.00014489497758790157,0.014893642679391784
rule,mean_cross_pair_correlation,2013,2009-2018,2013-04-01T00:00:00+01:00,2,59,0.752939960506831,0.9250570622653687,0.00010108803860380303,0.00023996686239271227,0.00013888819947422359,0.0231511308065603
rule,mean_cross_pair_correlation,2014,2009-2018,2014-03-31T00:00:00+01:00,0,60,0.22937605356121082,0.4267694114347658,-0.0003700022472480984,-0.00022725304566119004,0.00014269573240722325,0.01809062460228971
rule,mean_cross_pair_correlation,2014,2009-2018,2014-03-31T00:00:00+01:00,1,60,0.4272162150782874,0.595007859874817,0.0005075117149509193,0.0006390383369520747,0.00013148800486024027,0.01435650158389298
rule,mean_cross_pair_correlation,2014,2009-2018,2014-03-31T00:00:00+01:00,2,59,0.5962046021281875,0.7583808513437451,-0.00025204592295405563,-0.00012386017521427034,0.0001280757192578671,0.033616840118070423
rule,mean_cross_pair_correlation,2015,2009-2018,2015-03-31T00:00:00+01:00,0,60,0.12604559911931432,0.31348120591048845,7.142001942268799e-05,0.0002204105744922124,0.00014910056016076477,0.018449812993290248
rule,mean_cross_pair_correlation,2015,2009-2018,2015-03-31T00:00:00+01:00,1,60,0.3138426203100804,0.5138625970415155,0.0005816643410512343,0.0007224504760778574,0.00014071535936445808,0.02309379464020402
rule,mean_cross_pair_correlation,2015,2009-2018,2015-03-31T00:00:00+01:00,2,59,0.5195250969346046,0.6407503221230502,0.0007439943431775338,0.0008787453808802045,0.0001348787545186935,0.021030800005370023
rule,mean_cross_pair_correlation,2016,2009-2018,2016-03-30T00:00:00+01:00,0,60,0.5404477067282272,0.665911468700158,-5.697045436282093e-05,7.258200249798396e-05,0.00012960613501569542,0.02040299396469969
rule,mean_cross_pair_correlation,2016,2009-2018,2016-03-30T00:00:00+01:00,1,59,0.6688171602454154,0.8265493251906056,0.0004636716989942439,0.0006035887709780693,0.00013992792710958998,0.03191462769652482
rule,mean_cross_pair_correlation,2016,2009-2018,2016-03-30T00:00:00+01:00,2,59,0.827016878031066,0.906185091673475,-0.0004420198130922443,-0.00031945218685976363,0.00012245867969010163,0.019178686244567044
rule,mean_cross_pair_correlation,2017,2009-2018,2017-03-30T00:00:00+01:00,0,59,0.43109543333600553,0.5543192309421021,-0.00020353670000837094,-6.746130323161141e-05,0.00013600747808648018,0.027347051175805475
rule,mean_cross_pair_correlation,2017,2009-2018,2017-03-30T00:00:00+01:00,1,59,0.5553735170081815,0.6507920454388839,-0.0011707699932450928,-0.0010279000535459398,0.0001426884987572709,0.02374045684628265
rule,mean_cross_pair_correlation,2017,2009-2018,2017-03-30T00:00:00+01:00,2,58,0.6509153711532918,0.7192871502303777,5.902561700565469e-05,0.0001756207917387272,0.00011658752464121791,0.013454659491797175
rule,mean_cross_pair_correlation,2018,2009-2018,2018-03-29T00:00:00+01:00,0,60,0.43588964654443974,0.6524798041628852,-0.000689097361583315,-0.0005563878000558829,0.0001326480447987072,0.01966094679720547
rule,mean_cross_pair_correlation,2018,2009-2018,2018-03-29T00:00:00+01:00,1,60,0.6526541362168684,0.7027308527655916,-0.0009072503834275353,-0.0007931600699121221,0.00011407189835863644,0.01960773075482455
rule,mean_cross_pair_correlation,2018,2009-2018,2018-03-29T00:00:00+01:00,2,59,0.703018190459985,0.7700141077584342,-0.00022318470077616471,-8.446708294376105e-05,0.00013874093182285135,0.021973333279330137
rule,mean_cross_pair_correlation,2019,2019-2025,2019-03-29T00:00:00+00:00,0,60,0.49632192969685485,0.6182891817675763,-0.0008194660785782911,-0.0006730616132965153,0.00014630345564651973,0.01961994909696903
rule,mean_cross_pair_correlation,2019,2019-2025,2019-03-29T00:00:00+00:00,1,59,0.6191129497502894,0.6653673584234648,0.0002625373299265729,0.00039609862868600045,0.00013364156663070196,0.01467542510578732
rule,mean_cross_pair_correlation,2019,2019-2025,2019-03-29T00:00:00+00:00,2,59,0.665826526090974,0.7905015469981029,-0.0001337115646117544,-4.449207939130292e-06,0.00012925198734089452,0.011290843777334017
rule,mean_cross_pair_correlation,2020,2019-2025,2020-03-30T00:00:00+01:00,0,60,0.4374139545588274,0.5611221975000272,0.0017764575232031281,0.0019353749199636082,0.00015935777542273308,0.021688421663603474
rule,mean_cross_pair_correlation,2020,2019-2025,2020-03-30T00:00:00+01:00,1,60,0.5618445023213776,0.6501005760287026,-0.0011675122157500546,-0.0010436541636392757,0.00012369737365169092,0.023067113222758517
rule,mean_cross_pair_correlation,2020,2019-2025,2020-03-30T00:00:00+01:00,2,60,0.6528837526652764,0.7557442159703486,0.000895696806868481,0.0010243669151426356,0.00012870350997991548,0.023296373235632405
rule,mean_cross_pair_correlation,2021,2019-2025,2021-03-31T00:00:00+01:00,0,60,0.35372786130032297,0.5963009421375917,0.0007854851250120205,0.0009320623849204187,0.0001466270861403076,0.007913533334568679
rule,mean_cross_pair_correlation,2021,2019-2025,2021-03-31T00:00:00+01:00,1,59,0.5965051587288328,0.6767942182161368,-4.805203735958046e-05,9.822689157275538e-05,0.00014622907085607835,0.010161729681428052
rule,mean_cross_pair_correlation,2021,2019-2025,2021-03-31T00:00:00+01:00,2,59,0.6808809319361846,0.7583806096119889,0.0004522590268788775,0.0005848970323886136,0.00013265076371021353,0.021446483716821146
rule,mean_cross_pair_correlation,2022,2019-2025,2022-03-31T00:00:00+01:00,0,59,0.4815690174945495,0.6370420301749321,0.0001453402947247491,0.0002629123495886654,0.00011731940640298436,0.033484651520511895
rule,mean_cross_pair_correlation,2022,2019-2025,2022-03-31T00:00:00+01:00,1,59,0.6405327152713934,0.747398864887482,-0.0009445510759438466,-0.0007966208143316191,0.00014792564762620427,0.029021792336983005
rule,mean_cross_pair_correlation,2022,2019-2025,2022-03-31T00:00:00+01:00,2,59,0.7475067137885811,0.8067506600688914,0.00119074461673566,0.0013244748740730249,0.0001338880742947966,0.015290053384025462
rule,mean_cross_pair_correlation,2023,2019-2025,2023-03-30T00:00:00+01:00,0,60,0.5174111386640017,0.6107824749897578,0.0004899179470851902,0.0006237578433020586,0.00013383682442774512,0.011696748266566916
rule,mean_cross_pair_correlation,2023,2019-2025,2023-03-30T00:00:00+01:00,1,59,0.611295909341571,0.7037195114170907,-0.0016539361300296224,-0.001528435113291316,0.00012528025224097476,0.026936170139165334
rule,mean_cross_pair_correlation,2023,2019-2025,2023-03-30T00:00:00+01:00,2,59,0.7049013334975989,0.7688367952936175,0.0008835571796111246,0.0010188469106232317,0.0001354392168400825,0.022581627531918908
rule,mean_cross_pair_correlation,2024,2019-2025,2024-03-28T00:00:00+00:00,0,60,0.49064338249888917,0.7442539335383809,6.954577859858258e-05,0.00021341839745348128,0.0001438253498578859,0.020241590057888396
rule,mean_cross_pair_correlation,2024,2019-2025,2024-03-28T00:00:00+00:00,1,60,0.7494374083381803,0.7981359304319521,-0.0004635528225351726,-0.0003173278637027223,0.0001461039192522336,0.013949707765272042
rule,mean_cross_pair_correlation,2024,2019-2025,2024-03-28T00:00:00+00:00,2,59,0.7981732747181727,0.8575724317421614,0.0018552871418661147,0.001997642147120995,0.0001426543448226895,0.005773239674368768
rule,mean_cross_pair_correlation,2025,2019-2025,2025-04-01T00:00:00+01:00,0,58,0.4429140867631277,0.5873390875054202,0.0016556391853670117,0.0018107924934143455,0.00015535043227340715,0.003323947716772099
rule,mean_cross_pair_correlation,2025,2019-2025,2025-04-01T00:00:00+01:00,1,58,0.588768522077738,0.7020391828751311,0.001156030165590236,0.0012992881600833366,0.0001434027716145771,0.011933336730345776
rule,mean_cross_pair_correlation,2025,2019-2025,2025-04-01T00:00:00+01:00,2,58,0.7036702645948627,0.8461325352923599,0.0008204186632789422,0.0009650475385975049,0.00014479307936108747,0.007019931007844842
rule,cross_sectional_return_dispersion,2009,2009-2018,2009-04-03T00:00:00+01:00,0,59,0.004183016234278201,0.004854976285696621,-0.00026649338571407084,-0.00013290349575151414,0.00013352042265331462,0.04329232291751704
rule,cross_sectional_return_dispersion,2009,2009-2018,2009-04-03T00:00:00+01:00,1,59,0.004865074301175451,0.006063937691104591,-0.0007528763253833283,-0.0006165577655587751,0.00013628047176082492,0.0195553081986736
rule,cross_sectional_return_dispersion,2009,2009-2018,2009-04-03T00:00:00+01:00,2,58,0.006065752406081936,0.007632275451601118,0.0019680455810239406,0.0021118499685331233,0.00014405999783810572,0.02852833354850665
rule,cross_sectional_return_dispersion,2010,2009-2018,2010-03-31T00:00:00+01:00,0,60,0.0034897309196866696,0.004533072346474801,-0.0008596963414108776,-0.0007191827836367673,0.00014042266805256305,0.03164716219532966
rule,cross_sectional_return_dispersion,2010,2009-2018,2010-03-31T00:00:00+01:00,1,59,0.004535766264595094,0.004869529839885527,0.0015999109007236105,0.0017357113746550368,0.00013618415300355622,0.02248874488985594
rule,cross_sectional_return_dispersion,2010,2009-2018,2010-03-31T00:00:00+01:00,2,59,0.0048695507271787,0.006556767629561256,-0.0006732657860552701,-0.0005442991762244344,0.000128763067550106,0.03248233518232316
rule,cross_sectional_return_dispersion,2011,2009-2018,2011-03-31T00:00:00+01:00,0,59,0.004095520499977787,0.004611640594647406,-0.00016779043150753998,-1.9627012167963662e-05,0.00014803133949810781,0.02335846311083761
rule,cross_sectional_return_dispersion,2011,2009-2018,2011-03-31T00:00:00+01:00,1,59,0.004613914747594908,0.005252716648825842,0.0011067428473922228,0.001247526625057987,0.00014097603497644696,0.031122980373885598
rule,cross_sectional_return_dispersion,2011,2009-2018,2011-03-31T00:00:00+01:00,2,58,0.005294181928136361,0.008600895060344196,0.0030036815688380203,0.0031466421035343498,0.00014329155400759355,0.014061515850675773
rule,cross_sectional_return_dispersion,2012,2009-2018,2012-03-29T00:00:00+01:00,0,60,0.0028621054896609778,0.003209430442017996,0.00017131345177711182,0.0003069216224999535,0.00013562362661572808,0.019218706127453297
rule,cross_sectional_return_dispersion,2012,2009-2018,2012-03-29T00:00:00+01:00,1,59,0.003212494157981518,0.003464687011374737,-0.00024408466287758045,-0.0001220738239999675,0.00012197465910605792,0.015740003206490136
rule,cross_sectional_return_dispersion,2012,2009-2018,2012-03-29T00:00:00+01:00,2,59,0.0034682970701283506,0.003805554758334102,-0.0006920741269842951,-0.0005539978203062945,0.00013800494388524528,0.03630424811354265
rule,cross_sectional_return_dispersion,2013,2009-2018,2013-04-01T00:00:00+01:00,0,59,0.0032893856997985513,0.0035066144244364546,0.0006351281392961673,0.0007836781597651827,0.0001487026660767236,0.021013638126781503
rule,cross_sectional_return_dispersion,2013,2009-2018,2013-04-01T00:00:00+01:00,1,59,0.0035098760235882155,0.004106052747193814,-0.0009005310369997104,-0.0007567655472260664,0.0001435903464363076,0.02854762841406652
rule,cross_sectional_return_dispersion,2013,2009-2018,2013-04-01T00:00:00+01:00,2,59,0.004111475371583292,0.00551185440527418,0.0020535109405737137,0.0021920550330195455,0.00013874276956902682,0.011000577270863553
rule,cross_sectional_return_dispersion,2014,2009-2018,2014-03-31T00:00:00+01:00,0,60,0.0021671961227356738,0.0025469389580630056,-0.0005278681401480296,-0.0003907495575629794,0.00013706793682109218,0.022325057364464197
rule,cross_sectional_return_dispersion,2014,2009-2018,2014-03-31T00:00:00+01:00,1,60,0.002549918170053506,0.0029003222407253124,0.0005363390062745346,0.0006779901279350703,0.00014168227577096348,0.008100466634350514
rule,cross_sectional_return_dispersion,2014,2009-2018,2014-03-31T00:00:00+01:00,2,59,0.002913711928574078,0.004057077155913027,-0.00012082022643576819,2.795473177723138e-06,0.00012343184604641749,0.03567270674929209
rule,cross_sectional_return_dispersion,2015,2009-2018,2015-03-31T00:00:00+01:00,0,60,0.0038265803513119934,0.004701387864389325,0.00019751885748584217,0.00033774777352398575,0.00014011280760002217,0.027326096542031886
rule,cross_sectional_return_dispersion,2015,2009-2018,2015-03-31T00:00:00+01:00,1,60,0.0047067532525407185,0.004961488398524216,0.0011295529325502194,0.0012692064313109533,0.0001398000256228477,0.01817591776394686
rule,cross_sectional_return_dispersion,2015,2009-2018,2015-03-31T00:00:00+01:00,2,59,0.004973106298050154,0.0054764069314655345,5.858339786010368e-05,0.00020339641044135498,0.00014494968974142536,0.017005301694368848
rule,cross_sectional_return_dispersion,2016,2009-2018,2016-03-30T00:00:00+01:00,0,60,0.003100397793844398,0.003713454420646061,0.0006945438322243924,0.0008239042819019208,0.00012952317120232634,0.02103775591722769
rule,cross_sectional_return_dispersion,2016,2009-2018,2016-03-30T00:00:00+01:00,1,59,0.003713501640076998,0.004019613240246038,-0.0009203709722402128,-0.0007854249699664942,0.00013474273553579176,0.0369709627178435
rule,cross_sectional_return_dispersion,2016,2009-2018,2016-03-30T00:00:00+01:00,2,59,0.004025665492568353,0.0053204301188403275,0.0001777710412738599,0.0003055049987587622,0.0001277282412435973,0.01347683059355886
rule,cross_sectional_return_dispersion,2017,2009-2018,2017-03-30T00:00:00+01:00,0,59,0.0028700844635144683,0.0032598635652035467,-0.0009368012851130774,-0.0008109576169663293,0.0001257632585925571,0.02881790364767312
rule,cross_sectional_return_dispersion,2017,2009-2018,2017-03-30T00:00:00+01:00,1,59,0.0032604533569331384,0.0034741675824147247,-0.000520440950091353,-0.0003899826411352204,0.00013032731622976166,0.020293402814583576
rule,cross_sectional_return_dispersion,2017,2009-2018,2017-03-30T00:00:00+01:00,2,58,0.00347652916540928,0.0037810234880320277,0.0001433910820937069,0.0002830200189476224,0.00013958267497336455,0.015464933492315357
rule,cross_sectional_return_dispersion,2018,2009-2018,2018-03-29T00:00:00+01:00,0,60,0.0026774583087001555,0.0030601038074959076,-0.00166858294344466,-0.0015472019676797215,0.0001212130516923465,0.021119578627715886
rule,cross_sectional_return_dispersion,2018,2009-2018,2018-03-29T00:00:00+01:00,1,60,0.0030601386699010595,0.0032179528265376227,-0.0006637594195495341,-0.0005403103776542601,0.00012342266199308124,0.023445795556823867
rule,cross_sectional_return_dispersion,2018,2009-2018,2018-03-29T00:00:00+01:00,2,59,0.0032195415463177994,0.0036406402025768326,0.0005252844022577443,0.0006660052648860455,0.00014086048721802006,0.016586862127625324
rule,cross_sectional_return_dispersion,2019,2019-2025,2019-03-29T00:00:00+00:00,0,60,0.0022489721447017737,0.002475363583290517,-0.000492736563509862,-0.0003676240968897979,0.0001250739064024148,0.019357298553264905
rule,cross_sectional_return_dispersion,2019,2019-2025,2019-03-29T00:00:00+00:00,1,59,0.0024803765806171167,0.0028948075380066675,2.760277071003849e-05,0.0001742788103314612,0.00014665853992542086,0.014111907206968172
rule,cross_sectional_return_dispersion,2019,2019-2025,2019-03-29T00:00:00+00:00,2,59,0.0028958161033164798,0.0034455922501598407,-0.00023104430885463945,-9.32438130490496e-05,0.00013782438615882466,0.01212146392398787
rule,cross_sectional_return_dispersion,2020,2019-2025,2020-03-30T00:00:00+01:00,0,60,0.003066070487919895,0.003398524094577916,0.0014694979299659692,0.0016030799906899857,0.00013388472903923167,0.010511642270968792
rule,cross_sectional_return_dispersion,2020,2019-2025,2020-03-30T00:00:00+01:00,1,60,0.0034069825675676927,0.0043306734103174625,-0.0003019439198810568,-0.00016232102373953504,0.00013957246006267467,0.02245932356218187
rule,cross_sectional_return_dispersion,2020,2019-2025,2020-03-30T00:00:00+01:00,2,60,0.004346383799447201,0.007530429697873196,0.00033708810423664274,0.00047532870451651784,0.00013830146995243316,0.035080942288843724
rule,cross_sectional_return_dispersion,2021,2019-2025,2021-03-31T00:00:00+01:00,0,60,0.002480458632505971,0.002757188526230775,0.0003851783931342682,0.0005232878511499617,0.00013817967312363283,0.009511998643224218
rule,cross_sectional_return_dispersion,2021,2019-2025,2021-03-31T00:00:00+01:00,1,59,0.0027571934405894267,0.002930286551622246,0.00040202190870484235,0.0005466649690369263,0.00014456454812781315,0.017748400713931564
rule,cross_sectional_return_dispersion,2021,2019-2025,2021-03-31T00:00:00+01:00,2,59,0.0029308084007967925,0.0033960965779949647,0.0004092766725545421,0.0005521618706232124,0.0001429058759469615,0.012234254743311997
rule,cross_sectional_return_dispersion,2022,2019-2025,2022-03-31T00:00:00+01:00,0,59,0.0035058801096895637,0.004002580947690779,0.0005880103392082565,0.0007250950703423684,0.00013728184808482134,0.0209583208674025
rule,cross_sectional_return_dispersion,2022,2019-2025,2022-03-31T00:00:00+01:00,1,59,0.004011050367285093,0.004369041586178398,-0.0001249240150476774,1.0876089721070909e-05,0.00013570047456067932,0.023290951066092812
rule,cross_sectional_return_dispersion,2022,2019-2025,2022-03-31T00:00:00+01:00,2,59,0.004370560126252596,0.005374260802586461,-7.155248864401667e-05,5.479524926663115e-05,0.00012615080567848454,0.03354722530802506
rule,cross_sectional_return_dispersion,2023,2019-2025,2023-03-30T00:00:00+01:00,0,60,0.0025448428569605492,0.003310578678304742,0.0005485411584370854,0.0006738757244828538,0.0001253990616496928,0.01734991846903337
rule,cross_sectional_return_dispersion,2023,2019-2025,2023-03-30T00:00:00+01:00,1,59,0.0033149313190800798,0.0037238540880289604,8.749984504816263e-05,0.000224831930852981,0.00013739147663177582,0.02582402295266281
rule,cross_sectional_return_dispersion,2023,2019-2025,2023-03-30T00:00:00+01:00,2,59,0.0037280584201156808,0.004050308793089381,-0.0009174956205702826,-0.0007853874703150943,0.00013190876815577537,0.017944788071845377
rule,cross_sectional_return_dispersion,2024,2019-2025,2024-03-28T00:00:00+00:00,0,60,0.0022853988880818647,0.0026108726042198974,-6.540986309613332e-05,7.009619805186905e-05,0.00013546894744543344,0.018222707379193837
rule,cross_sectional_return_dispersion,2024,2019-2025,2024-03-28T00:00:00+00:00,1,60,0.002613215072728505,0.0029167192777759185,0.00016092570957447792,0.0003057928823735996,0.00014486009478940733,0.01416320552163413
rule,cross_sectional_return_dispersion,2024,2019-2025,2024-03-28T00:00:00+00:00,2,59,0.0029167742753345243,0.0035390860448899215,0.0013574672533085543,0.0015097114216890868,0.00015241728740771873,0.007609224341147553
rule,cross_sectional_return_dispersion,2025,2019-2025,2025-04-01T00:00:00+01:00,0,58,0.002229814937633221,0.0025408005605819335,0.0009739488429771085,0.0011159455664440817,0.00014218393655203535,0.004546354182959819
rule,cross_sectional_return_dispersion,2025,2019-2025,2025-04-01T00:00:00+01:00,1,58,0.002554375081528142,0.003181054087837848,3.835121273290976e-05,0.00019025257848415665,0.00015188239995552957,0.011234668234025807
rule,cross_sectional_return_dispersion,2025,2019-2025,2025-04-01T00:00:00+01:00,2,58,0.0032031307907894615,0.005305907928706707,0.0026197879585261727,0.0027689300471669485,0.0001494799467415068,0.006496193037977089
rule,momentum_dispersion,2009,2009-2018,2009-04-03T00:00:00+01:00,0,59,0.008304696237092273,0.024906902514574576,-0.0006043524106317493,-0.0004553046118135552,0.00014900966002899337,0.028655775879637774
rule,momentum_dispersion,2009,2009-2018,2009-04-03T00:00:00+01:00,1,59,0.02523788490207872,0.03309952175238936,9.800650033392477e-06,0.00014196770983043204,0.00013214723708912643,0.04171930718458197
rule,momentum_dispersion,2009,2009-2018,2009-04-03T00:00:00+01:00,2,58,0.03310780578035797,0.05325938393975456,0.0015359031831025007,0.0016682062237003165,0.00013250820198405677,0.02087109794620119
rule,momentum_dispersion,2010,2009-2018,2010-03-31T00:00:00+01:00,0,60,0.011142696785604145,0.020935950207787615,-0.0002653227633036521,-0.00011110484920227871,0.0001542176433230057,0.035918276914841625
rule,momentum_dispersion,2010,2009-2018,2010-03-31T00:00:00+01:00,1,59,0.020959011619714377,0.029637686572433136,-0.0002647377608623829,-0.00013781973193963397,0.00012707921418258537,0.027679945351047525
rule,momentum_dispersion,2010,2009-2018,2010-03-31T00:00:00+01:00,2,59,0.029763164845118362,0.04129836695656153,0.0005869351689810028,0.0007108475902673663,0.00012383921796045716,0.022947628226712626
rule,momentum_dispersion,2011,2009-2018,2011-03-31T00:00:00+01:00,0,59,0.011414868536862582,0.01997790585497482,0.00035567900590204813,0.0005097828306688248,0.00015407916097791058,0.025395443620388737
rule,momentum_dispersion,2011,2009-2018,2011-03-31T00:00:00+01:00,1,59,0.020018887595932254,0.026979317155109893,0.0002933010907128287,0.00043951796430613413,0.00014629944712266825,0.023913386318650736
rule,momentum_dispersion,2011,2009-2018,2011-03-31T00:00:00+01:00,2,58,0.02711887099569609,0.06308998289917359,0.003298653410853856,0.0034300443493445014,0.0001317242646293966,0.019323312388526467
rule,momentum_dispersion,2012,2009-2018,2012-03-29T00:00:00+01:00,0,60,0.006076184203662247,0.014930332739201769,-0.00010510757378682381,4.694782750977613e-05,0.00015204593675043635,0.02836514942802692
rule,momentum_dispersion,2012,2009-2018,2012-03-29T00:00:00+01:00,1,59,0.014955969683937406,0.02066909755620448,-0.0006964991799325633,-0.0005608278642149239,0.0001355676453494338,0.023781984998713767
rule,momentum_dispersion,2012,2009-2018,2012-03-29T00:00:00+01:00,2,59,0.021019742042231365,0.03236333225815595,4.1446517762825794e-05,0.00014913635040714665,0.00010771130326758983,0.018960798558023805
rule,momentum_dispersion,2013,2009-2018,2013-04-01T00:00:00+01:00,0,59,0.007861954886889077,0.015362040249721138,0.0005227535401564278,0.000671867088628859,0.00014914816744450123,0.021686762133790474
rule,momentum_dispersion,2013,2009-2018,2013-04-01T00:00:00+01:00,1,59,0.015373178679193418,0.02063955347052533,5.0612222823933644e-05,0.00019483237190852205,0.00014430157980363178,0.01881902431021454
rule,momentum_dispersion,2013,2009-2018,2013-04-01T00:00:00+01:00,2,59,0.02079615393005299,0.043028160656229456,0.0012147422798898086,0.0013522681850212802,0.00013758603483392498,0.020056057367706565
rule,momentum_dispersion,2014,2009-2018,2014-03-31T00:00:00+01:00,0,60,0.007074277109684123,0.014564629583421996,-0.0008253069405602213,-0.0006774259884241881,0.0001477195528501324,0.021081888235557435
rule,momentum_dispersion,2014,2009-2018,2014-03-31T00:00:00+01:00,1,60,0.014668297257681172,0.01784142191737816,-0.0008163834775036085,-0.0006853493812527913,0.00013097319816667615,0.026261601080427542
rule,momentum_dispersion,2014,2009-2018,2014-03-31T00:00:00+01:00,2,59,0.017900502890757387,0.025798951816246196,0.0015573098930798262,0.0016807777850920322,0.00012349028154666876,0.01846799625725453
rule,momentum_dispersion,2015,2009-2018,2015-03-31T00:00:00+01:00,0,60,0.01452944140919265,0.02327627582480694,-0.0032042879661938533,-0.003061337338521504,0.00014256801311637507,0.028442384250219995
rule,momentum_dispersion,2015,2009-2018,2015-03-31T00:00:00+01:00,1,60,0.023316966138620797,0.027206865344311524,0.0018976837316773334,0.002037113567431816,0.00013968827606893232,0.019216061452404464
rule,momentum_dispersion,2015,2009-2018,2015-03-31T00:00:00+01:00,2,59,0.027471735269940758,0.04082830154314315,0.002736897999100018,0.0028791706232460593,0.00014256651418640407,0.014812320613034223
rule,momentum_dispersion,2016,2009-2018,2016-03-30T00:00:00+01:00,0,60,0.006773741634436772,0.017419914769509038,0.00014783403627124798,0.0002773229169586101,0.0001295467312094012,0.03193940879634745
rule,momentum_dispersion,2016,2009-2018,2016-03-30T00:00:00+01:00,1,59,0.01753544500998762,0.024143271962023052,-0.00032294181856573444,-0.00018060059981085425,0.00014227999031448004,0.02375727412494257
rule,momentum_dispersion,2016,2009-2018,2016-03-30T00:00:00+01:00,2,59,0.024199704193708555,0.058492680768416086,0.00013631795128054525,0.00025652608447767554,0.00012016702713568029,0.015604092529727845
rule,momentum_dispersion,2017,2009-2018,2017-03-30T00:00:00+01:00,0,59,0.009857938336682822,0.016079990706750053,-0.0008673069675618547,-0.0007260268625806171,0.00014110037590343098,0.023347254536118706
rule,momentum_dispersion,2017,2009-2018,2017-03-30T00:00:00+01:00,1,59,0.016080943772290156,0.021344883753090318,0.00027417891605907016,0.00040230430506297735,0.00012812953548284277,0.025308486916581042
rule,momentum_dispersion,2017,2009-2018,2017-03-30T00:00:00+01:00,2,58,0.02135906333508207,0.02847438501674274,-0.0007356216220165885,-0.0006093221247498024,0.00012621679812382418,0.0159283530710026
rule,momentum_dispersion,2018,2009-2018,2018-03-29T00:00:00+01:00,0,60,0.008131078419358503,0.014789851577887467,-0.0007137047193277561,-0.0005785701017479922,0.00013513748461671445,0.022536667537076546
rule,momentum_dispersion,2018,2009-2018,2018-03-29T00:00:00+01:00,1,60,0.014977256736454324,0.018912740793883023,-0.000849564091150091,-0.0007161066269552861,0.00013343102059506392,0.022046949204454772
rule,momentum_dispersion,2018,2009-2018,2018-03-29T00:00:00+01:00,2,59,0.018942965586605926,0.030052533131424974,-0.0002568242952165071,-0.00014026824355195766,0.00011652205515732449,0.016568310374752544
rule,momentum_dispersion,2019,2019-2025,2019-03-29T00:00:00+00:00,0,60,0.0069287792013499406,0.012958219681282863,-0.0001848103709666607,-3.5335294828749406e-05,0.00014944060528356435,0.01937371219444998
rule,momentum_dispersion,2019,2019-2025,2019-03-29T00:00:00+00:00,1,59,0.012968482190655883,0.01590515842161981,-0.0011639099386994251,-0.0010337080778191432,0.00013005864456888954,0.016090859970018884
rule,momentum_dispersion,2019,2019-2025,2019-03-29T00:00:00+00:00,2,59,0.015946223004981903,0.02492939576823988,0.0006473231200024159,0.0007768222594462515,0.0001296445877379158,0.010125819322443858
rule,momentum_dispersion,2020,2019-2025,2020-03-30T00:00:00+01:00,0,60,0.0065616128604611915,0.017424128390140955,-1.3030303620391272e-05,0.00013615222317931575,0.0001491808960161913,0.01938377796884549
rule,momentum_dispersion,2020,2019-2025,2020-03-30T00:00:00+01:00,1,60,0.017437492978155642,0.02381975323923238,-0.00015574397601276571,-2.916126246592888e-05,0.0001266208877760128,0.02240832516750849
rule,momentum_dispersion,2020,2019-2025,2020-03-30T00:00:00+01:00,2,60,0.02400953740077435,0.050764698534497305,0.001673416393954712,0.0018090967107535817,0.00013595687526213543,0.026259804985640407
rule,momentum_dispersion,2021,2019-2025,2021-03-31T00:00:00+01:00,0,60,0.0056894277890387245,0.011704231186768244,0.0002102626910402402,0.0003591845697094916,0.00014891322750029768,0.015237447494241031
rule,momentum_dispersion,2021,2019-2025,2021-03-31T00:00:00+01:00,1,59,0.011761601966566641,0.014659251054526852,0.0007932862160610877,0.0009354693301969339,0.00014225659431357546,0.015251871534920323
rule,momentum_dispersion,2021,2019-2025,2021-03-31T00:00:00+01:00,2,59,0.01470595347727979,0.027388348265406592,0.00019589274020917222,0.0003302422024535136,0.0001342983507340825,0.008908293565356988
rule,momentum_dispersion,2022,2019-2025,2022-03-31T00:00:00+01:00,0,59,0.011752708034344233,0.018227338337524792,-0.00021565935229337626,-8.190091182812075e-05,0.00013377076314518733,0.03210493382942116
rule,momentum_dispersion,2022,2019-2025,2022-03-31T00:00:00+01:00,1,59,0.018262919098784643,0.025286973843331315,0.0011976427145511358,0.0013414949795259575,0.00014402308853713426,0.026080661695976958
rule,momentum_dispersion,2022,2019-2025,2022-03-31T00:00:00+01:00,2,59,0.02544747363407474,0.04288931804317764,-0.0005904495267411968,-0.0004688276583677658,0.00012133927664166369,0.019610901716122262
rule,momentum_dispersion,2023,2019-2025,2023-03-30T00:00:00+01:00,0,60,0.010710353457456488,0.01661545361457578,-0.000529212775384514,-0.000400552955400534,0.00012867611323580302,0.019861878373484743
rule,momentum_dispersion,2023,2019-2025,2023-03-30T00:00:00+01:00,1,59,0.016714665771445314,0.01945039549737075,-0.0008172582714119871,-0.0006738606400140021,0.0001432474091751083,0.022796210019401415
rule,momentum_dispersion,2023,2019-2025,2023-03-30T00:00:00+01:00,2,59,0.019525640813938584,0.030386432586082295,0.0010832834455389512,0.0012059444360265203,0.00012272024077911043,0.01841806550905453
rule,momentum_dispersion,2024,2019-2025,2024-03-28T00:00:00+00:00,0,60,0.0058527968772764324,0.012659404922052845,0.00011310234107394699,0.00026843514968814114,0.00015526922398685265,0.01783629655449937
rule,momentum_dispersion,2024,2019-2025,2024-03-28T00:00:00+00:00,1,60,0.012851469101243986,0.016192256434405746,-0.0006966532270619288,-0.0005563734826820117,0.00014025111450043413,0.015347132163109749
rule,momentum_dispersion,2024,2019-2025,2024-03-28T00:00:00+00:00,2,59,0.01625010679502489,0.02494516180105558,0.002048043591409903,0.002184790147200279,0.0001369685115577736,0.006798191307132818
rule,momentum_dispersion,2025,2019-2025,2025-04-01T00:00:00+01:00,0,58,0.004425868529005377,0.010661869968476756,0.0005218249903551766,0.0006709594022735655,0.00014920970805329801,0.011146211057409223
rule,momentum_dispersion,2025,2019-2025,2025-04-01T00:00:00+01:00,1,58,0.010715822747431896,0.01475735724864246,0.001005977682098757,0.001150051269534274,0.0001442100117811706,0.006491800078755739
rule,momentum_dispersion,2025,2019-2025,2025-04-01T00:00:00+01:00,2,58,0.014819088142250733,0.04383487777116185,0.0021042853417822566,0.002254117520287347,0.00015012656341460308,0.004639204318797755
rule,carry_dispersion,2009,2009-2018,2009-04-03T00:00:00+01:00,0,89,0.012183736908684446,0.01254952186249035,-0.00024713249394262,-0.00011290922208232681,0.00013414507463194647,0.03670354365545138
rule,carry_dispersion,2009,2009-2018,2009-04-03T00:00:00+01:00,1,48,0.012852436076618623,0.01369379800942843,0.00037548303845360767,0.0005165058449479132,0.000141267262605329,0.01920722922176386
rule,carry_dispersion,2009,2009-2018,2009-04-03T00:00:00+01:00,2,39,0.013789266426783811,0.01401964782675607,0.0014865496630708211,0.0016288647170625982,0.00014241006148064966,0.030104902402276795
rule,carry_dispersion,2010,2009-2018,2010-03-31T00:00:00+01:00,0,65,0.014940837594977694,0.015726571548033273,-0.000144883305993372,-9.457447790200207e-06,0.00013536982514380226,0.035955443556067904
rule,carry_dispersion,2010,2009-2018,2010-03-31T00:00:00+01:00,1,47,0.016266113888045525,0.016670248533921017,0.00038025707196085183,0.0005195188435357962,0.00013939347006963597,0.016720408021026874
rule,carry_dispersion,2010,2009-2018,2010-03-31T00:00:00+01:00,2,66,0.016682351513670486,0.017145470530681547,-8.127857896683926e-05,5.060153256636448e-05,0.00013191991466969413,0.030593340118873776
rule,carry_dispersion,2011,2009-2018,2011-03-31T00:00:00+01:00,0,46,0.01574042658020627,0.015982657617068192,0.0017508577754528055,0.0018969415532358658,0.00014616394196565206,0.018434287279737387
rule,carry_dispersion,2011,2009-2018,2011-03-31T00:00:00+01:00,1,79,0.016073447225812672,0.016204091317360402,0.002230804808136765,0.0023671665075514848,0.00013675798020061568,0.027038906641201378
rule,carry_dispersion,2011,2009-2018,2011-03-31T00:00:00+01:00,2,51,0.016273478158133767,0.016522566668705933,-0.0005325747839967062,-0.00037870875254732205,0.00015362595019942203,0.02050827932186344
rule,carry_dispersion,2012,2009-2018,2012-03-29T00:00:00+01:00,0,67,0.01177624210470512,0.012574992420875846,-7.558483222221101e-05,5.6721743196454995e-05,0.0001323446784641131,0.022327115693419816
rule,carry_dispersion,2012,2009-2018,2012-03-29T00:00:00+01:00,1,66,0.01265504916301626,0.01397377450527733,0.00017730757495837432,0.00030916363388242723,0.0001318010779669574,0.020944360086118392
rule,carry_dispersion,2012,2009-2018,2012-03-29T00:00:00+01:00,2,45,0.014643721013581301,0.014908450560279394,-0.001146503948524189,-0.0010150685843216655,0.00013133887934479573,0.029899748408582026
rule,carry_dispersion,2013,2009-2018,2013-04-01T00:00:00+01:00,0,68,0.010475689186695678,0.010847134689196933,-0.0005480794945166474,-0.00039861792150115705,0.00014939797758177086,0.02541958004058861
rule,carry_dispersion,2013,2009-2018,2013-04-01T00:00:00+01:00,1,64,0.01096646536561525,0.01135244033043613,0.0024358782435596167,0.0025776383029082876,0.00014206855290887702,0.008418642231700458
rule,carry_dispersion,2013,2009-2018,2013-04-01T00:00:00+01:00,2,45,0.011438221787956414,0.01151600462282144,-0.00029174283180763156,-0.00015430536969090387,0.00013732580624695276,0.02901831642893619
rule,carry_dispersion,2014,2009-2018,2014-03-31T00:00:00+01:00,0,65,0.011088147625995574,0.012002831903299338,0.00026719548198842993,0.0004114542791951234,0.0001442525910928087,0.017115209389635514
rule,carry_dispersion,2014,2009-2018,2014-03-31T00:00:00+01:00,1,66,0.01240125848894044,0.01323220749177565,-0.00036957427623395434,-0.00023802704583566627,0.00013149643013240524,0.013214291654236718
rule,carry_dispersion,2014,2009-2018,2014-03-31T00:00:00+01:00,2,48,0.01328083301104776,0.013525187036481312,8.417802293187905e-06,0.00013259633369337641,0.00012400643463522206,0.04053310997148301
rule,carry_dispersion,2015,2009-2018,2015-03-31T00:00:00+01:00,0,70,0.012100576082702978,0.012739611696768002,9.737505195539955e-05,0.00023318905276690737,0.00013579168870278148,0.014899342040781595
rule,carry_dispersion,2015,2009-2018,2015-03-31T00:00:00+01:00,1,64,0.013115522655994468,0.01378619346564933,0.0008718036025175432,0.0010157391421941153,0.00014395068267417655,0.02994017305524048
rule,carry_dispersion,2015,2009-2018,2015-03-31T00:00:00+01:00,2,45,0.01388713245648661,0.013934852330826664,0.0004548676372868683,0.0006019355936006527,0.00014730088417276186,0.017206858665252997
rule,carry_dispersion,2016,2009-2018,2016-03-30T00:00:00+01:00,0,67,0.010360015073812949,0.010920164601337738,0.0004299098498646679,0.0005658019635308023,0.00013597920167429553,0.01058040197294262
rule,carry_dispersion,2016,2009-2018,2016-03-30T00:00:00+01:00,1,77,0.010949015789906189,0.011532546240133081,-0.0003606857369127534,-0.0002392228272035621,0.00012132882298341764,0.0412810836327282
rule,carry_dispersion,2016,2009-2018,2016-03-30T00:00:00+01:00,2,34,0.011635705664564821,0.012007091631454523,-9.329188800594184e-05,4.7953080910870255e-05,0.00014130153000654628,0.010328082014681583
rule,carry_dispersion,2017,2009-2018,2017-03-30T00:00:00+01:00,0,86,0.009918053356897476,0.010052799044412261,-0.0008275737882862711,-0.0007021646443133539,0.00012524747778823545,0.023123909759838412
rule,carry_dispersion,2017,2009-2018,2017-03-30T00:00:00+01:00,1,64,0.010119007546796488,0.010172182277738334,0.00011391294795285074,0.00025162080991506387,0.00013773074224342956,0.01663714702119835
rule,carry_dispersion,2017,2009-2018,2017-03-30T00:00:00+01:00,2,26,0.010265932018324217,0.010408623638943779,-0.0005299881535380583,-0.0003906879443324998,0.0001391957103693927,0.02850382981248606
rule,carry_dispersion,2018,2009-2018,2018-03-29T00:00:00+01:00,0,66,0.010556506981120498,0.011235426214539752,-0.0009876599423886958,-0.000866446608143524,0.00012115587920941476,0.024780332598682547
rule,carry_dispersion,2018,2009-2018,2018-03-29T00:00:00+01:00,1,66,0.011302955674589022,0.011461815516209686,0.0004504976182518096,0.0005891452926718697,0.0001387707896344869,0.010343826703695914
rule,carry_dispersion,2018,2009-2018,2018-03-29T00:00:00+01:00,2,47,0.011488594584892889,0.012015726009777824,-0.001563745716030005,-0.0014394583674602768,0.0001241223707083263,0.028390485162665974
rule,carry_dispersion,2019,2019-2025,2019-03-29T00:00:00+00:00,0,48,0.010263052587682467,0.010527166167141423,0.00028599688179681233,0.00043726170597638194,0.00015131449187807166,0.009664082662922098
rule,carry_dispersion,2019,2019-2025,2019-03-29T00:00:00+00:00,1,86,0.01117135422065058,0.011561848813199247,-0.0004623295080402365,-0.00033641982061701474,0.0001258563275308147,0.018497419514366994
rule,carry_dispersion,2019,2019-2025,2019-03-29T00:00:00+00:00,2,44,0.011722954150064527,0.012097518684442178,-0.0003530626635434055,-0.00021210996108019667,0.00014095880102995154,0.014876199178783604
rule,carry_dispersion,2020,2019-2025,2020-03-30T00:00:00+01:00,0,70,0.0034314329087971667,0.003505917582470455,0.0014203828449335153,0.0015607451293062219,0.00014053286977049645,0.01099070467298424
rule,carry_dispersion,2020,2019-2025,2020-03-30T00:00:00+01:00,1,65,0.0035062933093769617,0.004754593515388679,-0.0003657080462762268,-0.00023696468880482328,0.00012878646249835885,0.022683418135670454
rule,carry_dispersion,2020,2019-2025,2020-03-30T00:00:00+01:00,2,45,0.006610642401472193,0.009718984570744164,0.00032495001604226686,0.00046924013353102413,0.00014437996882071756,0.04087428847538193
rule,carry_dispersion,2021,2019-2025,2021-03-31T00:00:00+01:00,0,86,0.003473135377728475,0.003653604853806826,0.00043532698087988864,0.0005824785832824679,0.00014714316092601687,0.011260614116980538
rule,carry_dispersion,2021,2019-2025,2021-03-31T00:00:00+01:00,1,45,0.0036769576062869115,0.0037298929246342752,0.0015681969087045294,0.0017155438942398414,0.00014758741332067686,0.004932339033589571
rule,carry_dispersion,2021,2019-2025,2021-03-31T00:00:00+01:00,2,47,0.004081744034271706,0.00486240883582616,-0.00078786513542584,-0.0006609484849816854,0.0001267189355055695,0.02445379829785035
rule,carry_dispersion,2022,2019-2025,2022-03-31T00:00:00+01:00,0,65,0.006230226305999661,0.008492604769633549,4.918122508312708e-05,0.0001911520817508132,0.00014196753791302711,0.027535260933854954
rule,carry_dispersion,2022,2019-2025,2022-03-31T00:00:00+01:00,1,66,0.009328928303642679,0.01191884656845954,0.0006470879105893023,0.000782212393521985,0.0001352935513438785,0.01913497106847593
rule,carry_dispersion,2022,2019-2025,2022-03-31T00:00:00+01:00,2,46,0.012130006199910113,0.01350253636480008,-0.0004957409876917391,-0.00037816706816912285,0.00011720848300157365,0.033419419261515614
rule,carry_dispersion,2023,2019-2025,2023-03-30T00:00:00+01:00,0,55,0.011195601050965153,0.012106792297044809,0.0006527368442260552,0.0007824563212462308,0.00012977354260494545,0.026970658840881345
rule,carry_dispersion,2023,2019-2025,2023-03-30T00:00:00+01:00,1,80,0.012208750278136846,0.012318228566777518,-7.530489706622113e-05,5.457393227880566e-05,0.00012987681762484463,0.014484943661113447
rule,carry_dispersion,2023,2019-2025,2023-03-30T00:00:00+01:00,2,43,0.0124182946045874,0.013029874393509087,-0.0010682189748073326,-0.0009311917583753627,0.00013685971832994224,0.022817982080242685
rule,carry_dispersion,2024,2019-2025,2024-03-28T00:00:00+00:00,0,67,0.011805362591916719,0.012317154242886466,0.00020893773268646602,0.0003409693789876285,0.0001320439327040749,0.01511649616124577
rule,carry_dispersion,2024,2019-2025,2024-03-28T00:00:00+00:00,1,46,0.012341427783919105,0.01283794517223524,0.0002984129418389603,0.0004505608044721035,0.00015217122881549717,0.01605889599246754
rule,carry_dispersion,2024,2019-2025,2024-03-28T00:00:00+00:00,2,66,0.012974223774044611,0.01321692633754353,0.0008802378078684844,0.0010311450501105514,0.0001509930677948479,0.009705826541218335
rule,carry_dispersion,2025,2019-2025,2025-04-01T00:00:00+01:00,0,48,0.01358222720126827,0.013855731518717048,0.001972455533103931,0.002113553667394155,0.00014139969468444447,0.005062105833190636
rule,carry_dispersion,2025,2019-2025,2025-04-01T00:00:00+01:00,1,62,0.01394341755835994,0.01413381559547564,0.0016227708822370813,0.0017781846712888406,0.00015561147806765482,0.007407071050716117
rule,carry_dispersion,2025,2019-2025,2025-04-01T00:00:00+01:00,2,64,0.014148010184195429,0.014312367606646257,0.0002401788209064269,0.00038530327322958255,0.0001451654288030973,0.009216547050785746
rule,trend_reversal_proxy,2009,2009-2018,2009-04-03T00:00:00+01:00,0,59,-0.39404842326599765,-0.12166959370361007,0.000558393085008376,0.0007013746022961115,0.00014316603977383905,0.015236412618347432
rule,trend_reversal_proxy,2009,2009-2018,2009-04-03T00:00:00+01:00,1,59,-0.12031903590323247,-0.011047073934272013,0.0007014483888681724,0.0008353826721845509,0.00013405410504347795,0.03180332702348931
rule,trend_reversal_proxy,2009,2009-2018,2009-04-03T00:00:00+01:00,2,58,-0.009505531957229649,0.25291496506539163,-0.00035046234851852297,-0.0002137861282197411,0.00013651282932452866,0.044608774875866654
rule,trend_reversal_proxy,2010,2009-2018,2010-03-31T00:00:00+01:00,0,60,-0.36313573587400316,-0.13438260603310276,-0.00020803074204882535,-7.51937386228236e-05,0.00013287816562895013,0.030118988752409807
rule,trend_reversal_proxy,2010,2009-2018,2010-03-31T00:00:00+01:00,1,59,-0.13096011022591802,0.031941249967134086,0.00020157378417438407,0.00034044581997984925,0.00013886961432842926,0.024019551895810887
rule,trend_reversal_proxy,2010,2009-2018,2010-03-31T00:00:00+01:00,2,59,0.03329146719864624,0.35801654794924986,6.236055148170054e-05,0.00019606226487725093,0.00013374998157127997,0.032505602864083306
rule,trend_reversal_proxy,2011,2009-2018,2011-03-31T00:00:00+01:00,0,59,-0.4752551998923262,-0.27910247990832715,0.0006028407782359317,0.000746035573180425,0.00014327769565123806,0.020657998275694547
rule,trend_reversal_proxy,2011,2009-2018,2011-03-31T00:00:00+01:00,1,59,-0.277296741586976,-0.061651200192689985,0.0037996909233057583,0.003949615625629802,0.00015036218115728912,0.023689861400182765
rule,trend_reversal_proxy,2011,2009-2018,2011-03-31T00:00:00+01:00,2,58,-0.06075886444476737,0.19222665300357022,-0.0005196146010544523,-0.0003808983028327533,0.000138579180943725,0.024369816621743156
rule,trend_reversal_proxy,2012,2009-2018,2012-03-29T00:00:00+01:00,0,60,-0.4916825686426574,-0.26068050267925613,-0.0016700599310229853,-0.0015473882851320894,0.0001224736463429578,0.027967814463549828
rule,trend_reversal_proxy,2012,2009-2018,2012-03-29T00:00:00+01:00,1,59,-0.25973302602669407,-0.026140601908754647,0.00033006992062505677,0.00046319542022315105,0.00013319688614121214,0.022611965131660562
rule,trend_reversal_proxy,2012,2009-2018,2012-03-29T00:00:00+01:00,2,59,-0.02121071334860214,0.38013605324294797,0.0006063543906657087,0.0007464718245879183,0.00014015557814443366,0.020534887880477457
rule,trend_reversal_proxy,2013,2009-2018,2013-04-01T00:00:00+01:00,0,59,-0.4157945390201736,-0.15306353504036405,0.0009791474540617453,0.0011265637635208318,0.000147501557641065,0.023697516223837426
rule,trend_reversal_proxy,2013,2009-2018,2013-04-01T00:00:00+01:00,1,59,-0.14435691129864328,-0.03198720271922431,-0.0004065482932590662,-0.0002626867890017036,0.0001437699523323957,0.024242942637470646
rule,trend_reversal_proxy,2013,2009-2018,2013-04-01T00:00:00+01:00,2,59,-0.02817403634103108,0.3068812673032833,0.0012155088820674908,0.0013550906710395336,0.0001397642721085973,0.01262138495040351
rule,trend_reversal_proxy,2014,2009-2018,2014-03-31T00:00:00+01:00,0,60,-0.3461244046525027,-0.04993799999315617,-0.0009052852846215282,-0.0007732419677456012,0.00013191280336144598,0.020711356114800114
rule,trend_reversal_proxy,2014,2009-2018,2014-03-31T00:00:00+01:00,1,60,-0.04985831838971761,0.07133958935323308,0.0014769179996141602,0.0016114708930384818,0.0001346480398664224,0.019588181080588116
rule,trend_reversal_proxy,2014,2009-2018,2014-03-31T00:00:00+01:00,2,59,0.07697522415377635,0.28980166278654196,-0.000693527191384372,-0.0005575316674196902,0.00013582781489135374,0.02563133739684445
rule,trend_reversal_proxy,2015,2009-2018,2015-03-31T00:00:00+01:00,0,60,-0.34821029004244064,-0.0960970987843592,0.00038872713432833844,0.0005313605811142501,0.0001426931990389995,0.022910883181964107
rule,trend_reversal_proxy,2015,2009-2018,2015-03-31T00:00:00+01:00,1,60,-0.08570182530230824,0.20527812734327347,0.0015455940186792452,0.0016971471579494868,0.0001517106388186218,0.021969397189665514
rule,trend_reversal_proxy,2015,2009-2018,2015-03-31T00:00:00+01:00,2,59,0.2058052105318693,0.458032485092802,-0.0005589583271956807,-0.00042869192945233794,0.00013021307485862728,0.01763757349201203
rule,trend_reversal_proxy,2016,2009-2018,2016-03-30T00:00:00+01:00,0,60,-0.3799443589865655,-0.11172773647502796,-0.0007315814581367287,-0.0006043412189540661,0.00012704011006318543,0.024580033781642353
rule,trend_reversal_proxy,2016,2009-2018,2016-03-30T00:00:00+01:00,1,59,-0.10891795596557662,0.009179880095675875,0.0006548001443143729,0.0007899597116766932,0.00013529766310653506,0.023133879678055757
rule,trend_reversal_proxy,2016,2009-2018,2016-03-30T00:00:00+01:00,2,59,0.010779410433468138,0.1596412358655748,5.2896830171261436e-05,0.0001825733688335277,0.00012969846059401419,0.023711597161060517
rule,trend_reversal_proxy,2017,2009-2018,2017-03-30T00:00:00+01:00,0,59,-0.3675115839552975,-0.17978922447639456,-0.000601450996901493,-0.00047086948389303616,0.00013040924388628227,0.01647293546282683
rule,trend_reversal_proxy,2017,2009-2018,2017-03-30T00:00:00+01:00,1,59,-0.17889274053668355,-0.0889765827519555,0.0004205156059341499,0.0005535922045088457,0.00013315295101575206,0.01993284786964229
rule,trend_reversal_proxy,2017,2009-2018,2017-03-30T00:00:00+01:00,2,58,-0.08339976529439151,0.18337089720374905,-0.0011549210525612613,-0.0010227750800924505,0.00013198223385779185,0.02838951736571996
rule,trend_reversal_proxy,2018,2009-2018,2018-03-29T00:00:00+01:00,0,60,-0.3411332681648996,-0.13459484216105574,-0.0012806166636030003,-0.0011670815752228133,0.00011344083927493258,0.032987100914438114
rule,trend_reversal_proxy,2018,2009-2018,2018-03-29T00:00:00+01:00,1,60,-0.1314231659843661,0.013466022252828383,-0.0001296913782986626,7.615783385102796e-06,0.0001373537353476361,0.013522666094901409
rule,trend_reversal_proxy,2018,2009-2018,2018-03-29T00:00:00+01:00,2,59,0.013662882394840654,0.2834310924267342,-0.0004123776191922875,-0.00027777089121185734,0.00013459723880736825,0.014609513492235732
rule,trend_reversal_proxy,2019,2019-2025,2019-03-29T00:00:00+00:00,0,60,-0.4851882543293251,-0.13126732854965228,-0.0006861491009882952,-0.000564770414419868,0.00012127668401003715,0.01750135536934716
rule,trend_reversal_proxy,2019,2019-2025,2019-03-29T00:00:00+00:00,1,59,-0.12902178697314526,-0.013753849832546416,7.407985971251886e-05,0.00021722215413390227,0.00014322155816790793,0.016120982336960736
rule,trend_reversal_proxy,2019,2019-2025,2019-03-29T00:00:00+00:00,2,59,-0.012889329301621158,0.46893766262629055,-8.083068177735699e-05,6.43006236875635e-05,0.00014512295001028102,0.011999788642047253
rule,trend_reversal_proxy,2020,2019-2025,2020-03-30T00:00:00+01:00,0,60,-0.3158219056748973,-0.13471374129801575,0.0005425543007762588,0.0006818688841412529,0.0001393159371138108,0.025053385017141272
rule,trend_reversal_proxy,2020,2019-2025,2020-03-30T00:00:00+01:00,1,60,-0.13015153836047177,0.0882082316946738,2.637634493374274e-05,0.00016779899308534135,0.00014153715012098407,0.025427569227243266
rule,trend_reversal_proxy,2020,2019-2025,2020-03-30T00:00:00+01:00,2,60,0.08908873620510013,0.32768956483438505,0.0009357114686115532,0.0010664197942403743,0.0001309055718195446,0.017570953877609853
rule,trend_reversal_proxy,2021,2019-2025,2021-03-31T00:00:00+01:00,0,60,-0.38184128867422756,-0.022523679350652186,0.000338687666796296,0.00048549615639332546,0.00014680668675941044,0.010783756265528235
rule,trend_reversal_proxy,2021,2019-2025,2021-03-31T00:00:00+01:00,1,59,-0.01535307094102269,0.12574549325148246,4.39241024366626e-05,0.00017681175400996595,0.000132740266991476,0.01915272717287288
rule,trend_reversal_proxy,2021,2019-2025,2021-03-31T00:00:00+01:00,2,59,0.12751777784197713,0.4344032135566832,0.0008146531835732014,0.0009604473176060743,0.00014595692287742317,0.009536615448129311
rule,trend_reversal_proxy,2022,2019-2025,2022-03-31T00:00:00+01:00,0,59,-0.28532701532426075,-0.036955439531731124,0.0016227594164436134,0.0017761608046701278,0.0001535489502700889,0.020427957905539206
rule,trend_reversal_proxy,2022,2019-2025,2022-03-31T00:00:00+01:00,1,59,-0.03500772397989834,0.11454750778463717,-0.0006459338067519211,-0.0005166397186468583,0.00012938992618704765,0.025368887407274485
rule,trend_reversal_proxy,2022,2019-2025,2022-03-31T00:00:00+01:00,2,59,0.11458621490059602,0.4740659831634752,-0.0005852917741751294,-0.00046875467669319854,0.00011619425186684867,0.03199965192870668
rule,trend_reversal_proxy,2023,2019-2025,2023-03-30T00:00:00+01:00,0,60,-0.44282793414154314,-0.053834624429016466,-0.0005325575204563632,-0.0004003390708661167,0.0001321221792032681,0.018594088943526713
rule,trend_reversal_proxy,2023,2019-2025,2023-03-30T00:00:00+01:00,1,59,-0.05351687558727302,0.05820611487807117,0.000505868828882881,0.0006376734297148532,0.000131818649123772,0.02636895972381743
rule,trend_reversal_proxy,2023,2019-2025,2023-03-30T00:00:00+01:00,2,59,0.06087047390848755,0.26206775823028106,-0.0002364422190896293,-0.00010580714339835276,0.00013064452696522804,0.016134593191036512
rule,trend_reversal_proxy,2024,2019-2025,2024-03-28T00:00:00+00:00,0,60,-0.4031696395560294,-0.11850612625854841,0.0008507063090100387,0.0009913178360528147,0.0001406239559280435,0.015218835210185595
rule,trend_reversal_proxy,2024,2019-2025,2024-03-28T00:00:00+00:00,1,60,-0.1182106174461122,0.0360349881002907,-0.0003146666185801816,-0.00016765193297158567,0.00014701998143999806,0.01354954779137728
rule,trend_reversal_proxy,2024,2019-2025,2024-03-28T00:00:00+00:00,2,59,0.04632763635286599,0.3091200849508284,0.0009094769035273555,0.0010543451613611954,0.00014497841100107384,0.011288068306501883
rule,trend_reversal_proxy,2025,2019-2025,2025-04-01T00:00:00+01:00,0,58,-0.42005892153827223,-0.21378928143855438,0.001263498385253046,0.001423016111063801,0.00015962437000160485,0.00741692682398685
rule,trend_reversal_proxy,2025,2019-2025,2025-04-01T00:00:00+01:00,1,58,-0.20959751672357757,0.0025491115324278732,0.0011412648427765184,0.0012709577169678144,0.0001298517550520692,0.006338543466751665
rule,trend_reversal_proxy,2025,2019-2025,2025-04-01T00:00:00+01:00,2,58,0.007056763926247841,0.3356613532349312,0.0012273247862066258,0.0013811543640635713,0.00015407015819539767,0.008521745164224201
rule,decision_gross_exposure,2009,2009-2018,2009-04-03T00:00:00+01:00,0,59,0.0,3.1806083138527974,-0.0006099292224785952,-0.00046662129533801984,0.00014333859124941126,0.02668850145482332
rule,decision_gross_exposure,2009,2009-2018,2009-04-03T00:00:00+01:00,1,59,3.1807330194946744,3.2157922689750373,-0.0006678674022313694,-0.000529308981334618,0.00013834206317333764,0.031256200291469936
rule,decision_gross_exposure,2009,2009-2018,2009-04-03T00:00:00+01:00,2,58,3.2159757977731673,3.4352346519937025,0.002230928131078103,0.0023625684496775823,0.00013197541438107207,0.033515796183402266
rule,decision_gross_exposure,2010,2009-2018,2010-03-31T00:00:00+01:00,0,60,0.0,3.1868932361598423,-0.0014037494589187892,-0.0012612390101662515,0.0001423762253897215,0.032469364062754164
rule,decision_gross_exposure,2010,2009-2018,2010-03-31T00:00:00+01:00,1,59,3.186898411540006,3.219549118347501,0.0002374208871291767,0.0003772661541138475,0.00013989705266627254,0.02734663178564068
rule,decision_gross_exposure,2010,2009-2018,2010-03-31T00:00:00+01:00,2,59,3.2204130804097817,3.4706300965733443,0.001242498584326871,0.0013653896645162305,0.0001230634994089234,0.026788310794242313
rule,decision_gross_exposure,2011,2009-2018,2011-03-31T00:00:00+01:00,0,59,0.0,3.1809812348321636,-0.0003310636810881124,-0.0001864630588657706,0.00014442516687910258,0.023517103848623752
rule,decision_gross_exposure,2011,2009-2018,2011-03-31T00:00:00+01:00,1,59,3.181801506293293,3.216581532404863,0.0020298261825163963,0.0021758169677712487,0.00014621124175318302,0.0226453215657695
rule,decision_gross_exposure,2011,2009-2018,2011-03-31T00:00:00+01:00,2,58,3.2165885602343764,3.327739862627031,0.0022307713094057375,0.002372059285173802,0.00014163443305403975,0.022523965267045906
rule,decision_gross_exposure,2012,2009-2018,2012-03-29T00:00:00+01:00,0,60,0.0,3.1924986646369544,-0.0005269651688346018,-0.00038338237678853357,0.00014359018373302722,0.025332907032196633
rule,decision_gross_exposure,2012,2009-2018,2012-03-29T00:00:00+01:00,1,59,3.1926088998047657,3.2112802227028396,-4.288645408329742e-05,8.417090456977735e-05,0.00012705039029105105,0.023483837991971897
rule,decision_gross_exposure,2012,2009-2018,2012-03-29T00:00:00+01:00,2,59,3.2122351550175376,3.2865317476262557,-0.00018315848430903873,-5.823848180300181e-05,0.00012482762919113432,0.02234258189950835
rule,decision_gross_exposure,2013,2009-2018,2013-04-01T00:00:00+01:00,0,59,0.0,3.1865405235461055,0.0005043415530483344,0.0006544864079999074,0.00015023298362169915,0.020310925221601203
rule,decision_gross_exposure,2013,2009-2018,2013-04-01T00:00:00+01:00,1,59,3.1870482610645765,3.21013408772154,0.00043887097055673335,0.0005855232755250606,0.0001466857336542873,0.020381316122938545
rule,decision_gross_exposure,2013,2009-2018,2013-04-01T00:00:00+01:00,2,59,3.2104046002588884,3.3238681373168077,0.0008448955192651023,0.0009789579620336933,0.00013411706480607148,0.019869602467171826
rule,decision_gross_exposure,2014,2009-2018,2014-03-31T00:00:00+01:00,0,60,0.0,3.190193875234836,-0.0011488807604218797,-0.0010096073635504762,0.00013909745460340055,0.024856058971491932
rule,decision_gross_exposure,2014,2009-2018,2014-03-31T00:00:00+01:00,1,60,3.190515506459471,3.206504114250578,-0.00018273277006232436,-4.698588366235136e-05,0.0001357527287280469,0.01797599660595611
rule,decision_gross_exposure,2014,2009-2018,2014-03-31T00:00:00+01:00,2,59,3.206599870783193,3.291792490429739,0.0012419774650327493,0.0013694061351284875,0.0001273979774978834,0.023055894974410737
rule,decision_gross_exposure,2015,2009-2018,2015-03-31T00:00:00+01:00,0,60,0.0,3.1836245844161986,0.0008583466991949072,0.0010270385947074242,0.00016884611217805678,0.022739919193301553
rule,decision_gross_exposure,2015,2009-2018,2015-03-31T00:00:00+01:00,1,60,3.1845208989193843,3.2114088517331116,0.0001521121477911696,0.0002785485126477459,0.00012647905249903307,0.0210567147036369
rule,decision_gross_exposure,2015,2009-2018,2015-03-31T00:00:00+01:00,2,59,3.211936730532661,3.396390700677161,0.00038056266197873244,0.0005098714248275607,0.00012927613233035414,0.018739586856104738
rule,decision_gross_exposure,2016,2009-2018,2016-03-30T00:00:00+01:00,0,60,0.0,3.1854526247667323,-0.0007854249890110749,-0.0006492716099929766,0.0001360707467111961,0.02291049297854374
rule,decision_gross_exposure,2016,2009-2018,2016-03-30T00:00:00+01:00,1,59,3.185780463302542,3.2118319765116103,0.00034762521256859327,0.0004815128638523755,0.00013384736873647235,0.02068550893799583
rule,decision_gross_exposure,2016,2009-2018,2016-03-30T00:00:00+01:00,2,59,3.211899633706186,3.5356357835057817,0.00041482789500959643,0.0005367121397482628,0.00012196505667796442,0.027857806005966487
rule,decision_gross_exposure,2017,2009-2018,2017-03-30T00:00:00+01:00,0,59,0.0,3.1900405386056288,-0.0007443091088897185,-0.0006204208172161177,0.000123801004210715,0.02335434408903843
rule,decision_gross_exposure,2017,2009-2018,2017-03-30T00:00:00+01:00,1,59,3.1904739595645886,3.2111748767832156,-0.0007358118998762409,-0.000598209951029951,0.0001374430328595382,0.0205939203936861
rule,decision_gross_exposure,2017,2009-2018,2017-03-30T00:00:00+01:00,2,58,3.211312015139529,3.2744167226000296,0.0001666643172683656,0.0003010155378877365,0.00013434035992805198,0.020716993437011874
rule,decision_gross_exposure,2018,2009-2018,2018-03-29T00:00:00+01:00,0,60,0.0,3.1938958913896593,-0.0010347470169443293,-0.0009066998542719914,0.00012796464691037276,0.02038897507984912
rule,decision_gross_exposure,2018,2009-2018,2018-03-29T00:00:00+01:00,1,60,3.1939588896815314,3.2085093874732498,3.85392562223475e-06,0.00013368591740295526,0.00012992310811775652,0.023118768694303838
rule,decision_gross_exposure,2018,2009-2018,2018-03-29T00:00:00+01:00,2,59,3.209323078292713,3.25950210912804,-0.0007982233316460861,-0.0006707727776206786,0.00012738383500510318,0.017662418477171215
rule,decision_gross_exposure,2019,2019-2025,2019-03-29T00:00:00+00:00,0,60,0.0,3.19428769790771,-0.0005421560166352042,-0.000389493306637948,0.00015262168178813843,0.01743138788334084
rule,decision_gross_exposure,2019,2019-2025,2019-03-29T00:00:00+00:00,1,59,3.194606557783618,3.2106219924308683,0.00048702504333337463,0.0006180566156840134,0.00013112527928768497,0.01391617740008639
rule,decision_gross_exposure,2019,2019-2025,2019-03-29T00:00:00+00:00,2,59,3.2106688672263672,3.2838652061720555,-0.0006402095105030514,-0.0005147817440814491,0.0001253429599636212,0.014275746954521242
rule,decision_gross_exposure,2020,2019-2025,2020-03-30T00:00:00+01:00,0,60,0.0,3.186619978288023,0.0003200083837232926,0.00047446737595357454,0.00015454613901545362,0.023082520635735022
rule,decision_gross_exposure,2020,2019-2025,2020-03-30T00:00:00+01:00,1,60,3.186864591482613,3.2093764454660705,9.446739193144815e-06,0.00014441955374498353,0.00013501122780618026,0.02611919114752117
rule,decision_gross_exposure,2020,2019-2025,2020-03-30T00:00:00+01:00,2,60,3.2094094360876855,3.2764664199838784,0.0011751869914051172,0.0012972007417684102,0.0001222012922327056,0.018850196338738197
rule,decision_gross_exposure,2021,2019-2025,2021-03-31T00:00:00+01:00,0,60,0.0,3.188568265915236,0.00010668864503416686,0.00026561709380887956,0.0001589748893899877,0.013204335961335417
rule,decision_gross_exposure,2021,2019-2025,2021-03-31T00:00:00+01:00,1,59,3.188993205765521,3.2045508411768013,0.0004683595415481981,0.0006068249334187049,0.00013847890498280897,0.01151002795182112
rule,decision_gross_exposure,2021,2019-2025,2021-03-31T00:00:00+01:00,2,59,3.204612557096243,3.3055282508521673,0.0006261489530333231,0.0007540399645543991,0.00012784384153296074,0.014717708198868683
rule,decision_gross_exposure,2022,2019-2025,2022-03-31T00:00:00+01:00,0,59,0.0,3.1802002836425145,-0.0009088784042316939,-0.0007760587018355711,0.00013265432985832618,0.02523874744877004
rule,decision_gross_exposure,2022,2019-2025,2022-03-31T00:00:00+01:00,1,59,3.181537278837636,3.2147060915942576,0.0006040456576298802,0.0007410043886807935,0.00013702755229270778,0.028246768512678322
rule,decision_gross_exposure,2022,2019-2025,2022-03-31T00:00:00+01:00,2,59,3.216262366947659,3.341331809039878,0.0006963665821183763,0.0008258207224848482,0.00012945124617295126,0.02431098128007201
rule,decision_gross_exposure,2023,2019-2025,2023-03-30T00:00:00+01:00,0,60,0.0,3.1900891149262067,-0.0010107314069754741,-0.0008559498939386054,0.0001546867470779353,0.02229979507315608
rule,decision_gross_exposure,2023,2019-2025,2023-03-30T00:00:00+01:00,1,59,3.190257885125626,3.2124009720653843,0.001191378568098302,0.001314301746428813,0.00012305222837914279,0.019529556753280393
rule,decision_gross_exposure,2023,2019-2025,2023-03-30T00:00:00+01:00,2,59,3.2124312530223222,3.2629989961586356,-0.00043567342964154784,-0.0003191024196996123,0.00011646392953222955,0.01920548145347589
rule,decision_gross_exposure,2024,2019-2025,2024-03-28T00:00:00+00:00,0,60,0.0,3.1873018278427225,-0.00012979423661980708,1.576476271778456e-05,0.000145430149859537,0.015077412722020319
rule,decision_gross_exposure,2024,2019-2025,2024-03-28T00:00:00+00:00,1,60,3.1874052620793534,3.2088162907061517,0.0009138414589452391,0.0010556242447887652,0.0001419383022997753,0.014295156153639766
rule,decision_gross_exposure,2024,2019-2025,2024-03-28T00:00:00+00:00,2,59,3.209229365785786,3.2876280804016553,0.0006572658541420247,0.0008024233602506997,0.00014525856545062908,0.010673641993860651
rule,decision_gross_exposure,2025,2019-2025,2025-04-01T00:00:00+01:00,0,58,0.0,3.184585829176273,-0.00016613049492632942,-1.0379204304791738e-05,0.00015578312462323547,0.007959004849297124
rule,decision_gross_exposure,2025,2019-2025,2025-04-01T00:00:00+01:00,1,58,3.184669168413084,3.2043531810047123,0.0010316395419173157,0.0011841394542521195,0.000152650815154122,0.0073412930190563715
rule,decision_gross_exposure,2025,2019-2025,2025-04-01T00:00:00+01:00,2,58,3.204556341694608,3.323149673087252,0.0027665789672452045,0.00290136794214786,0.00013511234347171424,0.006976917586609221
rule,decision_turnover,2009,2009-2018,2009-04-03T00:00:00+01:00,0,150,0.0,1.600000023841858,0.00019115757177530068,0.00031527009607367276,0.0001241154214152819,0.030030108295712208
rule,decision_turnover,2009,2009-2018,2009-04-03T00:00:00+01:00,1,24,3.200000047683716,3.200000047683716,0.0023301825902223177,0.002546635645038244,0.000217075139082892,0.03379146728914346
rule,decision_turnover,2009,2009-2018,2009-04-03T00:00:00+01:00,2,2,4.800000071525574,4.800000071525574,-0.015297093593494356,-0.015070343067177342,0.00022330804738133364,0.02357106118617991
rule,decision_turnover,2010,2009-2018,2010-03-31T00:00:00+01:00,0,148,0.0,1.600000023841858,-2.212009808701898e-06,0.00011743182373551493,0.00011964927798035029,0.029676493760879413
rule,decision_turnover,2010,2009-2018,2010-03-31T00:00:00+01:00,1,29,3.200000047683716,3.200000047683716,0.001299991955829007,0.0015094409968021796,0.0002099131261011795,0.024455487790056157
rule,decision_turnover,2010,2009-2018,2010-03-31T00:00:00+01:00,2,1,4.800000071525574,4.800000071525574,-0.03428210798657388,-0.03401134613091991,0.00026167229779380026,0.04079323345656427
rule,decision_turnover,2011,2009-2018,2011-03-31T00:00:00+01:00,0,144,0.0,1.600000023841858,0.0016300804124422474,0.001755863451346873,0.0001259482076690056,0.02362104807496575
rule,decision_turnover,2011,2009-2018,2011-03-31T00:00:00+01:00,1,31,3.200000047683716,3.200000047683716,-0.0003075988104342197,-8.57605595237328e-05,0.00022175294611706504,0.01957041622923243
rule,decision_turnover,2011,2009-2018,2011-03-31T00:00:00+01:00,2,1,4.800000071525574,4.800000071525574,0.0044157072615786845,0.004765559516789635,0.00035146199247333514,0.021859259036590473
rule,decision_turnover,2012,2009-2018,2012-03-29T00:00:00+01:00,0,152,0.0,1.600000023841858,-0.00037594022184700616,-0.0002576512738742066,0.00011823788940696591,0.023779972264663208
rule,decision_turnover,2012,2009-2018,2012-03-29T00:00:00+01:00,1,23,3.200000047683716,3.200000047683716,9.861274078387438e-05,0.0003001820682238089,0.0002015842161045492,0.02440927863290846
rule,decision_turnover,2012,2009-2018,2012-03-29T00:00:00+01:00,2,3,4.800000071525574,4.800000071525574,0.00330675306249729,0.003595292131886508,0.0002892060043890414,0.015921334247810132
rule,decision_turnover,2013,2009-2018,2013-04-01T00:00:00+01:00,0,146,0.0,1.600000023841858,0.0005517789078366329,0.0006809894834162317,0.0001292594265731852,0.021000626720585558
rule,decision_turnover,2013,2009-2018,2013-04-01T00:00:00+01:00,1,30,3.200000047683716,3.200000047683716,0.0005645689481438324,0.0007754363630004563,0.00021091369285599972,0.015767425689040403
rule,decision_turnover,2013,2009-2018,2013-04-01T00:00:00+01:00,2,1,4.800000071525574,4.800000071525574,0.008001585540876674,0.008231535619177527,0.00023182407747639154,0.03403451301427929
rule,decision_turnover,2014,2009-2018,2014-03-31T00:00:00+01:00,0,153,0.0,1.600000023841858,0.00019980703483095757,0.0003210964567900468,0.00012126354703603298,0.02188280106684354
rule,decision_turnover,2014,2009-2018,2014-03-31T00:00:00+01:00,1,25,3.200000047683716,3.200000047683716,-0.0014494686444814317,-0.001241694097127844,0.00020746100945699287,0.02108676081007729
rule,decision_turnover,2014,2009-2018,2014-03-31T00:00:00+01:00,2,1,4.800000071525574,4.800000071525574,-0.0009539016092207315,-0.0006860383208699331,0.00026764373932410424,0.05498355465812188
rule,decision_turnover,2015,2009-2018,2015-03-31T00:00:00+01:00,0,143,0.0,1.600000023841858,0.00011264451485311023,0.00023704914338530547,0.00012438571461160174,0.021911885467095972
rule,decision_turnover,2015,2009-2018,2015-03-31T00:00:00+01:00,1,35,3.200000047683716,4.800000071525574,0.0016462163701208708,0.0018532942492482083,0.0002073560278269457,0.01668705377858033
rule,decision_turnover,2015,2009-2018,2015-03-31T00:00:00+01:00,2,1,6.400000095367432,6.400000095367432,0.009354989297684599,0.009654314278350272,0.0003021835247141357,0.015987154281451255
rule,decision_turnover,2016,2009-2018,2016-03-30T00:00:00+01:00,0,154,0.0,1.600000023841858,0.00021096162726563282,0.00032886148251400613,0.00011793237497752326,0.024241436648600716
rule,decision_turnover,2016,2009-2018,2016-03-30T00:00:00+01:00,1,23,3.200000047683716,3.200000047683716,-0.0015318559192433214,-0.00132125409121438,0.00021026421821245106,0.021964078034608158
rule,decision_turnover,2016,2009-2018,2016-03-30T00:00:00+01:00,2,1,4.800000071525574,4.800000071525574,0.0006038295501376586,0.0008631544036328732,0.00025951513669857757,0.0003301217259029654
rule,decision_turnover,2017,2009-2018,2017-03-30T00:00:00+01:00,0,155,0.0,1.600000023841858,-0.00038197130469724453,-0.00026520254702548386,0.00011668246707771767,0.020586435716325582
rule,decision_turnover,2017,2009-2018,2017-03-30T00:00:00+01:00,1,18,3.200000047683716,3.200000047683716,-0.000736045913573275,-0.0005140227262464191,0.00022201404780067065,0.02754655771700196
rule,decision_turnover,2017,2009-2018,2017-03-30T00:00:00+01:00,2,3,4.800000071525574,4.800000071525574,-0.001735410147744841,-0.0013605034225479366,0.0003743679351712145,0.03593254963031182
rule,decision_turnover,2018,2009-2018,2018-03-29T00:00:00+01:00,0,81,0.0,0.0,-0.0010437655506844278,-0.0009552416326521892,8.84426401367111e-05,0.021198508441404536
rule,decision_turnover,2018,2009-2018,2018-03-29T00:00:00+01:00,1,81,1.600000023841858,1.600000023841858,-0.0001764241025834535,-2.783291003956922e-05,0.00014863188364180424,0.019670024849655306
rule,decision_turnover,2018,2009-2018,2018-03-29T00:00:00+01:00,2,17,3.200000047683716,3.200000047683716,-0.0005949058901027278,-0.0003721995372782215,0.00022269853770171192,0.020129183530966592
rule,decision_turnover,2019,2019-2025,2019-03-29T00:00:00+00:00,0,149,0.0,1.600000023841858,-0.00022246148148780036,-0.0001031566320359563,0.00011929940965245104,0.015023045831667584
rule,decision_turnover,2019,2019-2025,2019-03-29T00:00:00+00:00,1,25,3.200000047683716,3.200000047683716,-0.00030374728791140125,-8.1887623180707e-05,0.00022181850420212367,0.01638086079446949
rule,decision_turnover,2019,2019-2025,2019-03-29T00:00:00+00:00,2,4,4.800000071525574,4.800000071525574,-0.00020670040541397375,3.528694478739506e-05,0.00024196309496177045,0.015312865285523392
rule,decision_turnover,2020,2019-2025,2020-03-30T00:00:00+01:00,0,154,0.0,1.600000023841858,6.403889773627888e-05,0.00018951175153445837,0.00012549708781778933,0.02179981217230822
rule,decision_turnover,2020,2019-2025,2020-03-30T00:00:00+01:00,1,23,3.200000047683716,3.200000047683716,0.002916552622669957,0.003116610403939001,0.00020055636193373963,0.026462308582239108
rule,decision_turnover,2020,2019-2025,2020-03-30T00:00:00+01:00,2,3,4.800000071525574,4.800000071525574,0.004445275428832451,0.004699470420371501,0.000255390564948267,0.03910343846423255
rule,decision_turnover,2021,2019-2025,2021-03-31T00:00:00+01:00,0,144,0.0,1.600000023841858,0.00029319566539448436,0.00041532906185820224,0.00012208114650635624,0.012814647507317778
rule,decision_turnover,2021,2019-2025,2021-03-31T00:00:00+01:00,1,29,3.200000047683716,3.200000047683716,0.0006457720029050181,0.0008574238392192182,0.00021183048081458363,0.014157918288138048
rule,decision_turnover,2021,2019-2025,2021-03-31T00:00:00+01:00,2,5,4.800000071525574,4.800000071525574,0.002005951196261696,0.0023110756728014835,0.0003057532734582903,0.016761543832211956
rule,decision_turnover,2022,2019-2025,2022-03-31T00:00:00+01:00,0,151,0.0,1.600000023841858,0.00020216909404434166,0.00032026364960683566,0.00011806292023659723,0.02638481145405978
rule,decision_turnover,2022,2019-2025,2022-03-31T00:00:00+01:00,1,21,3.200000047683716,3.200000047683716,-0.00042775317214886516,-0.0002226210310208954,0.00020503713615448638,0.025689527191214423
rule,decision_turnover,2022,2019-2025,2022-03-31T00:00:00+01:00,2,5,4.800000071525574,4.800000071525574,0.0003111559419815528,0.0005940897422561566,0.00028311475122894727,0.013281347334234273
rule,decision_turnover,2023,2019-2025,2023-03-30T00:00:00+01:00,0,152,0.0,1.600000023841858,-0.00018077772529983746,-6.378803099800636e-05,0.00011694257780301162,0.020896655640773615
rule,decision_turnover,2023,2019-2025,2023-03-30T00:00:00+01:00,1,25,3.200000047683716,3.200000047683716,0.0005560675206902479,0.0007667132732399889,0.0002107904399843794,0.01712315234462015
rule,decision_turnover,2023,2019-2025,2023-03-30T00:00:00+01:00,2,1,4.800000071525574,4.800000071525574,-0.002480755021260863,-0.0021122844785962163,0.0003676253157798357,0.018984492574891876
rule,decision_turnover,2024,2019-2025,2024-03-28T00:00:00+00:00,0,143,0.0,1.600000023841858,0.0008083983380161732,0.0009373912748037496,0.00012908748119569427,0.01223972391536765
rule,decision_turnover,2024,2019-2025,2024-03-28T00:00:00+00:00,1,32,3.200000047683716,3.200000047683716,-0.0007877840355695521,-0.0005939358801195443,0.0001936778779922386,0.018011704099403877
rule,decision_turnover,2024,2019-2025,2024-03-28T00:00:00+00:00,2,4,4.800000071525574,4.800000071525574,-0.0011425886160454342,-0.000853671356981628,0.00028879014610248404,0.016360989774721335
rule,decision_turnover,2025,2019-2025,2025-04-01T00:00:00+01:00,0,136,0.0,1.600000023841858,0.00126785438789644,0.001394658691644705,0.00012695285455033504,0.00655431866021928
rule,decision_turnover,2025,2019-2025,2025-04-01T00:00:00+01:00,1,36,3.200000047683716,3.200000047683716,0.0013664882393179412,0.001589046012664177,0.00022287891382625892,0.010434259426238197
rule,decision_turnover,2025,2019-2025,2025-04-01T00:00:00+01:00,2,2,4.800000071525574,4.800000071525574,-0.005480334271831345,-0.005260901689034706,0.00021822765592763874,0.012528909626720153
