scenario,fold,policy,status,result_path,pairs_path,coverage.measurement_start,coverage.measurement_end,coverage.first_decision,coverage.last_mark,coverage.planned_last_mark,coverage.initial_flat_seconds,coverage.trailing_coverage_gap_seconds,coverage.elapsed_seconds,metrics.steps,metrics.cumulative_log_return,metrics.gross_cumulative_log_return,metrics.annualized_net_return,metrics.annualized_gross_return,metrics.final_equity_ratio,metrics.sharpe_annualized,metrics.max_drawdown,metrics.total_cost_ratio,metrics.mean_gross_leverage,metrics.mean_weight_turnover,metrics.total_weight_turnover,metrics.terminated_by_margin_call,metrics.eval_start,metrics.eval_end,metrics.annualized_gross_minus_net,metrics.total_price_pnl_jpy,metrics.total_financing_jpy,metrics.total_spread_jpy,metrics.total_commission_jpy,metrics.total_overnight_jpy,metrics.total_actual_traded_notional_jpy,metrics.mean_target_gross_exposure,metrics.mean_target_net_exposure,metrics.period_net_return,metrics.period_gross_return,metrics.annualized_net_volatility
F0,2009,canonical,complete,fold-2009/F0-canonical.json.gz,fold-2009/F0-canonical-pairs.csv.gz,2009-05-05T23:00:00+00:00,2010-01-01T00:00:00+00:00,2009-05-05T23:00:00+00:00,2009-12-31T00:00:00+00:00,2009-12-31T00:00:00+00:00,0.0,86400.0,20653200.0,171,-0.005530593351301582,0.018165603111294008,-0.008415009450731686,0.028145414604205318,0.9944846722245788,-0.05027613898293384,0.13656967133632725,0.02334691500622723,3.1989852551071607,1.2631579135593616,216.00000321865082,False,2009-05-05T23:00:00+00:00,2009-12-31T00:00:00+00:00,0.03656042405493701,26163.93624783072,-8332.34901702433,8306.28364213202,0.0,15040.631364095218,218039989.19017658,3.200000047683716,0.0,-0.005515327775421186,0.0183316013085085,0.16759182529229066
F0,2009,ridge,complete,fold-2009/F0-ridge.json.gz,fold-2009/F0-ridge-pairs.csv.gz,2009-05-05T23:00:00+00:00,2010-01-01T00:00:00+00:00,2009-05-05T23:00:00+00:00,2009-12-31T00:00:00+00:00,2009-12-31T00:00:00+00:00,0.0,86400.0,20653200.0,171,0.01664506503505049,0.06397803544119494,0.025759449713420094,0.10269471115812884,1.0167843659477211,0.19211992250798393,0.09217370252771728,0.0500153875250992,3.1994681691029845,5.09941528066557,872.0000129938126,False,2009-05-05T23:00:00+00:00,2009-12-31T00:00:00+00:00,0.07693526144470875,66786.86722868156,12.88624414004029,33852.50682582356,0.0,16162.880699275647,922180551.9700692,3.200000047683716,0.0,0.016784365947721147,0.06606898276948293,0.13199458518116433
F0,2009,ppo_ens3,complete,fold-2009/F0-ppo_ens3.json.gz,fold-2009/F0-ppo_ens3-pairs.csv.gz,2009-05-05T23:00:00+00:00,2010-01-01T00:00:00+00:00,2009-05-05T23:00:00+00:00,2009-12-31T00:00:00+00:00,2009-12-31T00:00:00+00:00,0.0,86400.0,20653200.0,171,-0.21137541071402682,-0.19239408496353694,-0.27600921657560745,-0.25470383372386773,0.8094701260755154,-0.6026671868071769,0.3325743967935574,0.0174078104764066,2.7289611697494016,0.936399767627705,160.12436026433755,False,2009-05-05T23:00:00+00:00,2009-12-31T00:00:00+00:00,0.021305382851739718,-160314.85222668166,-12807.211221395573,5438.569191123575,0.0,11969.241285283022,146914587.13007206,2.7269314160735254,2.1642673353042334,-0.19052987392448462,-0.17501830845761243,0.5343427732797436
F1,2009,canonical,complete,fold-2009/F1-canonical.json.gz,fold-2009/F1-canonical-pairs.csv.gz,2009-05-05T23:00:00+00:00,2010-01-01T00:00:00+00:00,2009-05-05T23:00:00+00:00,2009-12-31T00:00:00+00:00,2009-12-31T00:00:00+00:00,0.0,86400.0,20653200.0,171,-0.013930352451485023,0.018165603111292068,-0.02106031615724786,0.02814541460420227,0.9861662259311431,-0.126615685973955,0.14092124536331985,0.031523250628795234,3.19914255181342,1.2631579135593616,216.00000321865082,False,2009-05-05T23:00:00+00:00,2009-12-31T00:00:00+00:00,0.04920573076145013,25997.896075422832,-8308.419515483769,16544.54327929846,0.0,14978.707349496775,217148898.47341022,3.200000047683716,0.0,-0.013833774068856886,0.018331601308506525,0.16761682667585207
F1,2009,ridge,complete,fold-2009/F1-ridge.json.gz,fold-2009/F1-ridge-pairs.csv.gz,2009-05-05T23:00:00+00:00,2010-01-01T00:00:00+00:00,2009-05-05T23:00:00+00:00,2009-12-31T00:00:00+00:00,2009-12-31T00:00:00+00:00,0.0,86400.0,20653200.0,171,-0.015407582265124647,0.06397803544119893,-0.023267459646329796,0.10269471115813554,0.984710507261225,-0.17778445258876713,0.1035236743177359,0.08256192545572849,3.2000677533544457,5.09941528066557,872.0000129938126,False,2009-05-05T23:00:00+00:00,2009-12-31T00:00:00+00:00,0.12596217080446534,67267.13047408518,5.302242867551996,66647.16933065835,0.0,15914.75612507017,907824829.5906996,3.200000047683716,0.0,-0.015289492738775001,0.06606898276948718,0.1320333791232053
F1,2009,ppo_ens3,complete,fold-2009/F1-ppo_ens3.json.gz,fold-2009/F1-ppo_ens3-pairs.csv.gz,2009-05-05T23:00:00+00:00,2010-01-01T00:00:00+00:00,2009-05-05T23:00:00+00:00,2009-12-31T00:00:00+00:00,2009-12-31T00:00:00+00:00,0.0,86400.0,20653200.0,171,-0.21731408162098387,-0.19239408496353713,-0.282549099550611,-0.25470383372386796,0.8046771952933764,-0.6195221677868786,0.33380759994073794,0.022787989221629442,2.7290526688942998,0.936399767627705,160.12436026433755,False,2009-05-05T23:00:00+00:00,2009-12-31T00:00:00+00:00,0.02784526582674307,-159752.08661956032,-12782.728865433555,10846.078352025275,0.0,11941.910869604171,146496654.1070421,2.7269314160735254,2.1642673353042334,-0.19532280470662355,-0.1750183084576126,0.5344093400390867
F2,2009,canonical,complete,fold-2009/F2-canonical.json.gz,fold-2009/F2-canonical-pairs.csv.gz,2009-05-05T23:00:00+00:00,2010-01-01T00:00:00+00:00,2009-05-05T23:00:00+00:00,2009-12-31T00:00:00+00:00,2009-12-31T00:00:00+00:00,0.0,86400.0,20653200.0,171,-0.020831304402084114,0.018165603111294903,-0.031328505277658444,0.028145414604206723,0.9793841684323683,-0.18935430704893277,0.14504967444665007,0.03809922450977868,3.1992714261012276,1.2631579135593616,216.00000321865082,False,2009-05-05T23:00:00+00:00,2009-12-31T00:00:00+00:00,0.059473919881865164,25770.66332688892,-8287.270384742225,8243.718056914386,0.0,29855.50645286431,216402603.86733726,3.200000047683716,0.0,-0.020615831567631693,0.018331601308509412,0.16760396908849962
F2,2009,ridge,complete,fold-2009/F2-ridge.json.gz,fold-2009/F2-ridge-pairs.csv.gz,2009-05-05T23:00:00+00:00,2010-01-01T00:00:00+00:00,2009-05-05T23:00:00+00:00,2009-12-31T00:00:00+00:00,2009-12-31T00:00:00+00:00,0.0,86400.0,20653200.0,171,0.001346110124481964,0.06397803544119514,0.0020589410738428788,0.10269471115812917,1.0013470165373803,0.015536818425940084,0.09681721876441485,0.06567442908366303,3.199754390753473,5.09941528066557,872.0000129938126,False,2009-05-05T23:00:00+00:00,2009-12-31T00:00:00+00:00,0.10063577008428629,67012.11974773115,9.325873312621212,33592.307782142234,0.0,32082.12130152078,915119107.8733616,3.200000047683716,0.0,0.001347016537380341,0.06606898276948314,0.1319962284901682
F2,2009,ppo_ens3,complete,fold-2009/F2-ppo_ens3.json.gz,fold-2009/F2-ppo_ens3-pairs.csv.gz,2009-05-05T23:00:00+00:00,2010-01-01T00:00:00+00:00,2009-05-05T23:00:00+00:00,2009-12-31T00:00:00+00:00,2009-12-31T00:00:00+00:00,0.0,86400.0,20653200.0,171,-0.22442098084879838,-0.19239408496353663,-0.2902978745969848,-0.2547038337238674,0.7989787088249657,-0.639847834998557,0.3361264018507736,0.029185799090762132,2.7292037792816832,0.936399767627705,160.12436026433755,False,2009-05-05T23:00:00+00:00,2009-12-31T00:00:00+00:00,0.035594040873117405,-159096.54058090888,-12738.95150336324,5397.356332546848,0.0,23788.44275821526,145805050.74603748,2.7269314160735254,2.1642673353042334,-0.2010212911750343,-0.17501830845761218,0.5343548718051923
F0,2010,canonical,complete,fold-2010/F0-canonical.json.gz,fold-2010/F0-canonical-pairs.csv.gz,2010-01-01T00:00:00+00:00,2011-01-01T00:00:00+00:00,2010-01-01T00:00:00+00:00,2010-12-31T00:00:00+00:00,2010-12-31T00:00:00+00:00,0.0,86400.0,31449600.0,260,0.028485418730877447,0.063641490927241,0.028995660392063295,0.06594319891406393,1.028895008130132,0.16754888617352526,0.12285464556047287,0.03697957845852143,3.2013312310630635,1.2123077103724846,315.200004696846,False,2010-01-01T00:00:00+00:00,2010-12-31T00:00:00+00:00,0.03694753852200064,72898.91905884001,-7024.332470185384,12492.529344148586,0.0,24487.04911437285,339844489.8574817,3.200000047683716,0.0,0.028895008130132016,0.06571026346772771,0.17026803021276232
F0,2010,ridge,complete,fold-2010/F0-ridge.json.gz,fold-2010/F0-ridge-pairs.csv.gz,2010-01-01T00:00:00+00:00,2011-01-01T00:00:00+00:00,2010-01-01T00:00:00+00:00,2010-12-31T00:00:00+00:00,2010-12-31T00:00:00+00:00,0.0,86400.0,31449600.0,260,0.01457837837342641,0.08693039360280193,0.014735960776270035,0.09114643452397084,1.0146851612072636,0.10284824263501309,0.12173464800344069,0.07231980708864061,3.2009416813562552,5.083076998820672,1321.6000196933746,False,2010-01-01T00:00:00+00:00,2010-12-31T00:00:00+00:00,0.0764104737477008,93761.11509339808,-6756.146797494108,49046.59478100537,0.0,23273.212307635236,1322757927.1978421,3.200000047683716,0.0,0.014685161207263597,0.09082074897335067,0.14195947730256103
F0,2010,ppo_ens3,complete,fold-2010/F0-ppo_ens3.json.gz,fold-2010/F0-ppo_ens3-pairs.csv.gz,2010-01-01T00:00:00+00:00,2011-01-01T00:00:00+00:00,2010-01-01T00:00:00+00:00,2010-12-31T00:00:00+00:00,2010-12-31T00:00:00+00:00,0.0,86400.0,31449600.0,260,0.12920563874006918,0.15203173000461984,0.1384291111147184,0.16480514671423074,1.1379241013860213,0.40815482519876933,0.22485782563344103,0.024762575353462424,1.9063382131026816,0.9120802215126996,237.14085759330192,False,2010-01-01T00:00:00+00:00,2010-12-31T00:00:00+00:00,0.02637603559951235,158715.0166656371,3971.660073845427,9666.78094545081,0.0,15095.794408011618,255922771.3120288,1.9065082225405883,-0.04576135042508703,0.1379241013860213,0.16419717582783305,0.317036001003923
F1,2010,canonical,complete,fold-2010/F1-canonical.json.gz,fold-2010/F1-canonical-pairs.csv.gz,2010-01-01T00:00:00+00:00,2011-01-01T00:00:00+00:00,2010-01-01T00:00:00+00:00,2010-12-31T00:00:00+00:00,2010-12-31T00:00:00+00:00,0.0,86400.0,31449600.0,260,0.016620242465816837,0.06364149092723766,0.016817160252543942,0.06594319891406036,1.016759127060651,0.09778393455369558,0.12706516593834227,0.049184855140688044,3.201477391486002,1.2123077103724846,315.200004696846,False,2010-01-01T00:00:00+00:00,2010-12-31T00:00:00+00:00,0.04912603866151642,72923.24984654032,-6979.267645200207,24839.294077811974,0.0,24345.561062876084,337870794.0100547,3.200000047683716,0.0,0.01675912706065108,0.06571026346772414,0.17022443296233364
F1,2010,ridge,complete,fold-2010/F1-ridge.json.gz,fold-2010/F1-ridge-pairs.csv.gz,2010-01-01T00:00:00+00:00,2011-01-01T00:00:00+00:00,2010-01-01T00:00:00+00:00,2010-12-31T00:00:00+00:00,2010-12-31T00:00:00+00:00,0.0,86400.0,31449600.0,260,-0.03449056843485082,0.08693039360280282,-0.03401696913954981,0.0911464345239718,0.966097451454577,-0.24319269911727484,0.13468783649923777,0.11842403167635338,3.201545879425977,5.083076998820672,1321.6000196933746,False,2010-01-01T00:00:00+00:00,2010-12-31T00:00:00+00:00,0.1251634036635216,91119.57057068631,-6598.087439757291,95709.36460008513,0.0,22714.66707626827,1290664403.3746235,3.200000047683716,0.0,-0.03390254854542296,0.09082074897335164,0.14203712338412602
F1,2010,ppo_ens3,complete,fold-2010/F1-ppo_ens3.json.gz,fold-2010/F1-ppo_ens3-pairs.csv.gz,2010-01-01T00:00:00+00:00,2011-01-01T00:00:00+00:00,2010-01-01T00:00:00+00:00,2010-12-31T00:00:00+00:00,2010-12-31T00:00:00+00:00,0.0,86400.0,31449600.0,260,0.12031405864470829,0.1520317300046182,0.12831709375333378,0.16480514671422886,1.1278510073224202,0.3800334542318839,0.22666158238356404,0.034274734292854325,1.9064038775300827,0.9120802215126996,237.14085759330192,False,2010-01-01T00:00:00+00:00,2010-12-31T00:00:00+00:00,0.03648805296089508,158175.2532459524,3950.4883693214592,19246.839449426796,0.0,15027.894843427523,254768944.31072173,1.9065082225405883,-0.04576135042508703,0.12785100732242016,0.16419717582783114,0.31706375400394643
F2,2010,canonical,complete,fold-2010/F2-canonical.json.gz,fold-2010/F2-canonical-pairs.csv.gz,2010-01-01T00:00:00+00:00,2011-01-01T00:00:00+00:00,2010-01-01T00:00:00+00:00,2010-12-31T00:00:00+00:00,2010-12-31T00:00:00+00:00,0.0,86400.0,31449600.0,260,0.005188262649584663,0.06364149092724243,0.005219654665008945,0.06594319891406546,1.0052017449908037,0.030513460963439595,0.13235634728044443,0.06075786486249143,3.201618039513398,1.2123077103724846,315.200004696846,False,2010-01-01T00:00:00+00:00,2010-12-31T00:00:00+00:00,0.06072354424905651,72893.31768998131,-6933.707836685289,12346.77295628677,0.0,48411.09190620464,335901837.6514943,3.200000047683716,0.0,0.005201744990803725,0.06571026346772924,0.17028740709977994
F2,2010,ridge,complete,fold-2010/F2-ridge.json.gz,fold-2010/F2-ridge-pairs.csv.gz,2010-01-01T00:00:00+00:00,2011-01-01T00:00:00+00:00,2010-01-01T00:00:00+00:00,2010-12-31T00:00:00+00:00,2010-12-31T00:00:00+00:00,0.0,86400.0,31449600.0,260,-0.008733513892884893,0.08693039360280326,-0.008725217768494269,0.09114643452397228,0.9913045124578331,-0.06156786471037524,0.12796071984724233,0.09446914460903083,3.201228733253426,5.083076998820672,1321.6000196933746,False,2010-01-01T00:00:00+00:00,2010-12-31T00:00:00+00:00,0.09987165229246656,92453.10267270691,-6679.445605843766,48466.02057870419,0.0,46003.124030326675,1307127208.1677263,3.200000047683716,0.0,-0.008695487542166869,0.09082074897335213,0.14206495979218584
F2,2010,ppo_ens3,complete,fold-2010/F2-ppo_ens3.json.gz,fold-2010/F2-ppo_ens3-pairs.csv.gz,2010-01-01T00:00:00+00:00,2011-01-01T00:00:00+00:00,2010-01-01T00:00:00+00:00,2010-12-31T00:00:00+00:00,2010-12-31T00:00:00+00:00,0.0,86400.0,31449600.0,260,0.11526827135158083,0.15203173000461725,0.12261873261152444,0.16480514671422775,1.1221744444492945,0.3641101491825147,0.22747179195571265,0.03957845889314257,1.9064655626873703,0.9120802215126996,237.14085759330192,False,2010-01-01T00:00:00+00:00,2010-12-31T00:00:00+00:00,0.04218641410270331,157812.93160827953,3939.971734157197,9598.984628987344,0.0,29979.474264155226,254118592.9921338,1.9065082225405883,-0.04576135042508703,0.12217444444929448,0.16419717582783006,0.3170509396272324
F0,2011,canonical,complete,fold-2011/F0-canonical.json.gz,fold-2011/F0-canonical-pairs.csv.gz,2011-07-13T23:00:00+00:00,2012-01-01T00:00:00+00:00,2011-07-13T23:00:00+00:00,2011-12-30T00:00:00+00:00,2011-12-30T00:00:00+00:00,0.0,172800.0,14605200.0,121,0.1955457767125117,0.21292691345169737,0.5257982146207908,0.5841900804816018,1.2159744559612415,2.0876735789284444,0.07708769874683341,0.0196577286570299,3.197367031415102,1.3884297727553312,168.00000250339508,False,2011-07-13T23:00:00+00:00,2011-12-30T00:00:00+00:00,0.05839186586081102,234762.3648864529,869.8197318182501,7492.721362170703,0.0,12165.007294859197,194110462.50951102,3.200000047683716,0.0,0.21597445596124154,0.23729421837527204,0.20154881185246712
F0,2011,ridge,complete,fold-2011/F0-ridge.json.gz,fold-2011/F0-ridge-pairs.csv.gz,2011-07-13T23:00:00+00:00,2012-01-01T00:00:00+00:00,2011-07-13T23:00:00+00:00,2011-12-30T00:00:00+00:00,2011-12-30T00:00:00+00:00,0.0,172800.0,14605200.0,121,0.03871414811861627,0.07206503771711485,0.08724833650960268,0.16848920813473386,1.0394733057776488,0.4504185582641435,0.10304343084472234,0.03524013351864171,3.2023965417855824,4.9851240412262845,603.2000089883804,False,2011-07-13T23:00:00+00:00,2011-12-30T00:00:00+00:00,0.08124087162513119,78259.09146559818,-3545.65216930819,23802.779030309535,0.0,11437.35448833217,638523481.3143859,3.200000047683716,0.0,0.03947330577764885,0.07472523946697089,0.18494722851119935
F0,2011,ppo_ens3,complete,fold-2011/F0-ppo_ens3.json.gz,fold-2011/F0-ppo_ens3-pairs.csv.gz,2011-07-13T23:00:00+00:00,2012-01-01T00:00:00+00:00,2011-07-13T23:00:00+00:00,2011-12-30T00:00:00+00:00,2011-12-30T00:00:00+00:00,0.0,172800.0,14605200.0,121,0.13680844766581554,0.14576816490516203,0.3439369987966003,0.370208221386969,1.1466084919501758,1.7381868653370929,0.09273429248249121,0.009241831265884133,1.4403284861437775,0.9327516509342673,112.86294976304634,False,2011-07-13T23:00:00+00:00,2011-12-30T00:00:00+00:00,0.026271222590368737,156474.5898663638,-624.2666503059241,4320.508993652058,0.0,4921.322272232076,115743085.31178278,1.4422506551436978,-0.023128122144570183,0.14660849195017578,0.1569279404585978,0.16936000105757468
F1,2011,canonical,complete,fold-2011/F1-canonical.json.gz,fold-2011/F1-canonical-pairs.csv.gz,2011-07-13T23:00:00+00:00,2012-01-01T00:00:00+00:00,2011-07-13T23:00:00+00:00,2011-12-30T00:00:00+00:00,2011-12-30T00:00:00+00:00,0.0,172800.0,14605200.0,121,0.18896632730335722,0.2129269134516968,0.5042604937714348,0.5841900804815998,1.2080002751712384,2.0175686999111426,0.07747168645369995,0.027060885179649136,3.1975410215031626,1.3884297727553312,168.00000250339508,False,2011-07-13T23:00:00+00:00,2011-12-30T00:00:00+00:00,0.07992958671016503,234192.11253310196,869.0478177855179,14935.36397402736,0.0,12125.521205621775,193478463.82997593,3.200000047683716,0.0,0.20800027517123842,0.23729421837527132,0.2015350034219298
F1,2011,ridge,complete,fold-2011/F1-ridge.json.gz,fold-2011/F1-ridge-pairs.csv.gz,2011-07-13T23:00:00+00:00,2012-01-01T00:00:00+00:00,2011-07-13T23:00:00+00:00,2011-12-30T00:00:00+00:00,2011-12-30T00:00:00+00:00,0.0,172800.0,14605200.0,121,0.016175193009985152,0.0720650377171121,0.03556782494580423,0.16848920813472693,1.016306719643744,0.18805911744313178,0.10902128878913542,0.058388982529817335,3.202993586316894,4.9851240412262845,603.2000089883804,False,2011-07-13T23:00:00+00:00,2011-12-30T00:00:00+00:00,0.1329213831889227,78205.16561435485,-3509.4634407916437,47077.21242737631,0.0,11311.770102441033,631435068.4359285,3.200000047683716,0.0,0.016306719643744083,0.07472523946696795,0.18507573142906092
F1,2011,ppo_ens3,complete,fold-2011/F1-ppo_ens3.json.gz,fold-2011/F1-ppo_ens3-pairs.csv.gz,2011-07-13T23:00:00+00:00,2012-01-01T00:00:00+00:00,2011-07-13T23:00:00+00:00,2011-12-30T00:00:00+00:00,2011-12-30T00:00:00+00:00,0.0,172800.0,14605200.0,121,0.13261208418165066,0.14576816490515793,0.3318064330819961,0.37020822138695686,1.141806987419057,1.6847355090396499,0.09443210373977373,0.013532886541545245,1.4403794472113582,0.9327516509342673,112.86294976304634,False,2011-07-13T23:00:00+00:00,2011-12-30T00:00:00+00:00,0.03840178830496077,155960.91656864595,-621.0426080424323,8622.965732983906,0.0,4909.920808561338,115500131.87230285,1.4422506551436978,-0.023128122144570183,0.14180698741905706,0.15692794045859304,0.16937361915349725
F2,2011,canonical,complete,fold-2011/F2-canonical.json.gz,fold-2011/F2-canonical-pairs.csv.gz,2011-07-13T23:00:00+00:00,2012-01-01T00:00:00+00:00,2011-07-13T23:00:00+00:00,2011-12-30T00:00:00+00:00,2011-12-30T00:00:00+00:00,0.0,172800.0,14605200.0,121,0.18474082144409457,0.21292691345169482,0.4905889627961936,0.5841900804815932,1.2029066321186652,1.9719161537330911,0.07814373243481954,0.03164370812274139,3.197652643612435,1.3884297727553312,168.00000250339508,False,2011-07-13T23:00:00+00:00,2011-12-30T00:00:00+00:00,0.09360111768539958,233682.7822040905,867.5580373159016,7449.309069650303,0.0,24194.39905309109,193013575.0255853,3.200000047683716,0.0,0.20290663211866522,0.23729421837526887,0.20158992447010518
F2,2011,ridge,complete,fold-2011/F2-ridge.json.gz,fold-2011/F2-ridge-pairs.csv.gz,2011-07-13T23:00:00+00:00,2012-01-01T00:00:00+00:00,2011-07-13T23:00:00+00:00,2011-12-30T00:00:00+00:00,2011-12-30T00:00:00+00:00,0.0,172800.0,14605200.0,121,0.027888834166400082,0.07206503771711296,0.06211231968312347,0.1684892081347291,1.0282813683120369,0.32428293785675033,0.10563406826488997,0.04642413379407843,3.2026832645759016,4.9851240412262845,603.2000089883804,False,2011-07-13T23:00:00+00:00,2011-12-30T00:00:00+00:00,0.10637688845160562,78233.43507244738,-3527.932966331819,23672.703332532805,0.0,22751.43046154563,635033799.3738099,3.200000047683716,0.0,0.02828136831203687,0.07472523946696887,0.18505492913874946
F2,2011,ppo_ens3,complete,fold-2011/F2-ppo_ens3.json.gz,fold-2011/F2-ppo_ens3-pairs.csv.gz,2011-07-13T23:00:00+00:00,2012-01-01T00:00:00+00:00,2011-07-13T23:00:00+00:00,2011-12-30T00:00:00+00:00,2011-12-30T00:00:00+00:00,0.0,172800.0,14605200.0,121,0.13204420673651898,0.14576816490515837,0.3301732842285588,0.3702082213869582,1.1411587650570583,1.6786164205197796,0.09466101488912648,0.014130285724022041,1.440394720746542,0.9327516509342673,112.86294976304634,False,2011-07-13T23:00:00+00:00,2011-12-30T00:00:00+00:00,0.0400349371583994,155909.63071016606,-620.579929085601,4311.217875972661,0.0,9819.067848049373,115493252.78561807,1.4422506551436978,-0.023128122144570183,0.14115876505705827,0.15692794045859354,0.16926309634763703
F0,2012,canonical,complete,fold-2012/F0-canonical.json.gz,fold-2012/F0-canonical-pairs.csv.gz,2012-01-01T00:00:00+00:00,2012-12-04T00:00:00+00:00,2012-01-02T00:00:00+00:00,2012-12-03T00:00:00+00:00,2012-12-03T00:00:00+00:00,86400.0,86400.0,29030400.0,240,-0.06182317964316285,-0.030572244956343794,-0.06499659522376428,-0.0326874968632222,0.9400490919123078,-0.6052962339431829,0.13816290837431877,0.0292929928834476,3.19959258480134,1.1066666831572851,265.6000039577484,False,2012-01-02T00:00:00+00:00,2012-12-03T00:00:00+00:00,0.03230909836054208,-27086.55436941835,-3571.3608348252274,9161.353504821518,0.0,20131.639378626092,254203211.63223398,3.200000047683716,0.0,-0.05995090808769221,-0.030109640150646738,0.11079690848244804
F0,2012,ridge,complete,fold-2012/F0-ridge.json.gz,fold-2012/F0-ridge-pairs.csv.gz,2012-01-01T00:00:00+00:00,2012-12-04T00:00:00+00:00,2012-01-02T00:00:00+00:00,2012-12-03T00:00:00+00:00,2012-12-03T00:00:00+00:00,86400.0,86400.0,29030400.0,240,-0.039494646236744535,0.02767123988930533,-0.04202423252642689,0.03053709743025096,0.9612751004161316,-0.41893145013131117,0.08761873750234084,0.06469098065089295,3.1992439038334126,5.160000076889991,1238.400018453598,False,2012-01-02T00:00:00+00:00,2012-12-03T00:00:00+00:00,0.07256132995667786,28678.30613906507,-2712.2250720396146,43969.26456184878,0.0,20721.716089044152,1193829889.9579928,3.200000047683716,0.0,-0.03872489958386838,0.02805764451244039,0.10226794751332663
F0,2012,ppo_ens3,complete,fold-2012/F0-ppo_ens3.json.gz,fold-2012/F0-ppo_ens3-pairs.csv.gz,2012-01-01T00:00:00+00:00,2012-12-04T00:00:00+00:00,2012-01-02T00:00:00+00:00,2012-12-03T00:00:00+00:00,2012-12-03T00:00:00+00:00,86400.0,86400.0,29030400.0,240,-0.09626694428437299,-0.06682845138412202,-0.09935790000086206,-0.07007013229673423,0.9082215391574108,-0.29866902555614827,0.43474369841118776,0.0225063309025431,2.894065877263114,1.0946564862875057,262.71755670900137,False,2012-01-02T00:00:00+00:00,2012-12-03T00:00:00+00:00,0.02928776770412783,-58349.861729382385,-10922.268210664204,7555.025716008699,0.0,14951.305186534413,200314891.63733375,2.890303197777757,1.3032870744026392,-0.09177846084258923,-0.06464435345917553,0.3496481851947681
F1,2012,canonical,complete,fold-2012/F1-canonical.json.gz,fold-2012/F1-canonical-pairs.csv.gz,2012-01-01T00:00:00+00:00,2012-12-04T00:00:00+00:00,2012-01-02T00:00:00+00:00,2012-12-03T00:00:00+00:00,2012-12-03T00:00:00+00:00,86400.0,86400.0,29030400.0,240,-0.0715613566162752,-0.030572244956342906,-0.07484226185722817,-0.03268749686322126,0.9309391565658981,-0.7011272089393773,0.1429968277284328,0.038276696423263534,3.199722272383382,1.1066666831572851,265.6000039577484,False,2012-01-02T00:00:00+00:00,2012-12-03T00:00:00+00:00,0.04215476499400691,-27220.943932418217,-3563.2030784196277,18236.481191642397,0.0,20040.215231621118,252998005.80424473,3.200000047683716,0.0,-0.0690608434341019,-0.030109640150645878,0.11071998559463724
F1,2012,ridge,complete,fold-2012/F1-ridge.json.gz,fold-2012/F1-ridge-pairs.csv.gz,2012-01-01T00:00:00+00:00,2012-12-04T00:00:00+00:00,2012-01-02T00:00:00+00:00,2012-12-03T00:00:00+00:00,2012-12-03T00:00:00+00:00,86400.0,86400.0,29030400.0,240,-0.0851755039243136,0.0276712398893083,-0.0884331398211938,0.03053709743025429,0.9183510960360246,-0.9030119806226288,0.11245378917840232,0.1062390116352161,3.1998530153835953,5.160000076889991,1238.400018453598,False,2012-01-02T00:00:00+00:00,2012-12-03T00:00:00+00:00,0.11897023725144809,27233.07473952114,-2642.9670682802634,85979.11877314406,0.0,20259.892862071967,1167206333.0187335,3.200000047683716,0.0,-0.0816489039639754,0.02805764451244344,0.10232116498505531
F1,2012,ppo_ens3,complete,fold-2012/F1-ppo_ens3.json.gz,fold-2012/F1-ppo_ens3-pairs.csv.gz,2012-01-01T00:00:00+00:00,2012-12-04T00:00:00+00:00,2012-01-02T00:00:00+00:00,2012-12-03T00:00:00+00:00,2012-12-03T00:00:00+00:00,86400.0,86400.0,29030400.0,240,-0.10616226737680229,-0.06682845138412086,-0.10899395934842127,-0.07007013229673306,0.8992787126382508,-0.3294012082975455,0.436036062101008,0.02992160595049458,2.8941759542113177,1.0946564862875057,262.71755670900137,False,2012-01-02T00:00:00+00:00,2012-12-03T00:00:00+00:00,0.0389238270516882,-59892.10894809358,-10907.57246316226,15034.45500922547,0.0,14887.150941269107,199312465.66708493,2.890303197777757,1.3032870744026392,-0.10072128736174923,-0.06464435345917444,0.3496143696082041
F2,2012,canonical,complete,fold-2012/F2-canonical.json.gz,fold-2012/F2-canonical-pairs.csv.gz,2012-01-01T00:00:00+00:00,2012-12-04T00:00:00+00:00,2012-01-02T00:00:00+00:00,2012-12-03T00:00:00+00:00,2012-12-03T00:00:00+00:00,86400.0,86400.0,29030400.0,240,-0.08334112840894892,-0.030572244956341903,-0.08661360321294484,-0.032687496863220214,0.9200372428414938,-0.8154347172864925,0.15006130745984858,0.048904616822165396,3.1998795158298363,1.1066666831572851,265.6000039577484,False,2012-01-02T00:00:00+00:00,2012-12-03T00:00:00+00:00,0.053926106349724626,-27508.03976146903,-3550.1005748721154,9061.813111832103,0.0,39842.8037103333,251423702.19185653,3.200000047683716,0.0,-0.0799627571585062,-0.030109640150644903,0.11087010415215393
F2,2012,ridge,complete,fold-2012/F2-ridge.json.gz,fold-2012/F2-ridge-pairs.csv.gz,2012-01-01T00:00:00+00:00,2012-12-04T00:00:00+00:00,2012-01-02T00:00:00+00:00,2012-12-03T00:00:00+00:00,2012-12-03T00:00:00+00:00,86400.0,86400.0,29030400.0,240,-0.06100675385732818,0.027671239889305865,-0.06416641270413505,0.03053709743025156,0.940816885611535,-0.6469817310886524,0.09512937244004427,0.08450542231383865,3.1995306571185167,5.160000076889991,1238.400018453598,False,2012-01-02T00:00:00+00:00,2012-12-03T00:00:00+00:00,0.0947035101343866,28001.646790256567,-2679.338864882349,43501.839567260045,0.0,41003.58274657857,1181130254.8429146,3.200000047683716,0.0,-0.05918311438846502,0.02805764451244094,0.10228929284399178
F2,2012,ppo_ens3,complete,fold-2012/F2-ppo_ens3.json.gz,fold-2012/F2-ppo_ens3-pairs.csv.gz,2012-01-01T00:00:00+00:00,2012-12-04T00:00:00+00:00,2012-01-02T00:00:00+00:00,2012-12-03T00:00:00+00:00,2012-12-03T00:00:00+00:00,86400.0,86400.0,29030400.0,240,-0.11581505900430067,-0.0668284513841253,-0.11829449520055958,-0.07007013229673754,0.8906399239013912,-0.35914760362162035,0.43864678213810226,0.03708586358157251,2.8943490521719086,1.0946564862875057,262.71755670900137,False,2012-01-02T00:00:00+00:00,2012-12-03T00:00:00+00:00,0.04822436290382204,-61389.318577518534,-10884.89393951675,7471.330231569853,0.0,29614.533350002665,198095805.98083204,2.890303197777757,1.3032870744026392,-0.10936007609860876,-0.0646443534591786,0.3498133154328509
F0,2013,canonical,complete,fold-2013/F0-canonical.json.gz,fold-2013/F0-canonical-pairs.csv.gz,2013-04-15T23:00:00+00:00,2013-10-07T23:00:00+00:00,2013-04-15T23:00:00+00:00,2013-10-06T23:00:00+00:00,2013-10-06T23:00:00+00:00,0.0,86400.0,15033600.0,124,0.10260140688597919,0.12023354416208153,0.2403263183695315,0.28709378005297514,1.1080496600783019,1.4624395183455101,0.06932532625185384,0.018387275326002494,3.19827854023601,1.3419355038673646,166.40000247955322,False,2013-04-15T23:00:00+00:00,2013-10-06T23:00:00+00:00,0.046767461683443645,120170.46906206149,6266.4663422435615,6783.085563312562,0.0,11604.189762689932,177105848.3210088,3.200000047683716,0.0,0.10804966007830186,0.12776020263768145,0.14667567355930985
F0,2013,ridge,complete,fold-2013/F0-ridge.json.gz,fold-2013/F0-ridge-pairs.csv.gz,2013-04-15T23:00:00+00:00,2013-10-07T23:00:00+00:00,2013-04-15T23:00:00+00:00,2013-10-06T23:00:00+00:00,2013-10-06T23:00:00+00:00,0.0,86400.0,15033600.0,124,0.02621300759014266,0.062438991357579014,0.05656673111749214,0.14004536461230452,1.0265595901708855,0.4221136937279549,0.07555669985257107,0.037345505217164,3.199534093498005,5.406451693465633,670.4000099897385,False,2013-04-15T23:00:00+00:00,2013-10-06T23:00:00+00:00,0.08347863349481238,61445.417802205084,2459.677585844945,25874.25249222616,0.0,11471.252724937865,691625606.2701707,3.200000047683716,0.0,0.026559590170885494,0.06442951753706908,0.1298285185461613
F0,2013,ppo_ens3,complete,fold-2013/F0-ppo_ens3.json.gz,fold-2013/F0-ppo_ens3-pairs.csv.gz,2013-04-15T23:00:00+00:00,2013-10-07T23:00:00+00:00,2013-04-15T23:00:00+00:00,2013-10-06T23:00:00+00:00,2013-10-06T23:00:00+00:00,0.0,86400.0,15033600.0,124,0.18139485141446937,0.19653213291195454,0.4634150988986354,0.5106621352247718,1.1988884686552028,1.1883712398101753,0.16753637190884818,0.01812397890983163,2.774179128489149,1.1731343897304505,145.46866432657586,False,2013-04-15T23:00:00+00:00,2013-10-06T23:00:00+00:00,0.04724703632613636,218484.01658828263,-1471.5690232466798,6583.828649221902,0.0,11540.150260609724,175917009.42647213,2.778392546387735,0.22563910756763372,0.19888846865520282,0.21717443160866404,0.31912109456209964
F1,2013,canonical,complete,fold-2013/F1-canonical.json.gz,fold-2013/F1-canonical-pairs.csv.gz,2013-04-15T23:00:00+00:00,2013-10-07T23:00:00+00:00,2013-04-15T23:00:00+00:00,2013-10-06T23:00:00+00:00,2013-10-06T23:00:00+00:00,0.0,86400.0,15033600.0,124,0.09610146340306366,0.12023354416208319,0.2235178915630424,0.28709378005297964,1.100870756420818,1.369356571801379,0.06972000981545068,0.02508693675743227,3.1984462530913205,1.3419355038673646,166.40000247955322,False,2013-04-15T23:00:00+00:00,2013-10-06T23:00:00+00:00,0.06357588848993725,119700.05580116602,6257.63737708347,13522.05114074259,0.0,11564.88561668968,176523324.9933647,3.200000047683716,0.0,0.100870756420818,0.12776020263768334,0.14672230464799405
F1,2013,ridge,complete,fold-2013/F1-ridge.json.gz,fold-2013/F1-ridge-pairs.csv.gz,2013-04-15T23:00:00+00:00,2013-10-07T23:00:00+00:00,2013-04-15T23:00:00+00:00,2013-10-06T23:00:00+00:00,2013-10-06T23:00:00+00:00,0.0,86400.0,15033600.0,124,0.0011036103946144241,0.06243899135757969,0.0023193159020581332,0.14004536461230613,1.001104219596653,0.01777909351177968,0.08132342937963899,0.06243734984436284,3.2001820476479876,5.406451693465633,670.4000099897385,False,2013-04-15T23:00:00+00:00,2013-10-06T23:00:00+00:00,0.137726048710248,61105.6953834927,2435.8740575229976,51108.59900635194,0.0,11328.750838010896,683077454.042783,3.200000047683716,0.0,0.0011042195966530777,0.06442951753706978,0.12977434859771958
F1,2013,ppo_ens3,complete,fold-2013/F1-ppo_ens3.json.gz,fold-2013/F1-ppo_ens3-pairs.csv.gz,2013-04-15T23:00:00+00:00,2013-10-07T23:00:00+00:00,2013-04-15T23:00:00+00:00,2013-10-06T23:00:00+00:00,2013-10-06T23:00:00+00:00,0.0,86400.0,15033600.0,124,0.175971632818438,0.19653213291195615,0.44684992723759903,0.5106621352247769,1.1924042330235298,1.152992542141076,0.16908233435553843,0.02464047519615441,2.7742952864009935,1.1731343897304505,145.46866432657586,False,2013-04-15T23:00:00+00:00,2013-10-06T23:00:00+00:00,0.06381220798717785,218495.11523982818,-1450.40702014318,13132.375092690878,0.0,11508.10010346353,175446593.55580953,2.778392546387735,0.22563910756763372,0.19240423302352982,0.217174431608666,0.31907946493260725
F2,2013,canonical,complete,fold-2013/F2-canonical.json.gz,fold-2013/F2-canonical-pairs.csv.gz,2013-04-15T23:00:00+00:00,2013-10-07T23:00:00+00:00,2013-04-15T23:00:00+00:00,2013-10-06T23:00:00+00:00,2013-10-06T23:00:00+00:00,0.0,86400.0,15033600.0,124,0.09146599895486611,0.12023354416208284,0.2116702113890499,0.2870937800529787,1.0957795184102732,1.3026706086660333,0.07034526908822047,0.02982386507449704,3.198566060724187,1.3419355038673646,166.40000247955322,False,2013-04-15T23:00:00+00:00,2013-10-06T23:00:00+00:00,0.0754235686639288,119350.6403621889,6252.743122580583,6746.155224926741,0.0,23077.7098495703,176130114.5085814,3.200000047683716,0.0,0.09577951841027321,0.12776020263768295,0.1467938148022548
F2,2013,ridge,complete,fold-2013/F2-ridge.json.gz,fold-2013/F2-ridge-pairs.csv.gz,2013-04-15T23:00:00+00:00,2013-10-07T23:00:00+00:00,2013-04-15T23:00:00+00:00,2013-10-06T23:00:00+00:00,2013-10-06T23:00:00+00:00,0.0,86400.0,15033600.0,124,0.015081371375009745,0.062438991357578334,0.032164319499041236,0.14004536461230288,1.0151956691223527,0.24295642168677276,0.07804432282022633,0.04854660933908809,3.199821315058542,5.406451693465633,670.4000099897385,False,2013-04-15T23:00:00+00:00,2013-10-06T23:00:00+00:00,0.10788104511326164,61293.097144262305,2449.1813171793774,25731.174583896664,0.0,22815.43475519142,687803035.8371649,3.200000047683716,0.0,0.015195669122352706,0.06442951753706835,0.12977622629718608
F2,2013,ppo_ens3,complete,fold-2013/F2-ppo_ens3.json.gz,fold-2013/F2-ppo_ens3-pairs.csv.gz,2013-04-15T23:00:00+00:00,2013-10-07T23:00:00+00:00,2013-04-15T23:00:00+00:00,2013-10-06T23:00:00+00:00,2013-10-06T23:00:00+00:00,0.0,86400.0,15033600.0,124,0.17167830410629983,0.19653213291195748,0.4338690787765359,0.5106621352247811,1.1872958235806823,1.1251723752785876,0.1702227083402864,0.029521528513092365,2.7744427609289777,1.1731343897304505,145.46866432657586,False,2013-04-15T23:00:00+00:00,2013-10-06T23:00:00+00:00,0.07679305644824519,218254.97900980536,-1437.6269160294632,6552.883601312035,0.0,22968.644911780324,175090754.45755485,2.778392546387735,0.22563910756763372,0.1872958235806823,0.21717443160866762,0.3189914501919345
F0,2014,canonical,complete,fold-2014/F0-canonical.json.gz,fold-2014/F0-canonical-pairs.csv.gz,2014-01-06T00:00:00+00:00,2015-01-01T00:00:00+00:00,2014-01-06T00:00:00+00:00,2014-12-31T00:00:00+00:00,2014-12-31T00:00:00+00:00,0.0,86400.0,31017600.0,257,0.034509297514451885,0.0701956130161177,0.035733722430916735,0.074029734532465,1.035111652296922,0.3157385541835377,0.11866237798190249,0.03862505349141147,3.1993715369046356,1.3011673345640011,334.4000049829483,False,2014-01-06T00:00:00+00:00,2014-12-31T00:00:00+00:00,0.03829601210154827,72691.16826808431,1045.5375202498728,13769.926058053361,0.0,24855.127433358106,366316395.4815525,3.200000047683716,0.0,0.035111652296921925,0.0727179983351695,0.11098331679398626
F0,2014,ridge,complete,fold-2014/F0-ridge.json.gz,fold-2014/F0-ridge-pairs.csv.gz,2014-01-06T00:00:00+00:00,2015-01-01T00:00:00+00:00,2014-01-06T00:00:00+00:00,2014-12-31T00:00:00+00:00,2014-12-31T00:00:00+00:00,0.0,86400.0,31017600.0,257,0.06280578970381065,0.13889164884694052,0.0659849476736,0.15178127517238338,1.0648200201372575,0.7012973309639594,0.08815397111605539,0.07530181722180956,3.198664989587096,5.453696579320885,1401.6000208854675,False,2014-01-06T00:00:00+00:00,2014-12-31T00:00:00+00:00,0.08579632749878338,143972.25987947136,-3850.422520405599,52563.83436862153,0.0,22737.982853188056,1387729456.665317,3.200000047683716,0.0,0.06482002013725752,0.14899959782746025,0.09093827077283363
F0,2014,ppo_ens3,complete,fold-2014/F0-ppo_ens3.json.gz,fold-2014/F0-ppo_ens3-pairs.csv.gz,2014-01-06T00:00:00+00:00,2015-01-01T00:00:00+00:00,2014-01-06T00:00:00+00:00,2014-12-31T00:00:00+00:00,2014-12-31T00:00:00+00:00,0.0,86400.0,31017600.0,257,-0.01693282373126083,0.013484963317205188,-0.017080068375976632,0.013814276772312735,0.9832097307776179,-0.09785360914157197,0.17017007299894882,0.03122245586962632,2.6006240531644487,1.1998268991735568,308.3555130876041,False,2014-01-06T00:00:00+00:00,2014-12-31T00:00:00+00:00,0.030894345148289367,6274.028858547663,8158.157788694757,12158.107681356882,0.0,19064.348188269447,315918788.13597316,2.600892806318901,-1.071938421290933,-0.016790269222382137,0.013576295510375824,0.17571212705395145
F1,2014,canonical,complete,fold-2014/F1-canonical.json.gz,fold-2014/F1-canonical-pairs.csv.gz,2014-01-06T00:00:00+00:00,2015-01-01T00:00:00+00:00,2014-01-06T00:00:00+00:00,2014-12-31T00:00:00+00:00,2014-12-31T00:00:00+00:00,0.0,86400.0,31017600.0,257,0.021798902457797226,0.07019561301611767,0.02242617906242889,0.07402973453246497,1.0220382344263452,0.1994372513761707,0.12380736199558728,0.05204195886244639,3.199529764280332,1.3011673345640011,334.4000049829483,False,2014-01-06T00:00:00+00:00,2014-12-31T00:00:00+00:00,0.05160355547003609,73080.180266865,1000.0130219260454,27365.885781372195,0.0,24676.073081074206,363978007.9702532,3.200000047683716,0.0,0.022038234426345227,0.07271799833516947,0.11098838831432252
F1,2014,ridge,complete,fold-2014/F1-ridge.json.gz,fold-2014/F1-ridge-pairs.csv.gz,2014-01-06T00:00:00+00:00,2015-01-01T00:00:00+00:00,2014-01-06T00:00:00+00:00,2014-12-31T00:00:00+00:00,2014-12-31T00:00:00+00:00,0.0,86400.0,31017600.0,257,0.009658306019984284,0.13889164884694252,0.009874890124008665,0.15178127517238577,1.0097050979799373,0.1077630295652247,0.10938435081092313,0.12454915651719213,3.1993265115396605,5.453696579320885,1401.6000208854675,False,2014-01-06T00:00:00+00:00,2014-12-31T00:00:00+00:00,0.1419063850483771,138010.4299202749,-3756.1754231468985,102410.47458607983,0.0,22138.681931112296,1351505891.7189744,3.200000047683716,0.0,0.00970509797993735,0.14899959782746253,0.09100816682334294
F1,2014,ppo_ens3,complete,fold-2014/F1-ppo_ens3.json.gz,fold-2014/F1-ppo_ens3-pairs.csv.gz,2014-01-06T00:00:00+00:00,2015-01-01T00:00:00+00:00,2014-01-06T00:00:00+00:00,2014-12-31T00:00:00+00:00,2014-12-31T00:00:00+00:00,0.0,86400.0,31017600.0,257,-0.028781759565539564,0.013484963317203613,-0.028858247031862575,0.013814276772311111,0.9716284899532777,-0.16631158224350848,0.17250764342321667,0.043118931397902224,2.6007385314814524,1.1998268991735568,308.3555130876041,False,2014-01-06T00:00:00+00:00,2014-12-31T00:00:00+00:00,0.04267252380417369,6667.680599025079,8079.74075215557,24174.206337676485,0.0,18944.725060225745,314068937.3264215,2.600892806318901,-1.071938421290933,-0.028371510046722337,0.013576295510374228,0.17572924477136456
F2,2014,canonical,complete,fold-2014/F2-canonical.json.gz,fold-2014/F2-canonical-pairs.csv.gz,2014-01-06T00:00:00+00:00,2015-01-01T00:00:00+00:00,2014-01-06T00:00:00+00:00,2014-12-31T00:00:00+00:00,2014-12-31T00:00:00+00:00,0.0,86400.0,31017600.0,257,0.011526950027003213,0.07019561301611804,0.011796666378109973,0.07402973453246539,1.0115936413181896,0.1053918482376603,0.1293897968518768,0.06277693088971707,3.199657768784531,1.3011673345640011,334.4000049829483,False,2014-01-06T00:00:00+00:00,2014-12-31T00:00:00+00:00,0.06223306815435542,73410.80653676073,959.7656711445863,13633.966973607958,0.0,49142.96391610913,362651693.4756988,3.200000047683716,0.0,0.01159364131818963,0.07271799833516987,0.11105972318282795
F2,2014,ridge,complete,fold-2014/F2-ridge.json.gz,fold-2014/F2-ridge-pairs.csv.gz,2014-01-06T00:00:00+00:00,2015-01-01T00:00:00+00:00,2014-01-06T00:00:00+00:00,2014-12-31T00:00:00+00:00,2014-12-31T00:00:00+00:00,0.0,86400.0,31017600.0,257,0.039834709333931545,0.13889164884694044,0.041360686636490604,0.1517812751723833,1.040638752103484,0.44493143266465085,0.09479144445824028,0.09694035069726042,3.1989508981464585,5.453696579320885,1401.6000208854675,False,2014-01-06T00:00:00+00:00,2014-12-31T00:00:00+00:00,0.11042058853589269,141389.13788821033,-3810.0350874656865,51979.45386899578,0.0,44960.89682826468,1372143451.676707,3.200000047683716,0.0,0.04063875210348411,0.14899959782746014,0.09091127769844046
F2,2014,ppo_ens3,complete,fold-2014/F2-ppo_ens3.json.gz,fold-2014/F2-ppo_ens3-pairs.csv.gz,2014-01-06T00:00:00+00:00,2015-01-01T00:00:00+00:00,2014-01-06T00:00:00+00:00,2014-12-31T00:00:00+00:00,2014-12-31T00:00:00+00:00,0.0,86400.0,31017600.0,257,-0.035506417874838346,0.013484963317204085,-0.035479860240761336,0.013814276772311597,0.9651165402129647,-0.20511140409788756,0.17462359569296249,0.049832740872877763,2.6008448132373134,1.1998268991735568,308.3555130876041,False,2014-01-06T00:00:00+00:00,2014-12-31T00:00:00+00:00,0.04929413701307293,6909.669365915193,8039.611719927557,12054.371400075219,0.0,37778.369472802486,313216035.75452644,2.600892806318901,-1.071938421290933,-0.03488345978703533,0.013576295510374706,0.1757787004586264
F0,2015,canonical,complete,fold-2015/F0-canonical.json.gz,fold-2015/F0-canonical-pairs.csv.gz,2015-01-01T00:00:00+00:00,2016-01-01T00:00:00+00:00,2015-01-01T00:00:00+00:00,2015-12-31T00:00:00+00:00,2015-12-31T00:00:00+00:00,0.0,86400.0,31449600.0,260,0.12071948652261241,0.15687817174903107,0.12877620925824232,0.17048348879250572,1.1283083622688685,0.7519371694535054,0.08286343269635166,0.04005401230388555,3.200244443183337,1.31692309654676,342.4000051021576,False,2015-01-01T00:00:00+00:00,2015-12-31T00:00:00+00:00,0.0417072795342634,163884.3522395148,4478.022333240036,14304.868575867895,0.0,25749.143728017625,386801133.86248946,3.200000047683716,0.0,0.12830836226886855,0.16985308406388738,0.16078586828943173
F0,2015,ridge,complete,fold-2015/F0-ridge.json.gz,fold-2015/F0-ridge-pairs.csv.gz,2015-01-01T00:00:00+00:00,2016-01-01T00:00:00+00:00,2015-01-01T00:00:00+00:00,2015-12-31T00:00:00+00:00,2015-12-31T00:00:00+00:00,0.0,86400.0,31449600.0,260,0.031913660540049765,0.10496141570133678,0.032541515905925814,0.11106816134741923,1.0324283621496633,0.17193181126073856,0.16026202626770691,0.0769488416340689,3.2012536218967234,5.1076923838028545,1328.000019788742,False,2015-01-01T00:00:00+00:00,2015-12-31T00:00:00+00:00,0.07852664544149342,112464.82282906886,-3087.619045336489,52390.34136848452,0.0,24558.50026558438,1400679814.456892,3.200000047683716,0.0,0.03242836214966327,0.11066775519256039,0.18589702167598798
F0,2015,ppo_ens3,complete,fold-2015/F0-ppo_ens3.json.gz,fold-2015/F0-ppo_ens3-pairs.csv.gz,2015-01-01T00:00:00+00:00,2016-01-01T00:00:00+00:00,2015-01-01T00:00:00+00:00,2015-12-31T00:00:00+00:00,2015-12-31T00:00:00+00:00,0.0,86400.0,31449600.0,260,-0.2912574318364263,-0.2613657182506537,-0.2534238285230478,-0.2306915352245833,0.7473232684515781,-1.0096135774242287,0.36954917133058873,0.0274443187831955,2.8193361455925348,0.9298738235382086,241.76719411993423,False,2015-01-01T00:00:00+00:00,2015-12-31T00:00:00+00:00,0.02273229329846449,-238859.8894382332,13627.476673005965,8544.823629544873,0.0,18899.495153650645,223594948.79821628,2.8117569157222393,-2.061787044013838,-0.25267673154842185,-0.23000073466915907,0.2889175227261717
F1,2015,canonical,complete,fold-2015/F1-canonical.json.gz,fold-2015/F1-canonical-pairs.csv.gz,2015-01-01T00:00:00+00:00,2016-01-01T00:00:00+00:00,2015-01-01T00:00:00+00:00,2015-12-31T00:00:00+00:00,2015-12-31T00:00:00+00:00,0.0,86400.0,31449600.0,260,0.10785685241288834,0.15687817174902854,0.11430093031234695,0.17048348879250277,1.1138882835533488,0.6720152726668441,0.08445028150319311,0.054002187426304436,3.200402705707203,1.31692309654676,342.4000051021576,False,2015-01-01T00:00:00+00:00,2015-12-31T00:00:00+00:00,0.056182558480155825,163435.49442770064,4454.976551954462,28424.46370228293,0.0,25577.723724021496,384320095.5642224,3.200000047683716,0.0,0.11388828355334879,0.1698530840638844,0.16073877266081565
F1,2015,ridge,complete,fold-2015/F1-ridge.json.gz,fold-2015/F1-ridge-pairs.csv.gz,2015-01-01T00:00:00+00:00,2016-01-01T00:00:00+00:00,2015-01-01T00:00:00+00:00,2015-12-31T00:00:00+00:00,2015-12-31T00:00:00+00:00,0.0,86400.0,31449600.0,260,-0.017847518735171264,0.10496141570133605,-0.017749398614993646,0.11106816134741841,0.9823108049332449,-0.09612465889138366,0.18902974833879282,0.12624827452107557,3.2018664873004967,5.1076923838028545,1328.000019788742,False,2015-01-01T00:00:00+00:00,2015-12-31T00:00:00+00:00,0.12881755996241206,111594.04450108542,-3034.965046763337,102274.875572572,0.0,23973.398948503625,1367582696.7187016,3.200000047683716,0.0,-0.017689195066755148,0.11066775519255957,0.18594952951960872
F1,2015,ppo_ens3,complete,fold-2015/F1-ppo_ens3.json.gz,fold-2015/F1-ppo_ens3-pairs.csv.gz,2015-01-01T00:00:00+00:00,2016-01-01T00:00:00+00:00,2015-01-01T00:00:00+00:00,2015-12-31T00:00:00+00:00,2015-12-31T00:00:00+00:00,0.0,86400.0,31449600.0,260,-0.3005176642884951,-0.2613657182506509,-0.2603289079272401,-0.23069153522458116,0.7404348247883471,-1.0416993275307416,0.3706791788710794,0.035826994246927306,2.819431650786165,0.9298738235382086,241.76719411993423,False,2015-01-01T00:00:00+00:00,2015-12-31T00:00:00+00:00,0.029637372702658954,-237298.62384367248,13560.442878944954,17016.522257475484,0.0,18810.471989451828,222638472.6866844,2.8117569157222393,-2.061787044013838,-0.2595651752116529,-0.23000073466915694,0.2889213729316896
F2,2015,canonical,complete,fold-2015/F2-canonical.json.gz,fold-2015/F2-canonical-pairs.csv.gz,2015-01-01T00:00:00+00:00,2016-01-01T00:00:00+00:00,2015-01-01T00:00:00+00:00,2015-12-31T00:00:00+00:00,2015-12-31T00:00:00+00:00,0.0,86400.0,31449600.0,260,0.09741666795503555,0.15687817174903151,0.10268840564833684,0.17048348879250624,1.1023195791911002,0.6063943804896422,0.08674563375520883,0.06503185786557168,3.2005316984811243,1.31692309654676,342.4000051021576,False,2015-01-01T00:00:00+00:00,2015-12-31T00:00:00+00:00,0.0677950831441694,162910.44870036384,4440.98835630836,14140.360099890373,0.0,50891.49776568136,382397074.9287902,3.200000047683716,0.0,0.10231957919110024,0.16985308406388788,0.16089040758026113
F2,2015,ridge,complete,fold-2015/F2-ridge.json.gz,fold-2015/F2-ridge-pairs.csv.gz,2015-01-01T00:00:00+00:00,2016-01-01T00:00:00+00:00,2015-01-01T00:00:00+00:00,2015-12-31T00:00:00+00:00,2015-12-31T00:00:00+00:00,0.0,86400.0,31449600.0,260,0.00859698772965789,0.10496141570133538,0.008663825916638954,0.11106816134741768,1.008634047954642,0.0462865665441693,0.17385911627775952,0.10035214293003719,3.2015411354087533,5.1076923838028545,1328.000019788742,False,2015-01-01T00:00:00+00:00,2015-12-31T00:00:00+00:00,0.10240433543077872,112048.4755805959,-3062.2846959142885,51792.57834967085,0.0,48559.564580366314,1384888369.482134,3.200000047683716,0.0,0.008634047954642066,0.11066775519255884,0.18601303942078648
F2,2015,ppo_ens3,complete,fold-2015/F2-ppo_ens3.json.gz,fold-2015/F2-ppo_ens3-pairs.csv.gz,2015-01-01T00:00:00+00:00,2016-01-01T00:00:00+00:00,2015-01-01T00:00:00+00:00,2015-12-31T00:00:00+00:00,2015-12-31T00:00:00+00:00,0.0,86400.0,31449600.0,260,-0.3118935922229687,-0.261365718250653,-0.26872424122632244,-0.2306915352245828,0.732059420899678,-1.0803853554929017,0.37379898046140414,0.04591309467545789,2.8196043616128597,0.9298738235382086,241.76719411993423,False,2015-01-01T00:00:00+00:00,2015-12-31T00:00:00+00:00,0.038032706001739636,-235520.53852085402,13493.054095989031,8471.886436513738,0.0,37441.208238944164,221687191.645248,2.8117569157222393,-2.061787044013838,-0.267940579100322,-0.23000073466915855,0.289121116707147
F0,2016,canonical,complete,fold-2016/F0-canonical.json.gz,fold-2016/F0-canonical-pairs.csv.gz,2016-01-01T00:00:00+00:00,2017-01-01T00:00:00+00:00,2016-01-01T00:00:00+00:00,2016-12-30T00:00:00+00:00,2016-12-30T00:00:00+00:00,0.0,172800.0,31449600.0,260,-0.003614715608980086,0.029930806125797,-0.0036205586950343307,0.030489148004999623,0.9963918096108472,-0.026706322924032508,0.14498190530234256,0.03366651857552825,3.2010880134951094,1.0892307854615726,283.20000422000885,False,2016-01-01T00:00:00+00:00,2016-12-30T00:00:00+00:00,0.03410970670003395,37933.83585176249,-7875.507665386767,10314.23385894158,0.0,23352.28471658668,291626337.5329463,3.200000047683716,0.0,-0.003608190389152832,0.03038323527886677,0.13555392194794796
F0,2016,ridge,complete,fold-2016/F0-ridge.json.gz,fold-2016/F0-ridge-pairs.csv.gz,2016-01-01T00:00:00+00:00,2017-01-01T00:00:00+00:00,2016-01-01T00:00:00+00:00,2016-12-30T00:00:00+00:00,2016-12-30T00:00:00+00:00,0.0,172800.0,31449600.0,260,-0.23811375792463058,-0.16654787040261454,-0.21253114342377347,-0.15390176303287129,0.7881130318912628,-1.8836949418560884,0.23768801366772718,0.06325452762818579,3.204239316162843,5.1261539225394905,1332.8000198602676,False,2016-01-01T00:00:00+00:00,2016-12-30T00:00:00+00:00,0.05862938039090218,-145683.34975522695,-2949.090725325676,42639.943712468696,0.0,20614.583915717118,1180336867.8925085,3.200000047683716,0.0,-0.2118869681087372,-0.15341771026963516,0.12659774400711485
F0,2016,ppo_ens3,complete,fold-2016/F0-ppo_ens3.json.gz,fold-2016/F0-ppo_ens3-pairs.csv.gz,2016-01-01T00:00:00+00:00,2017-01-01T00:00:00+00:00,2016-01-01T00:00:00+00:00,2016-12-30T00:00:00+00:00,2016-12-30T00:00:00+00:00,0.0,172800.0,31449600.0,260,-0.0010011753716570454,0.01633304332090313,-0.0010041090187205427,0.01652417060637784,0.9989993256371922,-0.005978382947910687,0.14248134706707993,0.01621942441271998,1.5747619929634522,0.6049836737184355,157.29575516679324,False,2016-01-01T00:00:00+00:00,2016-12-30T00:00:00+00:00,0.017528279625098384,12090.370520663837,3128.37952924819,5480.227685639415,0.0,10739.196727080562,146961402.58411407,1.5743610610333165,-0.7775651675808639,-0.0010006743628078185,0.016467156637610343,0.1677175370695807
F1,2016,canonical,complete,fold-2016/F1-canonical.json.gz,fold-2016/F1-canonical-pairs.csv.gz,2016-01-01T00:00:00+00:00,2017-01-01T00:00:00+00:00,2016-01-01T00:00:00+00:00,2016-12-30T00:00:00+00:00,2016-12-30T00:00:00+00:00,0.0,172800.0,31449600.0,260,-0.013858439924228604,0.029930806125800142,-0.01380978850768811,0.030489148005002874,0.9862371461867417,-0.10237170150078109,0.14568128094294597,0.0437527076151739,3.2012141959286113,1.0892307854615726,283.20000422000885,False,2016-01-01T00:00:00+00:00,2016-12-30T00:00:00+00:00,0.044298936512690984,37806.897270782996,-7817.043468868931,20524.96366865821,0.0,23227.7439465157,290154149.29855776,3.200000047683716,0.0,-0.013762853813258258,0.030383235278870012,0.1355771408215994
F1,2016,ridge,complete,fold-2016/F1-ridge.json.gz,fold-2016/F1-ridge-pairs.csv.gz,2016-01-01T00:00:00+00:00,2017-01-01T00:00:00+00:00,2016-01-01T00:00:00+00:00,2016-12-30T00:00:00+00:00,2016-12-30T00:00:00+00:00,0.0,172800.0,31449600.0,260,-0.28638268056009075,-0.16654787040261654,-0.2497630114022844,-0.15390176303287298,0.7509751773503297,-2.265378244857301,0.27206680542214423,0.10348375366940521,3.204834121213441,5.1261539225394905,1332.8000198602676,False,2016-01-01T00:00:00+00:00,2016-12-30T00:00:00+00:00,0.09586124836941143,-142645.72986632554,-2895.3391139395885,83337.8236277976,0.0,20145.93004160766,1153271722.2083488,3.200000047683716,0.0,-0.2490248226496703,-0.15341771026963685,0.1266071035308794
F1,2016,ppo_ens3,complete,fold-2016/F1-ppo_ens3.json.gz,fold-2016/F1-ppo_ens3-pairs.csv.gz,2016-01-01T00:00:00+00:00,2017-01-01T00:00:00+00:00,2016-01-01T00:00:00+00:00,2016-12-30T00:00:00+00:00,2016-12-30T00:00:00+00:00,0.0,172800.0,31449600.0,260,-0.006867539656741292,0.016333043320900353,-0.006867433897596478,0.01652417060637501,0.993155988003871,-0.0410070792356695,0.14386619167825077,0.021635814740024094,1.574796177759864,0.6049836737184355,157.29575516679324,False,2016-01-01T00:00:00+00:00,2016-12-30T00:00:00+00:00,0.02339160450397149,11677.324589655582,3114.478154240127,10929.010994251637,0.0,10706.803745772459,146543995.81214336,1.5743610610333165,-0.7775651675808639,-0.006844011996129051,0.016467156637607522,0.16772368190614756
F2,2016,canonical,complete,fold-2016/F2-canonical.json.gz,fold-2016/F2-canonical-pairs.csv.gz,2016-01-01T00:00:00+00:00,2017-01-01T00:00:00+00:00,2016-01-01T00:00:00+00:00,2016-12-30T00:00:00+00:00,2016-12-30T00:00:00+00:00,0.0,172800.0,31449600.0,260,-0.026922174194819404,0.02993080612579945,-0.026652995450078397,0.03048914800500216,0.9734369970945191,-0.19879301852690326,0.14680236326798568,0.05637195066873859,3.201375320982096,1.0892307854615726,283.20000422000885,False,2016-01-01T00:00:00+00:00,2016-12-30T00:00:00+00:00,0.057142143455080556,37557.105452179894,-7748.157688923093,10202.656828584566,0.0,46169.29384015402,288448529.5031152,3.200000047683716,0.0,-0.02656300290548086,0.0303832352788693,0.13563165176167152
F2,2016,ridge,complete,fold-2016/F2-ridge.json.gz,fold-2016/F2-ridge-pairs.csv.gz,2016-01-01T00:00:00+00:00,2017-01-01T00:00:00+00:00,2016-01-01T00:00:00+00:00,2016-12-30T00:00:00+00:00,2016-12-30T00:00:00+00:00,0.0,172800.0,31449600.0,260,-0.26143929028622825,-0.1665478704026159,-0.23074832708469814,-0.15390176303287245,0.7699426170013922,-2.067497069279457,0.2545015384758452,0.08293427098353967,3.2045270412188334,5.1261539225394905,1332.8000198602676,False,2016-01-01T00:00:00+00:00,2016-12-30T00:00:00+00:00,0.07684656405182569,-144200.32658862343,-2922.7854264447355,42163.87240636297,0.0,40770.39857717673,1167066013.3357632,3.200000047683716,0.0,-0.23005738299860778,-0.15341771026963633,0.12664207050520898
F2,2016,ppo_ens3,complete,fold-2016/F2-ppo_ens3.json.gz,fold-2016/F2-ppo_ens3-pairs.csv.gz,2016-01-01T00:00:00+00:00,2017-01-01T00:00:00+00:00,2016-01-01T00:00:00+00:00,2016-12-30T00:00:00+00:00,2016-12-30T00:00:00+00:00,0.0,172800.0,31449600.0,260,-0.012470467096646745,0.01633304332090202,-0.012435325812068864,0.01652417060637671,0.9876069669643006,-0.07444727445932645,0.1449427851402909,0.026808127251407365,1.5748403568019123,0.6049836737184355,157.29575516679324,False,2016-01-01T00:00:00+00:00,2016-12-30T00:00:00+00:00,0.028959496418445575,11312.736280469751,3102.3579352375136,5450.800697728013,0.0,21357.32655367934,146180042.63027665,1.5743610610333165,-0.7775651675808639,-0.012393033035699386,0.016467156637609216,0.16775905348288483
F0,2017,canonical,complete,fold-2017/F0-canonical.json.gz,fold-2017/F0-canonical-pairs.csv.gz,2017-01-01T00:00:00+00:00,2017-07-10T23:00:00+00:00,2017-01-02T00:00:00+00:00,2017-07-09T23:00:00+00:00,2017-07-09T23:00:00+00:00,86400.0,86400.0,16326000.0,135,0.0075956474303215255,0.025972621949129936,0.014790438732527934,0.05148577788457945,1.0076245675362034,0.14767227004845973,0.05205243758087241,0.018770481890829884,3.199116878133563,1.2325926109596534,166.40000247955322,False,2017-01-02T00:00:00+00:00,2017-07-09T23:00:00+00:00,0.03669533915205152,23364.74964983515,3030.299777199249,6422.483840267693,0.0,12347.99805056219,172525866.357483,3.200000047683716,0.0,0.0076245675362034415,0.026312849643392134,0.09905480254683571
F0,2017,ridge,complete,fold-2017/F0-ridge.json.gz,fold-2017/F0-ridge-pairs.csv.gz,2017-01-01T00:00:00+00:00,2017-07-10T23:00:00+00:00,2017-01-02T00:00:00+00:00,2017-07-09T23:00:00+00:00,2017-07-09T23:00:00+00:00,86400.0,86400.0,16326000.0,135,-0.12466929700449127,-0.08789340313057077,-0.214143827616346,-0.15624654684614017,0.8827887952160309,-2.698470580533912,0.14350402647476213,0.03441665855545037,3.2022501269834365,4.977777851952447,672.0000100135803,False,2017-01-02T00:00:00+00:00,2017-07-09T23:00:00+00:00,0.05789728077020584,-81302.67723074662,-1491.8689977715849,23111.753356968286,0.0,11304.905198482074,630429544.2237628,3.200000047683716,0.0,-0.11721120478396907,-0.08414150083103879,0.08897162296618279
F0,2017,ppo_ens3,complete,fold-2017/F0-ppo_ens3.json.gz,fold-2017/F0-ppo_ens3-pairs.csv.gz,2017-01-01T00:00:00+00:00,2017-07-10T23:00:00+00:00,2017-01-02T00:00:00+00:00,2017-07-09T23:00:00+00:00,2017-07-09T23:00:00+00:00,86400.0,86400.0,16326000.0,135,-0.12410985017919343,-0.11167718370792179,-0.2132935497000286,-0.19415847840237246,0.883282806778639,-1.7884014527812329,0.17575925688401717,0.01228968701165959,2.13469638727655,0.87042290973822,117.5070928146597,False,2017-01-02T00:00:00+00:00,2017-07-09T23:00:00+00:00,0.019135071297656125,-105638.18957845321,1210.6833687527583,4330.616099942455,0.0,7959.070911717133,116557697.50243343,2.1321833531156664,-0.3733883332297275,-0.11671719322136098,-0.10566708385813327,0.13364444974662312
F1,2017,canonical,complete,fold-2017/F1-canonical.json.gz,fold-2017/F1-canonical-pairs.csv.gz,2017-01-01T00:00:00+00:00,2017-07-10T23:00:00+00:00,2017-01-02T00:00:00+00:00,2017-07-09T23:00:00+00:00,2017-07-09T23:00:00+00:00,86400.0,86400.0,16326000.0,135,0.0013149074209787004,0.025972621949128392,0.0025449038873521387,0.051485777884576304,1.0013157722907764,0.025562702859741732,0.0536129805186919,0.025109676220209622,3.199265771309064,1.2325926109596534,166.40000247955322,False,2017-01-02T00:00:00+00:00,2017-07-09T23:00:00+00:00,0.04894087399722417,23408.66097524245,3016.7875357450343,12805.792636738463,0.0,12303.883583471152,171996290.78349304,3.200000047683716,0.0,0.0013157722907763958,0.02631284964339055,0.09905994772175837
F1,2017,ridge,complete,fold-2017/F1-ridge.json.gz,fold-2017/F1-ridge-pairs.csv.gz,2017-01-01T00:00:00+00:00,2017-07-10T23:00:00+00:00,2017-01-02T00:00:00+00:00,2017-07-09T23:00:00+00:00,2017-07-09T23:00:00+00:00,86400.0,86400.0,16326000.0,135,-0.14935555774828768,-0.08789340313057079,-0.2507624491173395,-0.15624654684614017,0.8612628317783659,-3.230789176744656,0.16197927563194614,0.05684208242504558,3.202835854313781,4.977777851952447,672.0000100135803,False,2017-01-02T00:00:00+00:00,2017-07-09T23:00:00+00:00,0.09451590227119935,-80420.43653041846,-1474.6492661703915,45676.87019278093,0.0,11165.212232264656,622922769.7965254,3.200000047683716,0.0,-0.13873716822163407,-0.0841415008310388,0.08902714751773458
F1,2017,ppo_ens3,complete,fold-2017/F1-ppo_ens3.json.gz,fold-2017/F1-ppo_ens3-pairs.csv.gz,2017-01-01T00:00:00+00:00,2017-07-10T23:00:00+00:00,2017-01-02T00:00:00+00:00,2017-07-09T23:00:00+00:00,2017-07-09T23:00:00+00:00,86400.0,86400.0,16326000.0,135,-0.12848081871699918,-0.111677183707922,-0.219912379227696,-0.1941584784023728,0.8794304308606099,-1.850721588206091,0.17776769601449172,0.0165844167492804,2.1347675711116705,0.87042290973822,117.5070928146597,False,2017-01-02T00:00:00+00:00,2017-07-09T23:00:00+00:00,0.025753900825323195,-105195.20736277472,1210.0549726649624,8643.0895236015,0.0,7941.327225678904,116314648.8629064,2.1321833531156664,-0.3733883332297275,-0.1205695691393901,-0.10566708385813345,0.13369245376594568
F2,2017,canonical,complete,fold-2017/F2-canonical.json.gz,fold-2017/F2-canonical-pairs.csv.gz,2017-01-01T00:00:00+00:00,2017-07-10T23:00:00+00:00,2017-01-02T00:00:00+00:00,2017-07-09T23:00:00+00:00,2017-07-09T23:00:00+00:00,86400.0,86400.0,16326000.0,135,-0.004504135011987091,0.025972621949129485,-0.008668548615001876,0.05148577788457853,0.9955059933918443,-0.0874560461949444,0.05617437214736243,0.030938902951035175,3.1994037881897444,1.2325926109596534,166.40000247955322,False,2017-01-02T00:00:00+00:00,2017-07-09T23:00:00+00:00,0.060154326499580406,23436.915599283584,3007.980743596714,6390.125057688366,0.0,24548.777893346807,171651469.8656544,3.200000047683716,0.0,-0.004494006608155687,0.02631284964339167,0.09918163207588111
F2,2017,ridge,complete,fold-2017/F2-ridge.json.gz,fold-2017/F2-ridge-pairs.csv.gz,2017-01-01T00:00:00+00:00,2017-07-10T23:00:00+00:00,2017-01-02T00:00:00+00:00,2017-07-09T23:00:00+00:00,2017-07-09T23:00:00+00:00,86400.0,86400.0,16326000.0,135,-0.13677343461768052,-0.08789340313056888,-0.23231698689551736,-0.15624654684613706,0.8721678067813866,-2.96180225586488,0.15267307069200298,0.04545915994615153,3.202537214296338,4.977777851952447,672.0000100135803,False,2017-01-02T00:00:00+00:00,2017-07-09T23:00:00+00:00,0.0760704400493803,-80889.23334553666,-1483.7999269255974,22981.882718155848,0.0,22477.277227995677,626863240.0398715,3.200000047683716,0.0,-0.1278321932186134,-0.08414150083103707,0.0889314520110507
F2,2017,ppo_ens3,complete,fold-2017/F2-ppo_ens3.json.gz,fold-2017/F2-ppo_ens3-pairs.csv.gz,2017-01-01T00:00:00+00:00,2017-07-10T23:00:00+00:00,2017-01-02T00:00:00+00:00,2017-07-09T23:00:00+00:00,2017-07-09T23:00:00+00:00,86400.0,86400.0,16326000.0,135,-0.13217314694994786,-0.11167718370791965,-0.2254601559336586,-0.19415847840236913,0.8761892724444955,-1.9026096986683545,0.17985289781720137,0.020171183200515197,2.1348411077649305,0.87042290973822,117.5070928146597,False,2017-01-02T00:00:00+00:00,2017-07-09T23:00:00+00:00,0.03130167753128946,-104849.8808127734,1210.3364577843843,4314.855487479685,0.0,15856.327713035515,116135607.01815155,2.1321833531156664,-0.3733883332297275,-0.12381072755550449,-0.10566708385813135,0.13378370341391227
F0,2018,canonical,complete,fold-2018/F0-canonical.json.gz,fold-2018/F0-canonical-pairs.csv.gz,2018-02-14T00:00:00+00:00,2019-01-01T00:00:00+00:00,2018-02-14T00:00:00+00:00,2018-12-31T00:00:00+00:00,2018-12-31T00:00:00+00:00,0.0,86400.0,27648000.0,228,-0.13716681427550798,-0.10743225183186017,-0.1449224044265097,-0.11540365351832281,0.8718247811820566,-1.7239662030507306,0.12817521881794336,0.02777824651327363,3.2029291348805575,1.0947368584181134,249.60000371932983,False,2018-02-14T00:00:00+00:00,2018-12-31T00:00:00+00:00,0.029518750908186883,-99559.12303376186,-837.8492709078068,8651.31399746455,0.0,19126.93251580909,237182148.2009181,3.200000047683716,0.0,-0.12817521881794336,-0.10186263244890324,0.09061624380518757
F0,2018,ridge,complete,fold-2018/F0-ridge.json.gz,fold-2018/F0-ridge-pairs.csv.gz,2018-02-14T00:00:00+00:00,2019-01-01T00:00:00+00:00,2018-02-14T00:00:00+00:00,2018-12-31T00:00:00+00:00,2018-12-31T00:00:00+00:00,0.0,86400.0,27648000.0,228,-0.11550206326263221,-0.05493071377810126,-0.12351420117900547,-0.060773166780680836,0.8909187340358496,-1.5191295216908078,0.1321485332668385,0.05480527818781373,3.202483344872615,4.814035159454011,1097.6000163555145,False,2018-02-14T00:00:00+00:00,2018-12-31T00:00:00+00:00,0.06274103439832462,-51838.547358753276,-2437.4404175838195,36259.78859750302,0.0,18545.489590310717,994163477.2685258,3.200000047683716,0.0,-0.10908126596415035,-0.053449271394639605,0.08659258210678676
F0,2018,ppo_ens3,complete,fold-2018/F0-ppo_ens3.json.gz,fold-2018/F0-ppo_ens3-pairs.csv.gz,2018-02-14T00:00:00+00:00,2019-01-01T00:00:00+00:00,2018-02-14T00:00:00+00:00,2018-12-31T00:00:00+00:00,2018-12-31T00:00:00+00:00,0.0,86400.0,27648000.0,228,0.3253991061377909,0.3508916468598676,0.44978109125968574,0.4925856010818785,1.384583131349269,1.9724898282749737,0.08971999852942703,0.02960827667320861,2.711944658026979,0.9492487149078508,216.42870699898998,False,2018-02-14T00:00:00+00:00,2018-12-31T00:00:00+00:00,0.04280450982219275,413581.0921304566,610.3158920213241,9341.301668992604,0.0,20266.975004216,249366554.05861408,2.716508878458594,0.0010694718575426745,0.3845831313492689,0.42033341998816004,0.18788293448343368
F1,2018,canonical,complete,fold-2018/F1-canonical.json.gz,fold-2018/F1-canonical-pairs.csv.gz,2018-02-14T00:00:00+00:00,2019-01-01T00:00:00+00:00,2018-02-14T00:00:00+00:00,2018-12-31T00:00:00+00:00,2018-12-31T00:00:00+00:00,0.0,86400.0,27648000.0,228,-0.146419795358036,-0.10743225183186028,-0.15390570818906563,-0.11540365351832292,0.8637950099260348,-1.8401324331432827,0.13620499007396525,0.03626735592129639,3.2030591900198457,1.0947368584181134,249.60000371932983,False,2018-02-14T00:00:00+00:00,2018-12-31T00:00:00+00:00,0.038502054670742705,-99099.68583994168,-837.948312727842,17225.321819320634,0.0,19042.03410197575,236146748.67954242,3.200000047683716,0.0,-0.13620499007396525,-0.10186263244890334,0.09062258931111575
F1,2018,ridge,complete,fold-2018/F1-ridge.json.gz,fold-2018/F1-ridge-pairs.csv.gz,2018-02-14T00:00:00+00:00,2019-01-01T00:00:00+00:00,2018-02-14T00:00:00+00:00,2018-12-31T00:00:00+00:00,2018-12-31T00:00:00+00:00,0.0,86400.0,27648000.0,228,-0.15560410069834946,-0.05493071377809928,-0.16272900632509282,-0.06077316678067871,0.8558979727144289,-2.0442293538958105,0.15709478988182723,0.0893047847539511,3.2030468370253673,4.814035159454011,1097.6000163555145,False,2018-02-14T00:00:00+00:00,2018-12-31T00:00:00+00:00,0.10195583954441412,-52395.53770286951,-2401.704828751101,71117.18607997648,0.0,18187.598673974626,974812568.6154594,3.200000047683716,0.0,-0.1441020272855711,-0.053449271394637725,0.0866916300741851
F1,2018,ppo_ens3,complete,fold-2018/F1-ppo_ens3.json.gz,fold-2018/F1-ppo_ens3-pairs.csv.gz,2018-02-14T00:00:00+00:00,2019-01-01T00:00:00+00:00,2018-02-14T00:00:00+00:00,2018-12-31T00:00:00+00:00,2018-12-31T00:00:00+00:00,0.0,86400.0,27648000.0,228,0.3173337624914486,0.3508916468598671,0.43649589219987933,0.49258560108187766,1.373460905167599,1.9236895709338842,0.08989404487015795,0.03878200580346924,2.7120370098836677,0.9492487149078508,216.42870699898998,False,2018-02-14T00:00:00+00:00,2018-12-31T00:00:00+00:00,0.056089708881998324,411637.7803652662,605.1306058010499,18604.13724392003,0.0,20177.868559549202,248320646.13002348,2.716508878458594,0.0010694718575426745,0.373460905167599,0.4203334199881593,0.1878741556881332
F2,2018,canonical,complete,fold-2018/F2-canonical.json.gz,fold-2018/F2-canonical-pairs.csv.gz,2018-02-14T00:00:00+00:00,2019-01-01T00:00:00+00:00,2018-02-14T00:00:00+00:00,2018-12-31T00:00:00+00:00,2018-12-31T00:00:00+00:00,0.0,86400.0,27648000.0,228,-0.1576536937280408,-0.10743225183186035,-0.16468544404938973,-0.11540365351832299,0.8541455267094622,-1.9832955645709984,0.1458544732905378,0.046436921555699534,3.2032169102210033,1.0947368584181134,249.60000371932983,False,2018-02-14T00:00:00+00:00,2018-12-31T00:00:00+00:00,0.04928179053106674,-98576.86995974848,-840.681775090296,8564.051030933852,0.0,37872.870524765676,234842953.6712706,3.200000047683716,0.0,-0.1458544732905378,-0.1018626324489034,0.09053207222123318
F2,2018,ridge,complete,fold-2018/F2-ridge.json.gz,fold-2018/F2-ridge-pairs.csv.gz,2018-02-14T00:00:00+00:00,2019-01-01T00:00:00+00:00,2018-02-14T00:00:00+00:00,2018-12-31T00:00:00+00:00,2018-12-31T00:00:00+00:00,0.0,86400.0,27648000.0,228,-0.1359948402139173,-0.05493071377810016,-0.14377780299837065,-0.06077316678067966,0.8728471361816077,-1.7887009013872466,0.14324857439155492,0.07261736517848025,3.202771235175652,4.814035159454011,1097.6000163555145,False,2018-02-14T00:00:00+00:00,2018-12-31T00:00:00+00:00,0.08300463621769098,-52116.53551473822,-2418.9631251750066,35896.51314993601,0.0,36720.85202854422,984140442.9829977,3.200000047683716,0.0,-0.1271528638183923,-0.05344927139463856,0.0865905417175987
F2,2018,ppo_ens3,complete,fold-2018/F2-ppo_ens3.json.gz,fold-2018/F2-ppo_ens3-pairs.csv.gz,2018-02-14T00:00:00+00:00,2019-01-01T00:00:00+00:00,2018-02-14T00:00:00+00:00,2018-12-31T00:00:00+00:00,2018-12-31T00:00:00+00:00,0.0,86400.0,27648000.0,228,0.3079683532317362,0.35089164685986757,0.42122191225351135,0.49258560108187843,1.3606579278296536,1.8678634863365686,0.09035296585584107,0.04942640837751899,2.712179044417615,0.9492487149078508,216.42870699898998,False,2018-02-14T00:00:00+00:00,2018-12-31T00:00:00+00:00,0.07136368882836708,409481.51053598593,602.8256711838089,9260.294635243943,0.0,40166.11374227505,247207451.3369074,2.716508878458594,0.0010694718575426745,0.36065792782965356,0.42033341998815993,0.18777886500486185
F0,2019,canonical,complete,fold-2019/F0-canonical.json.gz,fold-2019/F0-canonical-pairs.csv.gz,2019-01-01T00:00:00+00:00,2019-05-21T23:00:00+00:00,2019-01-01T00:00:00+00:00,2019-05-20T23:00:00+00:00,2019-05-20T23:00:00+00:00,0.0,86400.0,12092400.0,100,0.05120168391904521,0.06563363922074188,0.14295990370816336,0.18682829921715421,1.052535151292216,1.4711018511991658,0.034264364822531146,0.015202476903455045,3.1987935521892688,1.5360000228881836,153.60000228881836,False,2019-01-01T00:00:00+00:00,2019-05-20T23:00:00+00:00,0.043868395508990854,69757.97553720468,-2020.347341533784,5782.051799604858,0.0,9420.425103850186,163341791.83507296,3.200000047683716,0.0,0.05253515129221609,0.067835432473527,0.09037546858280252
F0,2019,ridge,complete,fold-2019/F0-ridge.json.gz,fold-2019/F0-ridge-pairs.csv.gz,2019-01-01T00:00:00+00:00,2019-05-21T23:00:00+00:00,2019-01-01T00:00:00+00:00,2019-05-20T23:00:00+00:00,2019-05-20T23:00:00+00:00,0.0,86400.0,12092400.0,100,-0.021221163495513305,0.006702670144576889,-0.05387537735693653,0.017645874433659628,0.9790024210270277,-0.6012943151504202,0.05301817321210289,0.027816535804903408,3.201358220687282,5.024000074863434,502.4000074863434,False,2019-01-01T00:00:00+00:00,2019-05-20T23:00:00+00:00,0.07152125179059615,9264.530238679421,-2445.5734067480125,18897.39262688732,0.0,8919.143178016087,500916954.5203338,3.200000047683716,0.0,-0.020997578972972275,0.006725183309442131,0.09164128140382019
F0,2019,ppo_ens3,complete,fold-2019/F0-ppo_ens3.json.gz,fold-2019/F0-ppo_ens3-pairs.csv.gz,2019-01-01T00:00:00+00:00,2019-05-21T23:00:00+00:00,2019-01-01T00:00:00+00:00,2019-05-20T23:00:00+00:00,2019-05-20T23:00:00+00:00,0.0,86400.0,12092400.0,100,-0.014879177055376999,-0.008410973428120947,-0.03808603594109409,-0.02171100988043682,0.985230970919101,-0.5360482012266993,0.038818317243701106,0.006321296921939979,1.4872946610154318,0.6268270727992058,62.68270727992058,False,2019-01-01T00:00:00+00:00,2019-05-20T23:00:00+00:00,0.016375026060657268,-5899.019743063929,-2548.712415895009,2233.598039471239,0.0,4087.6988824687387,61199945.152826995,1.487345020476132,0.6714884542595974,-0.014769029080899054,-0.008375700154582957,0.07207491326971162
F1,2019,canonical,complete,fold-2019/F1-canonical.json.gz,fold-2019/F1-canonical-pairs.csv.gz,2019-01-01T00:00:00+00:00,2019-05-21T23:00:00+00:00,2019-01-01T00:00:00+00:00,2019-05-20T23:00:00+00:00,2019-05-20T23:00:00+00:00,0.0,86400.0,12092400.0,100,0.04571578894307133,0.06563363922074254,0.12671321526877005,0.1868282992171563,1.0467768631171115,1.314335413701829,0.035945633317359116,0.020927547797242665,3.1989689908097056,1.5360000228881836,153.60000228881836,False,2019-01-01T00:00:00+00:00,2019-05-20T23:00:00+00:00,0.060115083948386244,69716.87412314821,-2012.463208792887,11533.052513996301,0.0,9394.495283246375,162901499.05129325,3.200000047683716,0.0,0.04677686311711149,0.0678354324735277,0.09031690965182422
F1,2019,ridge,complete,fold-2019/F1-ridge.json.gz,fold-2019/F1-ridge-pairs.csv.gz,2019-01-01T00:00:00+00:00,2019-05-21T23:00:00+00:00,2019-01-01T00:00:00+00:00,2019-05-20T23:00:00+00:00,2019-05-20T23:00:00+00:00,0.0,86400.0,12092400.0,100,-0.040196656479391704,0.006702670144577885,-0.09958672465484049,0.01764587443366227,0.9606005122612394,-1.1386975115972677,0.0585854622826526,0.04627996168006776,3.201965750821242,5.024000074863434,502.4000074863434,False,2019-01-01T00:00:00+00:00,2019-05-20T23:00:00+00:00,0.11723259908850275,9304.326438419763,-2423.8524971127827,37444.38666384897,0.0,8835.5750162188,496313769.68629533,3.200000047683716,0.0,-0.039399487738760564,0.006725183309443134,0.09166227217320613
F1,2019,ppo_ens3,complete,fold-2019/F1-ppo_ens3.json.gz,fold-2019/F1-ppo_ens3-pairs.csv.gz,2019-01-01T00:00:00+00:00,2019-05-21T23:00:00+00:00,2019-01-01T00:00:00+00:00,2019-05-20T23:00:00+00:00,2019-05-20T23:00:00+00:00,0.0,86400.0,12092400.0,100,-0.017165578421268594,-0.00841097342812051,-0.043808527036681186,-0.021711009880435703,0.9829809107320227,-0.6183587249586419,0.04031462591747337,0.00854574551675152,1.4873288229039758,0.6268270727992058,62.68270727992058,False,2019-01-01T00:00:00+00:00,2019-05-20T23:00:00+00:00,0.022097517156245482,-5927.343965975968,-2545.999785250455,4462.211099196474,0.0,4083.534417555046,61131937.23901834,1.487345020476132,0.6714884542595974,-0.01701908926797735,-0.008375700154582524,0.07208203001940465
F2,2019,canonical,complete,fold-2019/F2-canonical.json.gz,fold-2019/F2-canonical-pairs.csv.gz,2019-01-01T00:00:00+00:00,2019-05-21T23:00:00+00:00,2019-01-01T00:00:00+00:00,2019-05-20T23:00:00+00:00,2019-05-20T23:00:00+00:00,0.0,86400.0,12092400.0,100,0.04225309651362343,0.06563363922074009,0.11657741668856932,0.1868282992171487,1.0431584651130166,1.2157666870082404,0.03704466345225188,0.024514007603065137,3.1990795280243676,1.5360000228881836,153.60000228881836,False,2019-01-01T00:00:00+00:00,2019-05-20T23:00:00+00:00,0.07025088252857938,69679.24577088394,-2006.7730548004217,5756.673474739304,0.0,18757.33412832583,162623309.5632899,3.200000047683716,0.0,0.043158465113016575,0.06783543247352508,0.09024379748492949
F2,2019,ridge,complete,fold-2019/F2-ridge.json.gz,fold-2019/F2-ridge-pairs.csv.gz,2019-01-01T00:00:00+00:00,2019-05-21T23:00:00+00:00,2019-01-01T00:00:00+00:00,2019-05-20T23:00:00+00:00,2019-05-20T23:00:00+00:00,0.0,86400.0,12092400.0,100,-0.030180625072048925,0.0067026701445758894,-0.07574062354680595,0.01764587443365697,0.9702702625837331,-0.8553857074712835,0.05574706778451044,0.036573606844616954,3.2016448520163885,5.024000074863434,502.4000074863434,False,2019-01-01T00:00:00+00:00,2019-05-20T23:00:00+00:00,0.09338649798046292,9279.211333790536,-2435.341905440439,18814.275733195765,0.0,17759.331111421183,498733039.0113304,3.200000047683716,0.0,-0.029729737416266944,0.006725183309441125,0.09161683838508489
F2,2019,ppo_ens3,complete,fold-2019/F2-ppo_ens3.json.gz,fold-2019/F2-ppo_ens3-pairs.csv.gz,2019-01-01T00:00:00+00:00,2019-05-21T23:00:00+00:00,2019-01-01T00:00:00+00:00,2019-05-20T23:00:00+00:00,2019-05-20T23:00:00+00:00,0.0,86400.0,12092400.0,100,-0.019061490550726323,-0.008410973428121395,-0.04852785959529394,-0.021711009880437965,0.9811190308383848,-0.6860295283413164,0.0417452899415518,0.010387176009620748,1.4873630468346095,0.6268270727992058,62.68270727992058,False,2019-01-01T00:00:00+00:00,2019-05-20T23:00:00+00:00,0.026816849714855973,-5950.67439917074,-2543.1187528235487,2228.570844521354,0.0,8158.605165099397,61062858.88725149,1.487345020476132,0.6714884542595974,-0.01888096916161519,-0.008375700154583401,0.0721478026635527
F0,2020,canonical,complete,fold-2020/F0-canonical.json.gz,fold-2020/F0-canonical-pairs.csv.gz,2020-01-01T00:00:00+00:00,2021-01-01T00:00:00+00:00,2020-01-01T00:00:00+00:00,2020-12-31T00:00:00+00:00,2020-12-31T00:00:00+00:00,0.0,86400.0,31536000.0,261,-0.03204571587821946,0.002511411809689612,-0.031558949700275354,0.0025162925179586433,0.968462306962282,-0.18028157275463766,0.2222466725205524,0.03248988317518447,3.200703178031897,1.0973180240141478,286.40000426769257,False,2020-01-01T00:00:00+00:00,2020-12-31T00:00:00+00:00,0.034075242218234,-448.70321177172946,1400.8933492378678,10527.077762409173,0.0,21962.805412775288,275290396.82910883,3.200000047683716,0.0,-0.03153769303771803,0.0025145680459785023,0.17753436052842309
F0,2020,ridge,complete,fold-2020/F0-ridge.json.gz,fold-2020/F0-ridge-pairs.csv.gz,2020-01-01T00:00:00+00:00,2021-01-01T00:00:00+00:00,2020-01-01T00:00:00+00:00,2020-12-31T00:00:00+00:00,2020-12-31T00:00:00+00:00,0.0,86400.0,31536000.0,261,-0.08463756121938844,-0.01823673987297896,-0.08120801556202836,-0.018083721910971885,0.9188452492098279,-0.5588791417609859,0.17328360678842358,0.06433870276480455,3.2013517486121503,4.462835315543573,1164.8000173568726,False,2020-01-01T00:00:00+00:00,2020-12-31T00:00:00+00:00,0.06312429365105648,-16487.646432395064,-328.40159297432416,41705.975678615156,0.0,22632.727086189367,1131834542.2731879,3.200000047683716,0.0,-0.08115475079017209,-0.018071456798932056,0.15125474927523166
F0,2020,ppo_ens3,complete,fold-2020/F0-ppo_ens3.json.gz,fold-2020/F0-ppo_ens3-pairs.csv.gz,2020-01-01T00:00:00+00:00,2021-01-01T00:00:00+00:00,2020-01-01T00:00:00+00:00,2020-12-31T00:00:00+00:00,2020-12-31T00:00:00+00:00,0.0,86400.0,31536000.0,261,-0.1457170923832726,-0.12462349239926496,-0.13568405385271964,-0.11724612187834611,0.8644022145663609,-1.0674153090910024,0.1781014546259504,0.020251564983931606,1.8559079170509674,0.7460976179320743,194.7314782802714,False,2020-01-01T00:00:00+00:00,2020-12-31T00:00:00+00:00,0.01843793197437353,-113878.75904379204,-1467.4614059167648,7062.9280788723,0.0,13188.636905059302,186939959.60785544,1.8549156302024863,0.5790759700841549,-0.1355977854336391,-0.11717076806561916,0.13634551291357763
F1,2020,canonical,complete,fold-2020/F1-canonical.json.gz,fold-2020/F1-canonical-pairs.csv.gz,2020-01-01T00:00:00+00:00,2021-01-01T00:00:00+00:00,2020-01-01T00:00:00+00:00,2020-12-31T00:00:00+00:00,2020-12-31T00:00:00+00:00,0.0,86400.0,31536000.0,261,-0.04322849966369473,0.002511411809688044,-0.04233582283645617,0.00251629251795707,0.9576925326419276,-0.24330862845569382,0.22313421286056367,0.042792006778041944,3.2008401136849436,1.0973180240141478,286.40000426769257,False,2020-01-01T00:00:00+00:00,2020-12-31T00:00:00+00:00,0.04485211535441324,-920.9171290946792,1405.4565490667192,20938.45924165996,0.0,21853.54753638199,273810516.86350083,3.200000047683716,0.0,-0.04230746735807245,0.00251456804597693,0.17745017523731796
F1,2020,ridge,complete,fold-2020/F1-ridge.json.gz,fold-2020/F1-ridge-pairs.csv.gz,2020-01-01T00:00:00+00:00,2021-01-01T00:00:00+00:00,2020-01-01T00:00:00+00:00,2020-12-31T00:00:00+00:00,2020-12-31T00:00:00+00:00,0.0,86400.0,31536000.0,261,-0.1276948604916317,-0.018236739872982615,-0.119955075922515,-0.01808372191097548,0.8801218981379849,-0.8429029663287125,0.17941946945352583,0.10384621136234762,3.2018800706772605,4.462835315543573,1164.8000173568726,False,2020-01-01T00:00:00+00:00,2020-12-31T00:00:00+00:00,0.10187135401153952,-15712.459542383016,-319.4309572834549,81668.19333372162,0.0,22178.01802862603,1108295157.9041054,3.200000047683716,0.0,-0.11987810186201509,-0.018071456798935646,0.15130720755632138
F1,2020,ppo_ens3,complete,fold-2020/F1-ppo_ens3.json.gz,fold-2020/F1-ppo_ens3-pairs.csv.gz,2020-01-01T00:00:00+00:00,2021-01-01T00:00:00+00:00,2020-01-01T00:00:00+00:00,2020-12-31T00:00:00+00:00,2020-12-31T00:00:00+00:00,0.0,86400.0,31536000.0,261,-0.15307823988679,-0.12462349239926765,-0.14202737705804197,-0.11724612187834849,0.8580625844655511,-1.121175499371017,0.1836420127318038,0.027216679388829972,1.8559614460912834,0.7460976179320743,194.7314782802714,False,2020-01-01T00:00:00+00:00,2020-12-31T00:00:00+00:00,0.024781255179693484,-113259.55761038986,-1461.1785352289237,14075.915321647164,0.0,13140.76406718281,186279610.83445925,1.8549156302024863,0.5790759700841549,-0.14193741553444894,-0.11717076806562153,0.13636522762435155
F2,2020,canonical,complete,fold-2020/F2-canonical.json.gz,fold-2020/F2-canonical-pairs.csv.gz,2020-01-01T00:00:00+00:00,2021-01-01T00:00:00+00:00,2020-01-01T00:00:00+00:00,2020-12-31T00:00:00+00:00,2020-12-31T00:00:00+00:00,0.0,86400.0,31536000.0,261,-0.05542615336092967,0.0025114118096917215,-0.053954029478818964,0.002516292517960759,0.946081886058422,-0.31164583123544576,0.22523395427400117,0.05381679553685872,3.2009902765987617,1.0973180240141478,286.40000426769257,False,2020-01-01T00:00:00+00:00,2020-12-31T00:00:00+00:00,0.056470321996779725,-1509.6276613535451,1408.3092566342955,10394.66051008392,0.0,43422.13502677481,271894198.8204874,3.200000047683716,0.0,-0.05391811394157797,0.002514568045980617,0.1776303606984787
F2,2020,ridge,complete,fold-2020/F2-ridge.json.gz,fold-2020/F2-ridge-pairs.csv.gz,2020-01-01T00:00:00+00:00,2021-01-01T00:00:00+00:00,2020-01-01T00:00:00+00:00,2020-12-31T00:00:00+00:00,2020-12-31T00:00:00+00:00,0.0,86400.0,31536000.0,261,-0.10800573460461488,-0.01823673987297938,-0.10244395163260636,-0.0180837219109723,0.8976224489058369,-0.7132334492199373,0.17662416426384642,0.08595241650428413,3.201638516216208,4.462835315543573,1164.8000173568726,False,2020-01-01T00:00:00+00:00,2020-12-31T00:00:00+00:00,0.08436022972163407,-16101.727780107754,-323.4068097730038,41207.11309841746,0.0,44745.30340586668,1118366709.0420637,3.200000047683716,0.0,-0.10237755109416313,-0.018071456798932472,0.15124425711415407
F2,2020,ppo_ens3,complete,fold-2020/F2-ppo_ens3.json.gz,fold-2020/F2-ppo_ens3-pairs.csv.gz,2020-01-01T00:00:00+00:00,2021-01-01T00:00:00+00:00,2020-01-01T00:00:00+00:00,2020-12-31T00:00:00+00:00,2020-12-31T00:00:00+00:00,0.0,86400.0,31536000.0,261,-0.15945178852919684,-0.12462349239926539,-0.14748203956119496,-0.1172461218783465,0.8526110720393644,-1.1683129796188474,0.18835889666659134,0.033220135019197315,1.856017804959695,0.7460976179320743,194.7314782802714,False,2020-01-01T00:00:00+00:00,2020-12-31T00:00:00+00:00,0.03023591768284846,-112713.31517078908,-1455.4777706492596,7017.360437574552,0.0,26202.774581622776,185735245.13737452,1.8549156302024863,0.5790759700841549,-0.14738892796063563,-0.11717076806561953,0.1363119635675343
F0,2021,canonical,complete,fold-2021/F0-canonical.json.gz,fold-2021/F0-canonical-pairs.csv.gz,2021-01-01T00:00:00+00:00,2022-01-01T00:00:00+00:00,2021-01-01T00:00:00+00:00,2021-12-31T00:00:00+00:00,2021-12-31T00:00:00+00:00,0.0,86400.0,31449600.0,260,0.08851410146805137,0.125361904102466,0.09288180449007537,0.1340467215823905,1.0925496590559631,0.8494067041059075,0.0680476446781757,0.0385973731075251,3.1981876333173687,1.3600000202655793,353.6000052690506,False,2021-01-01T00:00:00+00:00,2021-12-31T00:00:00+00:00,0.04116491709231514,131917.00721425534,-769.9750507665938,14192.958920936402,0.0,24404.41418658869,374377056.3609877,3.200000047683716,0.0,0.09254965905596313,0.13355861835646796,0.10436354667118135
F0,2021,ridge,complete,fold-2021/F0-ridge.json.gz,fold-2021/F0-ridge-pairs.csv.gz,2021-01-01T00:00:00+00:00,2022-01-01T00:00:00+00:00,2021-01-01T00:00:00+00:00,2021-12-31T00:00:00+00:00,2021-12-31T00:00:00+00:00,0.0,86400.0,31449600.0,260,-0.03872874358186732,0.03071376322617512,-0.03811631062427601,0.03129906561610942,0.9620116255848952,-0.4442522400525086,0.17396336347055896,0.06740091485079582,3.200292147659076,4.7630769940523,1238.400018453598,False,2021-01-01T00:00:00+00:00,2021-12-31T00:00:00+00:00,0.06941537624038543,30314.69367145942,-902.1532357696076,44806.00797697282,0.0,22594.906873822998,1203061119.2912908,3.200000047683716,0.0,-0.03798837441510483,0.031190297055184172,0.08730836004657422
F0,2021,ppo_ens3,complete,fold-2021/F0-ppo_ens3.json.gz,fold-2021/F0-ppo_ens3-pairs.csv.gz,2021-01-01T00:00:00+00:00,2022-01-01T00:00:00+00:00,2021-01-01T00:00:00+00:00,2021-12-31T00:00:00+00:00,2021-12-31T00:00:00+00:00,0.0,86400.0,31449600.0,260,-0.08925425762059991,-0.06730785572859267,-0.0856672938200482,-0.06530872870141036,0.914612996684175,-0.8170705738977126,0.16110412748018954,0.02107969817589216,1.8455237187392488,0.8703400102724957,226.28840267084888,False,2021-01-01T00:00:00+00:00,2021-12-31T00:00:00+00:00,0.020358565118637845,-62790.57301601428,-1516.7321239190042,8338.276176857486,0.0,12741.421999034672,217862103.61251134,1.8449874610891408,0.3507324962819089,-0.08538700331582505,-0.06509265955122213,0.10940103256536136
F1,2021,canonical,complete,fold-2021/F1-canonical.json.gz,fold-2021/F1-canonical-pairs.csv.gz,2021-01-01T00:00:00+00:00,2022-01-01T00:00:00+00:00,2021-01-01T00:00:00+00:00,2021-12-31T00:00:00+00:00,2021-12-31T00:00:00+00:00,0.0,86400.0,31449600.0,260,0.07495841834420738,0.1253619041024674,0.07811681626183183,0.13404672158239206,1.0778393316087211,0.7191205751896317,0.06842609858507975,0.05241955057473353,3.198354480512164,1.3600000202655793,353.6000052690506,False,2021-01-01T00:00:00+00:00,2021-12-31T00:00:00+00:00,0.05592990532056023,131035.80904597827,-776.9268625240171,28193.672807688818,0.0,24225.87776704471,371839089.8743934,3.200000047683716,0.0,0.07783933160872114,0.1335586183564695,0.10439284858009436
F1,2021,ridge,complete,fold-2021/F1-ridge.json.gz,fold-2021/F1-ridge-pairs.csv.gz,2021-01-01T00:00:00+00:00,2022-01-01T00:00:00+00:00,2021-01-01T00:00:00+00:00,2021-12-31T00:00:00+00:00,2021-12-31T00:00:00+00:00,0.0,86400.0,31449600.0,260,-0.08489405473726727,0.030713763226176024,-0.08165816327885259,0.03129906561611036,0.9186096015818079,-0.9735282984921024,0.19237492854464244,0.10973715676141126,3.20086041842516,4.7630769940523,1238.400018453598,False,2021-01-01T00:00:00+00:00,2021-12-31T00:00:00+00:00,0.11295722889496294,29233.164188946113,-886.4058457276856,87645.45226504629,0.0,22091.704496364957,1176617091.6467361,3.200000047683716,0.0,-0.08139039841819207,0.031190297055185105,0.08733347596915982
F1,2021,ppo_ens3,complete,fold-2021/F1-ppo_ens3.json.gz,fold-2021/F1-ppo_ens3-pairs.csv.gz,2021-01-01T00:00:00+00:00,2022-01-01T00:00:00+00:00,2021-01-01T00:00:00+00:00,2021-12-31T00:00:00+00:00,2021-12-31T00:00:00+00:00,0.0,86400.0,31449600.0,260,-0.09790488835336375,-0.06730785572859156,-0.09356966312446788,-0.06530872870140932,0.9067351407250838,-0.8963970788489755,0.16150036032512893,0.02928823516855843,1.8455834909511335,0.8703400102724957,226.28840267084888,False,2021-01-01T00:00:00+00:00,2021-12-31T00:00:00+00:00,0.028260934423058562,-62466.161825257426,-1510.4622811022255,16605.607658468474,0.0,12682.627510089957,216934063.29718465,1.8449874610891408,0.3507324962819089,-0.09326485927491623,-0.0650926595512211,0.10938455212218298
F2,2021,canonical,complete,fold-2021/F2-canonical.json.gz,fold-2021/F2-canonical-pairs.csv.gz,2021-01-01T00:00:00+00:00,2022-01-01T00:00:00+00:00,2021-01-01T00:00:00+00:00,2021-12-31T00:00:00+00:00,2021-12-31T00:00:00+00:00,0.0,86400.0,31449600.0,260,0.06521510162945343,0.1253619041024679,0.06762766832295058,0.13404672158239264,1.0673885967190302,0.6252535161147181,0.06919080512962528,0.06227739942053785,3.1984744093059634,1.3600000202655793,353.6000052690506,False,2021-01-01T00:00:00+00:00,2021-12-31T00:00:00+00:00,0.06641905325944206,130448.08065120107,-782.0845116304214,14039.221954374383,0.0,48238.17746616346,370330594.4836298,3.200000047683716,0.0,0.06738859671903019,0.1335586183564701,0.10445857133442406
F2,2021,ridge,complete,fold-2021/F2-ridge.json.gz,fold-2021/F2-ridge-pairs.csv.gz,2021-01-01T00:00:00+00:00,2022-01-01T00:00:00+00:00,2021-01-01T00:00:00+00:00,2021-12-31T00:00:00+00:00,2021-12-31T00:00:00+00:00,0.0,86400.0,31449600.0,260,-0.06203238690471336,0.030713763226171392,-0.06034774176638284,0.03129906561610556,0.9398524473865161,-0.7114268009989276,0.18291941846380078,0.08899499626209914,3.20057905203696,4.7630769940523,1238.400018453598,False,2021-01-01T00:00:00+00:00,2021-12-31T00:00:00+00:00,0.0916468073824884,29741.728253090492,-894.2846044746992,44311.01464765871,0.0,44683.98161444039,1189749905.9808843,3.200000047683716,0.0,-0.06014755261348392,0.03119029705518033,0.08732534688259731
F2,2021,ppo_ens3,complete,fold-2021/F2-ppo_ens3.json.gz,fold-2021/F2-ppo_ens3-pairs.csv.gz,2021-01-01T00:00:00+00:00,2022-01-01T00:00:00+00:00,2021-01-01T00:00:00+00:00,2021-12-31T00:00:00+00:00,2021-12-31T00:00:00+00:00,0.0,86400.0,31449600.0,260,-0.1025522743578069,-0.06730785572859235,-0.09778682022491929,-0.06530872870141005,0.9025309692929511,-0.9385570332212353,0.16229587610807095,0.0336052958542103,1.8456252926489425,0.8703400102724957,226.28840267084888,False,2021-01-01T00:00:00+00:00,2021-12-31T00:00:00+00:00,0.03247809152350924,-62356.2542987458,-1507.4805540936925,8288.429916945719,0.0,25316.86593726457,216558369.3696178,1.8449874610891408,0.3507324962819089,-0.09746903070704893,-0.06509265955122184,0.10943006997003667
F0,2022,canonical,complete,fold-2022/F0-canonical.json.gz,fold-2022/F0-canonical-pairs.csv.gz,2022-01-01T00:00:00+00:00,2023-01-01T00:00:00+00:00,2022-01-03T00:00:00+00:00,2022-12-30T00:00:00+00:00,2022-12-30T00:00:00+00:00,172800.0,172800.0,31190400.0,259,0.05297782364916123,0.08728149354989484,0.05506410043565377,0.09232564847936418,1.054406261976889,0.3320163938613681,0.11630987421392003,0.035032774041030335,3.1988852402115318,1.149034766156701,297.60000443458557,False,2022-01-03T00:00:00+00:00,2022-12-30T00:00:00+00:00,0.037261548043710416,86743.2574102543,2695.7786076660245,11433.764197265938,0.0,23599.009843764423,311150087.2697907,3.200000047683716,0.0,0.054406261976889025,0.09120380332184885,0.1611304346943823
F0,2022,ridge,complete,fold-2022/F0-ridge.json.gz,fold-2022/F0-ridge-pairs.csv.gz,2022-01-01T00:00:00+00:00,2023-01-01T00:00:00+00:00,2022-01-03T00:00:00+00:00,2022-12-30T00:00:00+00:00,2022-12-30T00:00:00+00:00,172800.0,172800.0,31190400.0,259,-0.09405362117564621,-0.02465450116309062,-0.09077337245664395,-0.024636205473223465,0.9102339531174981,-0.7606975564299732,0.16418630755590857,0.06544009884580483,3.2002618983108944,4.756756827637956,1232.0000183582306,False,2022-01-03T00:00:00+00:00,2022-12-30T00:00:00+00:00,0.06613716698342048,-24790.305785731714,464.3577490351032,43664.22213230959,0.0,21775.87671349523,1162773784.5487435,3.200000047683716,0.0,-0.0897660468825019,-0.02435306131362873,0.12485515942088092
F0,2022,ppo_ens3,complete,fold-2022/F0-ppo_ens3.json.gz,fold-2022/F0-ppo_ens3-pairs.csv.gz,2022-01-01T00:00:00+00:00,2023-01-01T00:00:00+00:00,2022-01-03T00:00:00+00:00,2022-12-30T00:00:00+00:00,2022-12-30T00:00:00+00:00,172800.0,172800.0,31190400.0,259,0.06697084880745442,0.09087993616374826,0.07010768840436833,0.09630984329582684,1.0692643073905628,0.29326537269466074,0.22048347180202665,0.025041002450990942,2.1629327638987395,0.8565564916377792,221.8481313341848,False,2022-01-03T00:00:00+00:00,2022-12-30T00:00:00+00:00,0.02620215489145851,92949.64480987709,1355.6650316776097,8696.224426289966,0.0,16344.77802470098,231076599.34066653,2.1622725037807773,-0.030689312757353093,0.06926430739056277,0.09513751095397972,0.23060462343224644
F1,2022,canonical,complete,fold-2022/F1-canonical.json.gz,fold-2022/F1-canonical-pairs.csv.gz,2022-01-01T00:00:00+00:00,2023-01-01T00:00:00+00:00,2022-01-03T00:00:00+00:00,2022-12-30T00:00:00+00:00,2022-12-30T00:00:00+00:00,172800.0,172800.0,31190400.0,259,0.04178551832088364,0.08728149354989799,0.04318387319477547,0.09232564847936768,1.0426708209779227,0.2618140492443851,0.11837670523517685,0.046197690973499156,3.199023630370118,1.149034766156701,297.60000443458557,False,2022-01-03T00:00:00+00:00,2022-12-30T00:00:00+00:00,0.04914177528459221,86196.73377298999,2671.778178430039,22740.648831790815,0.0,23457.042141708353,309411849.6900087,3.200000047683716,0.0,0.04267082097792274,0.09120380332185228,0.16116689527269024
F1,2022,ridge,complete,fold-2022/F1-ridge.json.gz,fold-2022/F1-ridge-pairs.csv.gz,2022-01-01T00:00:00+00:00,2023-01-01T00:00:00+00:00,2022-01-03T00:00:00+00:00,2022-12-30T00:00:00+00:00,2022-12-30T00:00:00+00:00,172800.0,172800.0,31190400.0,259,-0.1403566700744734,-0.024654501163091078,-0.13238661154071277,-0.02463620547322392,0.8690482166227393,-1.1340226352822744,0.19024566712439206,0.10667259540171722,3.2008343153634202,4.756756827637956,1232.0000183582306,False,2022-01-03T00:00:00+00:00,2022-12-30T00:00:00+00:00,0.10775040606748884,-24739.21990586652,460.0319303219818,85392.87792330144,0.0,21279.717478415736,1136466982.2259288,3.200000047683716,0.0,-0.13095178337726066,-0.024353061313629177,0.12498397317630193
F1,2022,ppo_ens3,complete,fold-2022/F1-ppo_ens3.json.gz,fold-2022/F1-ppo_ens3-pairs.csv.gz,2022-01-01T00:00:00+00:00,2023-01-01T00:00:00+00:00,2022-01-03T00:00:00+00:00,2022-12-30T00:00:00+00:00,2022-12-30T00:00:00+00:00,172800.0,172800.0,31190400.0,259,0.05863442931428671,0.09087993616374766,0.061119755685150316,0.09630984329582618,1.0603875232814004,0.2567384976580402,0.22085059047352817,0.033590496573154126,2.16300203723295,0.8565564916377792,221.8481313341848,False,2022-01-03T00:00:00+00:00,2022-12-30T00:00:00+00:00,0.03519008761067586,92634.88097742625,1343.138877128933,17319.791814085005,0.0,16270.704759069133,230112376.73139262,2.1622725037807773,-0.030689312757353093,0.0603875232814004,0.09513751095397907,0.2306241063482784
F2,2022,canonical,complete,fold-2022/F2-canonical.json.gz,fold-2022/F2-canonical-pairs.csv.gz,2022-01-01T00:00:00+00:00,2023-01-01T00:00:00+00:00,2022-01-03T00:00:00+00:00,2022-12-30T00:00:00+00:00,2022-12-30T00:00:00+00:00,172800.0,172800.0,31190400.0,259,0.0298604435707695,0.08728149354989366,0.03067299923808534,0.09232564847936288,1.0303107374323737,0.18700885125186817,0.12111716806317774,0.05796608735863259,3.1991710382020324,1.149034766156701,297.60000443458557,False,2022-01-03T00:00:00+00:00,2022-12-30T00:00:00+00:00,0.06165264924127754,85628.1764345028,2648.648356504107,11312.18407037491,0.0,46653.903288257694,307815725.49845576,3.200000047683716,0.0,0.03031073743237367,0.09120380332184756,0.1612415951594772
F2,2022,ridge,complete,fold-2022/F2-ridge.json.gz,fold-2022/F2-ridge-pairs.csv.gz,2022-01-01T00:00:00+00:00,2023-01-01T00:00:00+00:00,2022-01-03T00:00:00+00:00,2022-12-30T00:00:00+00:00,2022-12-30T00:00:00+00:00,172800.0,172800.0,31190400.0,259,-0.11717705772575865,-0.02465450116309415,-0.11179842779485494,-0.024636205473226952,0.8894276991754158,-0.9471847871602221,0.17710116419546107,0.08625218726792708,3.20054777379107,4.756756827637956,1232.0000183582306,False,2022-01-03T00:00:00+00:00,2022-12-30T00:00:00+00:00,0.08716222232162799,-24782.293265977947,462.17970932082517,43188.09294972434,0.0,43064.094318202726,1149826724.9119885,3.200000047683716,0.0,-0.11057230082458425,-0.024353061313632175,0.12492543440251368
F2,2022,ppo_ens3,complete,fold-2022/F2-ppo_ens3.json.gz,fold-2022/F2-ppo_ens3-pairs.csv.gz,2022-01-01T00:00:00+00:00,2023-01-01T00:00:00+00:00,2022-01-03T00:00:00+00:00,2022-12-30T00:00:00+00:00,2022-12-30T00:00:00+00:00,172800.0,172800.0,31190400.0,259,0.051395454553221746,0.09087993616374782,0.05337629626690615,0.09630984329582634,1.0527391214570514,0.224964428840896,0.22167183752918418,0.041068372247033504,2.1630760792336226,0.8565564916377792,221.8481313341848,False,2022-01-03T00:00:00+00:00,2022-12-30T00:00:00+00:00,0.042933547028920195,92476.27691521854,1331.216788866539,8633.960578549397,0.0,32434.411668484074,229424277.56630862,2.1622725037807773,-0.030689312757353093,0.0527391214570514,0.09513751095397924,0.23070332389870532
F0,2023,canonical,complete,fold-2023/F0-canonical.json.gz,fold-2023/F0-canonical-pairs.csv.gz,2023-01-01T00:00:00+00:00,2024-01-01T00:00:00+00:00,2023-01-02T00:00:00+00:00,2023-12-29T00:00:00+00:00,2023-12-29T00:00:00+00:00,86400.0,259200.0,31190400.0,259,-0.001657129853712469,0.03282399829308384,-0.0016752342262304986,0.033768052585758546,0.998344242427842,-0.015358275088336995,0.10116690684989327,0.0353996949658189,3.1992988064698515,1.2046332225836383,312.0000046491623,False,2023-01-02T00:00:00+00:00,2023-12-29T00:00:00+00:00,0.03544328681198904,25625.507207351664,8118.430186308247,11706.086503329376,0.0,23693.608462489512,325356993.6905787,3.200000047683716,0.0,-0.0016557575721579676,0.03336864858921704,0.1089574906954948
F0,2023,ridge,complete,fold-2023/F0-ridge.json.gz,fold-2023/F0-ridge-pairs.csv.gz,2023-01-01T00:00:00+00:00,2024-01-01T00:00:00+00:00,2023-01-02T00:00:00+00:00,2023-12-29T00:00:00+00:00,2023-12-29T00:00:00+00:00,86400.0,259200.0,31190400.0,259,0.06678513795183907,0.13434546743399267,0.06990663705269197,0.14559837287568897,1.069065751838689,0.5908127149848666,0.06872379333449719,0.07080274528560473,3.1985921477585837,4.614671883435784,1195.2000178098679,False,2023-01-02T00:00:00+00:00,2023-12-29T00:00:00+00:00,0.075691735822997,143271.13016795772,-3402.633043662486,46613.45380916571,0.0,24189.29147643902,1253655102.6790993,3.200000047683716,0.0,0.06906575183868902,0.14378789286663204,0.11414923039048692
F0,2023,ppo_ens3,complete,fold-2023/F0-ppo_ens3.json.gz,fold-2023/F0-ppo_ens3-pairs.csv.gz,2023-01-01T00:00:00+00:00,2024-01-01T00:00:00+00:00,2023-01-02T00:00:00+00:00,2023-12-29T00:00:00+00:00,2023-12-29T00:00:00+00:00,86400.0,259200.0,31190400.0,259,-0.03470987716410767,-0.018441935296488257,-0.034509012261743376,-0.01848604712018546,0.9658856010813257,-0.3757499231225808,0.11942972047062828,0.015687850859386183,1.4939635846232606,0.5520186139514281,142.9728210134199,False,2023-01-02T00:00:00+00:00,2023-12-29T00:00:00+00:00,0.016022965141557915,-31666.613301217993,13240.065241931346,5300.93211307816,0.0,10386.918746308023,138539608.0898179,1.4941722313873134,-0.24550756343181243,-0.034114398918674294,-0.01827292337149383,0.09328185416375107
F1,2023,canonical,complete,fold-2023/F1-canonical.json.gz,fold-2023/F1-canonical-pairs.csv.gz,2023-01-01T00:00:00+00:00,2024-01-01T00:00:00+00:00,2023-01-02T00:00:00+00:00,2023-12-29T00:00:00+00:00,2023-12-29T00:00:00+00:00,86400.0,259200.0,31190400.0,259,-0.013041109875199547,0.03282399829308045,-0.013107973273980477,0.033768052585755,0.987043556948771,-0.12086578814718683,0.10450007161785291,0.046835191711610505,3.199439416943623,1.2046332225836383,312.0000046491623,False,2023-01-02T00:00:00+00:00,2023-12-29T00:00:00+00:00,0.04687602585973548,25805.02670794556,8073.721952437424,23281.967027253904,0.0,23553.2246843566,323571924.2989189,3.200000047683716,0.0,-0.012956443051229005,0.033368648589213526,0.1089567547150456
F1,2023,ridge,complete,fold-2023/F1-ridge.json.gz,fold-2023/F1-ridge-pairs.csv.gz,2023-01-01T00:00:00+00:00,2024-01-01T00:00:00+00:00,2023-01-02T00:00:00+00:00,2023-12-29T00:00:00+00:00,2023-12-29T00:00:00+00:00,86400.0,259200.0,31190400.0,259,0.02229654822644033,0.1343454674339933,0.022815421670015483,0.1455983728756897,1.0225469740046518,0.19716010164186415,0.09076320868558041,0.11486219005975805,3.1991416300776274,4.614671883435784,1195.2000178098679,False,2023-01-02T00:00:00+00:00,2023-12-29T00:00:00+00:00,0.1227829512056742,140732.08864986544,-3322.9245854543924,91189.43313015283,0.0,23672.756929605166,1226491729.7502742,3.200000047683716,0.0,0.022546974004651776,0.14378789286663277,0.11419881423734668
F1,2023,ppo_ens3,complete,fold-2023/F1-ppo_ens3.json.gz,fold-2023/F1-ppo_ens3-pairs.csv.gz,2023-01-01T00:00:00+00:00,2024-01-01T00:00:00+00:00,2023-01-02T00:00:00+00:00,2023-12-29T00:00:00+00:00,2023-12-29T00:00:00+00:00,86400.0,259200.0,31190400.0,259,-0.04018357317713569,-0.018441935296485717,-0.03984125468220009,-0.018486047120182942,0.9606130801703039,-0.43501441191862067,0.12229954624515482,0.020929561480453152,1.4939948551614646,0.5520186139514281,142.9728210134199,False,2023-01-02T00:00:00+00:00,2023-12-29T00:00:00+00:00,0.021355207562017146,-31673.218704677074,13215.860355433411,10573.565869956077,0.0,10355.995610497064,138167829.04767585,1.4941722313873134,-0.24550756343181243,-0.03938691982969611,-0.018272923371491338,0.09327986321255913
F2,2023,canonical,complete,fold-2023/F2-canonical.json.gz,fold-2023/F2-canonical-pairs.csv.gz,2023-01-01T00:00:00+00:00,2024-01-01T00:00:00+00:00,2023-01-02T00:00:00+00:00,2023-12-29T00:00:00+00:00,2023-12-29T00:00:00+00:00,86400.0,259200.0,31190400.0,259,-0.024760376203904436,0.032823998293081295,-0.02474068230230139,0.03376805258575589,0.9755436474949942,-0.22951723012004877,0.10891044674415984,0.058431245900189596,3.199584053538835,1.2046332225836383,312.0000046491623,False,2023-01-02T00:00:00+00:00,2023-12-29T00:00:00+00:00,0.05850873488805727,25943.32252679775,8031.57086838521,11581.130084644241,0.0,46850.11581554534,321940557.0656835,3.200000047683716,0.0,-0.024456352505005774,0.03336864858921441,0.10893938985023095
F2,2023,ridge,complete,fold-2023/F2-ridge.json.gz,fold-2023/F2-ridge-pairs.csv.gz,2023-01-01T00:00:00+00:00,2024-01-01T00:00:00+00:00,2023-01-02T00:00:00+00:00,2023-12-29T00:00:00+00:00,2023-12-29T00:00:00+00:00,86400.0,259200.0,31190400.0,259,0.04368850146048714,0.13434546743399467,0.04519434037204404,0.1455983728756913,1.0446568951038349,0.38660194468362,0.08016560626616764,0.09388965903160869,3.198877215221396,4.614671883435784,1195.2000178098679,False,2023-01-02T00:00:00+00:00,2023-12-29T00:00:00+00:00,0.10040403250364727,141906.5110190887,-3359.9568836460926,46065.75270497582,0.0,47823.906326632874,1239048189.3059719,3.200000047683716,0.0,0.04465689510383486,0.14378789286663432,0.11411588634109052
F2,2023,ppo_ens3,complete,fold-2023/F2-ppo_ens3.json.gz,fold-2023/F2-ppo_ens3-pairs.csv.gz,2023-01-01T00:00:00+00:00,2024-01-01T00:00:00+00:00,2023-01-02T00:00:00+00:00,2023-12-29T00:00:00+00:00,2023-12-29T00:00:00+00:00,86400.0,259200.0,31190400.0,259,-0.0455053617217954,-0.018441935296489256,-0.04499727935688203,-0.018486047120186457,0.9555144793554099,-0.49272778337825524,0.12458509616201319,0.025940179485460943,1.494029605039582,0.5520186139514281,142.9728210134199,False,2023-01-02T00:00:00+00:00,2023-12-29T00:00:00+00:00,0.026511232236695575,-31750.750334342672,13205.4091752144,5276.078720436785,0.0,20664.100765024166,137885101.82748792,1.4941722313873134,-0.24550756343181243,-0.044485520644590104,-0.01827292337149481,0.09326066611690757
F0,2024,canonical,complete,fold-2024/F0-canonical.json.gz,fold-2024/F0-canonical-pairs.csv.gz,2024-01-01T00:00:00+00:00,2025-01-01T00:00:00+00:00,2024-01-01T00:00:00+00:00,2024-12-31T00:00:00+00:00,2024-12-31T00:00:00+00:00,0.0,86400.0,31536000.0,261,0.16203066817911715,0.1998047900641136,0.17602681147380606,0.2213314824239449,1.1758963033664747,1.7176878108753728,0.0490995629545522,0.04106294040650665,3.1976971313274496,1.446743316577312,377.60000562667847,False,2024-01-01T00:00:00+00:00,2024-12-31T00:00:00+00:00,0.04530467095013885,219174.51377862715,-2215.2700056462722,15721.376983965118,0.0,25341.56342254153,415008007.35003394,3.200000047683716,0.0,0.17589630336647466,0.22116435147649172,0.09421428782559595
F0,2024,ridge,complete,fold-2024/F0-ridge.json.gz,fold-2024/F0-ridge-pairs.csv.gz,2024-01-01T00:00:00+00:00,2025-01-01T00:00:00+00:00,2024-01-01T00:00:00+00:00,2024-12-31T00:00:00+00:00,2024-12-31T00:00:00+00:00,0.0,86400.0,31536000.0,261,-0.1028733832461772,-0.03174425742021146,-0.09782236567554606,-0.03126676092308713,0.9022412051021005,-1.1782282774799049,0.11202788678319675,0.06857956593398283,3.2011345317951267,4.953256778790119,1292.8000192642212,False,2024-01-01T00:00:00+00:00,2024-12-31T00:00:00+00:00,0.06655560475245892,-22349.353354453197,-6829.875609464462,46063.74320581948,0.0,22515.822728163366,1248366864.9126718,3.200000047683716,0.0,-0.09775879489789951,-0.03124569787402755,0.08720419186993507
F0,2024,ppo_ens3,complete,fold-2024/F0-ppo_ens3.json.gz,fold-2024/F0-ppo_ens3-pairs.csv.gz,2024-01-01T00:00:00+00:00,2025-01-01T00:00:00+00:00,2024-01-01T00:00:00+00:00,2024-12-31T00:00:00+00:00,2024-12-31T00:00:00+00:00,0.0,86400.0,31536000.0,261,0.18894133744697278,0.21128148130508176,0.20812642358463704,0.23543878027025072,1.2079700877950394,1.3497526647064693,0.09039255599899465,0.024362511369130768,2.0288473463037877,0.8025318730463741,209.46081886510365,False,2024-01-01T00:00:00+00:00,2024-12-31T00:00:00+00:00,0.027312356685613687,192137.38068754718,40195.218476625756,8395.204911053419,0.0,15967.306458077353,227658733.4025891,2.031306788286449,-0.9717370861158523,0.20797008779503945,0.23526000872946734,0.13980946446729264
F1,2024,canonical,complete,fold-2024/F1-canonical.json.gz,fold-2024/F1-canonical-pairs.csv.gz,2024-01-01T00:00:00+00:00,2025-01-01T00:00:00+00:00,2024-01-01T00:00:00+00:00,2024-12-31T00:00:00+00:00,2024-12-31T00:00:00+00:00,0.0,86400.0,31536000.0,261,0.1475980052737592,0.1998047900641084,0.15916405118456753,0.22133148242393852,1.1590468719695772,1.5635336282440284,0.04991758214249031,0.056373447997020154,3.197873987416774,1.446743316577312,377.60000562667847,False,2024-01-01T00:00:00+00:00,2024-12-31T00:00:00+00:00,0.06216743123937099,217623.207518246,-2202.8875516455914,31213.805674854913,0.0,25159.64232216527,412047209.265737,3.200000047683716,0.0,0.15904687196957723,0.22116435147648536,0.09428379225367137
F1,2024,ridge,complete,fold-2024/F1-ridge.json.gz,fold-2024/F1-ridge-pairs.csv.gz,2024-01-01T00:00:00+00:00,2025-01-01T00:00:00+00:00,2024-01-01T00:00:00+00:00,2024-12-31T00:00:00+00:00,2024-12-31T00:00:00+00:00,0.0,86400.0,31536000.0,261,-0.15065097251793635,-0.031744257420212155,-0.13994088877625047,-0.031266760923087805,0.8601478615159229,-1.7246566724272059,0.15028441401256698,0.11201213639389172,3.2017206025997362,4.953256778790119,1292.8000192642212,False,2024-01-01T00:00:00+00:00,2024-12-31T00:00:00+00:00,0.10867412785316266,-21171.293097130794,-6668.7089930562715,90019.0601930931,0.0,21993.07620079857,1219825860.8304565,3.200000047683716,0.0,-0.13985213848407707,-0.03124569787402822,0.08724349738201297
F1,2024,ppo_ens3,complete,fold-2024/F1-ppo_ens3.json.gz,fold-2024/F1-ppo_ens3-pairs.csv.gz,2024-01-01T00:00:00+00:00,2025-01-01T00:00:00+00:00,2024-01-01T00:00:00+00:00,2024-12-31T00:00:00+00:00,2024-12-31T00:00:00+00:00,0.0,86400.0,31536000.0,261,0.18125560744462288,0.21128148130508817,0.1988703700196005,0.23543878027025866,1.1987215422874389,1.294851862656923,0.09247930394975434,0.032629729418611864,2.028906600538251,0.8025318730463741,209.46081886510365,False,2024-01-01T00:00:00+00:00,2024-12-31T00:00:00+00:00,0.03656841025065816,191303.2466574184,40048.02504863286,16724.365206453815,0.0,15905.364212158054,226768023.39234263,2.031306788286449,-0.9717370861158523,0.19872154228743888,0.23526000872947525,0.13980900524688633
F2,2024,canonical,complete,fold-2024/F2-canonical.json.gz,fold-2024/F2-canonical-pairs.csv.gz,2024-01-01T00:00:00+00:00,2025-01-01T00:00:00+00:00,2024-01-01T00:00:00+00:00,2024-12-31T00:00:00+00:00,2024-12-31T00:00:00+00:00,0.0,86400.0,31536000.0,261,0.13868283209651727,0.19980479006411322,0.14886881635956872,0.22133148242394443,1.1487596925142007,1.4699559898559105,0.050077180278732536,0.06561730202226297,3.1979832558859607,1.446743316577312,377.60000562667847,False,2024-01-01T00:00:00+00:00,2024-12-31T00:00:00+00:00,0.07246266606437571,216574.75648008886,-2197.7619436262758,15532.330419115562,0.0,50084.97160314741,410118866.5686734,3.200000047683716,0.0,0.14875969251420074,0.22116435147649124,0.09422847232026466
F2,2024,ridge,complete,fold-2024/F2-ridge.json.gz,fold-2024/F2-ridge-pairs.csv.gz,2024-01-01T00:00:00+00:00,2025-01-01T00:00:00+00:00,2024-01-01T00:00:00+00:00,2024-12-31T00:00:00+00:00,2024-12-31T00:00:00+00:00,0.0,86400.0,31536000.0,261,-0.1262527734807499,-0.03174425742021268,-0.11868418854882155,-0.03126676092308831,0.8813920260926824,-1.4446214154147323,0.1304076676528333,0.09007073893243657,3.2014214193413855,4.953256778790119,1292.8000192642212,False,2024-01-01T00:00:00+00:00,2024-12-31T00:00:00+00:00,0.08741742762573323,-21786.28436916791,-6750.950605713018,45548.942286519545,0.0,44521.796645916984,1234429929.5212994,3.200000047683716,0.0,-0.11860797390731759,-0.031245697874028734,0.08728721944240934
F2,2024,ppo_ens3,complete,fold-2024/F2-ppo_ens3.json.gz,fold-2024/F2-ppo_ens3-pairs.csv.gz,2024-01-01T00:00:00+00:00,2025-01-01T00:00:00+00:00,2024-01-01T00:00:00+00:00,2024-12-31T00:00:00+00:00,2024-12-31T00:00:00+00:00,0.0,86400.0,31536000.0,261,0.1742846497545431,0.21128148130508562,0.19053647254708214,0.2354387802702555,1.190394363062056,1.2455952753633257,0.09434280876694967,0.04002621435698878,2.0289678619083014,0.8025318730463741,209.46081886510365,False,2024-01-01T00:00:00+00:00,2024-12-31T00:00:00+00:00,0.04490230772317336,190508.37368795037,39912.20373109432,8331.257451151858,0.0,31694.956905836912,225933612.866144,2.031306788286449,-0.9717370861158523,0.19039436306205593,0.23526000872947211,0.13974811745127183
F0,2025,canonical,complete,fold-2025/F0-canonical.json.gz,fold-2025/F0-canonical-pairs.csv.gz,2025-07-17T23:00:00+00:00,2025-12-25T00:00:00+00:00,2025-07-17T23:00:00+00:00,2025-12-24T00:00:00+00:00,2025-12-24T00:00:00+00:00,0.0,86400.0,13741200.0,113,0.07944814225400944,0.0962229606627885,0.2001638150209243,0.2473016910433202,1.082689412241089,2.7400960800214795,0.029764424988318328,0.017590773185003215,3.1958274825862283,1.5433628548563054,174.4000025987625,False,2025-07-17T23:00:00+00:00,2025-12-24T00:00:00+00:00,0.047137876022395886,97529.22155908837,2750.963867004593,6939.980514223992,0.0,10650.792670779225,184418370.6380629,3.200000047683716,0.0,0.08268941224108906,0.10100451732665951,0.06629290508464764
F0,2025,ridge,complete,fold-2025/F0-ridge.json.gz,fold-2025/F0-ridge-pairs.csv.gz,2025-07-17T23:00:00+00:00,2025-12-25T00:00:00+00:00,2025-07-17T23:00:00+00:00,2025-12-24T00:00:00+00:00,2025-12-24T00:00:00+00:00,0.0,86400.0,13741200.0,113,0.03474018134951681,0.06602774157017151,0.08305222381473228,0.1637379527180955,1.035350670436575,1.1045018772637456,0.029043120912367493,0.03216161989621564,3.197492762641312,4.955752286235843,560.0000083446503,False,2025-07-17T23:00:00+00:00,2025-12-24T00:00:00+00:00,0.08068572890336322,69996.77539985979,-2484.4850670690307,21710.539667734454,0.0,10451.08022848119,575971241.8203589,3.200000047683716,0.0,0.035350670436574916,0.06825635186348128,0.07191421080443491
F0,2025,ppo_ens3,complete,fold-2025/F0-ppo_ens3.json.gz,fold-2025/F0-ppo_ens3-pairs.csv.gz,2025-07-17T23:00:00+00:00,2025-12-25T00:00:00+00:00,2025-07-17T23:00:00+00:00,2025-12-24T00:00:00+00:00,2025-12-24T00:00:00+00:00,0.0,86400.0,13741200.0,113,0.1228677160135141,0.1320344151028163,0.3260095091294116,0.3542204981623274,1.1307348329422986,2.510168403046719,0.029682595806607148,0.009784114667735546,1.7788002930329414,0.8496004939618542,96.00485581768953,False,2025-07-17T23:00:00+00:00,2025-12-24T00:00:00+00:00,0.0282109890329158,131290.28084755893,9228.666762475226,3810.1945552970765,0.0,5973.920112438469,102450436.21279377,1.783311950688102,-0.804430944379081,0.1307348329422986,0.14114759130313892,0.11191389800721671
F1,2025,canonical,complete,fold-2025/F1-canonical.json.gz,fold-2025/F1-canonical-pairs.csv.gz,2025-07-17T23:00:00+00:00,2025-12-25T00:00:00+00:00,2025-07-17T23:00:00+00:00,2025-12-24T00:00:00+00:00,2025-12-24T00:00:00+00:00,0.0,86400.0,13741200.0,113,0.07284082325048953,0.0962229606627905,0.18208981616710618,0.24730169104332594,1.0755593192517843,2.5114119495877127,0.031163640307279805,0.02445144664367438,3.1960143074316463,1.5433628548563054,174.4000025987625,False,2025-07-17T23:00:00+00:00,2025-12-24T00:00:00+00:00,0.06521187487621977,97270.51864575018,2740.247249707957,13834.557919533752,0.0,10616.888724140632,183814671.15008578,3.200000047683716,0.0,0.07555931925178427,0.10100451732666171,0.06631411608334846
F1,2025,ridge,complete,fold-2025/F1-ridge.json.gz,fold-2025/F1-ridge-pairs.csv.gz,2025-07-17T23:00:00+00:00,2025-12-25T00:00:00+00:00,2025-07-17T23:00:00+00:00,2025-12-24T00:00:00+00:00,2025-12-24T00:00:00+00:00,0.0,86400.0,13741200.0,113,0.013620285203606652,0.06602774157017151,0.03177426838575351,0.1637379527180955,1.0137134638474257,0.4322675103557377,0.03510127515313066,0.053313320625075794,3.198090462079252,4.955752286235843,560.0000083446503,False,2025-07-17T23:00:00+00:00,2025-12-24T00:00:00+00:00,0.13196368433234199,69482.98202030185,-2456.197547799123,42969.40746791477,0.0,10343.91315716104,569972918.2443602,3.200000047683716,0.0,0.013713463847425666,0.06825635186348128,0.07204149270083549
F1,2025,ppo_ens3,complete,fold-2025/F1-ppo_ens3.json.gz,fold-2025/F1-ppo_ens3-pairs.csv.gz,2025-07-17T23:00:00+00:00,2025-12-25T00:00:00+00:00,2025-07-17T23:00:00+00:00,2025-12-24T00:00:00+00:00,2025-12-24T00:00:00+00:00,0.0,86400.0,13741200.0,113,0.11931131903883817,0.13203441510281697,0.31522342427854977,0.35422049816232953,1.1267206332779847,2.4370522913252004,0.030411851327117434,0.0135705616449616,1.7788554034206716,0.8496004939618542,96.00485581768953,False,2025-07-17T23:00:00+00:00,2025-12-24T00:00:00+00:00,0.038997073883779765,131075.68248603225,9215.51243691485,7606.676280694349,0.0,5963.885364267247,102267150.90395251,1.783311950688102,-0.804430944379081,0.12672063327798466,0.14114759130313967,0.11193499782462421
F2,2025,canonical,complete,fold-2025/F2-canonical.json.gz,fold-2025/F2-canonical-pairs.csv.gz,2025-07-17T23:00:00+00:00,2025-12-25T00:00:00+00:00,2025-07-17T23:00:00+00:00,2025-12-24T00:00:00+00:00,2025-12-24T00:00:00+00:00,0.0,86400.0,13741200.0,113,0.06927783859768073,0.09622296066279169,0.17245667091997188,0.24730169104332939,1.071733936840408,2.391480027164698,0.031876218087145025,0.028097291903695996,3.1961150105141063,1.5433628548563054,174.4000025987625,False,2025-07-17T23:00:00+00:00,2025-12-24T00:00:00+00:00,0.0748450201233575,97097.12049569533,2734.108248407439,6903.603906488491,0.0,21193.687997207515,183451454.60326168,3.200000047683716,0.0,0.07173393684040796,0.10100451732666302,0.06623334173319427
F2,2025,ridge,complete,fold-2025/F2-ridge.json.gz,fold-2025/F2-ridge-pairs.csv.gz,2025-07-17T23:00:00+00:00,2025-12-25T00:00:00+00:00,2025-07-17T23:00:00+00:00,2025-12-24T00:00:00+00:00,2025-12-24T00:00:00+00:00,0.0,86400.0,13741200.0,113,0.024560503564366353,0.06602774157017195,0.05802595597144969,0.16373795271809669,1.0248645971925083,0.7798507503976722,0.03041430663361233,0.042394791640578335,3.1977808328695763,4.955752286235843,560.0000083446503,False,2025-07-17T23:00:00+00:00,2025-12-24T00:00:00+00:00,0.105711996746647,69729.881965049,-2470.493131961153,21598.5322046901,0.0,20796.25943588823,572996797.3900048,3.200000047683716,0.0,0.02486459719250833,0.06825635186348175,0.07200702504171186
F2,2025,ppo_ens3,complete,fold-2025/F2-ppo_ens3.json.gz,fold-2025/F2-ppo_ens3-pairs.csv.gz,2025-07-17T23:00:00+00:00,2025-12-25T00:00:00+00:00,2025-07-17T23:00:00+00:00,2025-12-24T00:00:00+00:00,2025-12-24T00:00:00+00:00,0.0,86400.0,13741200.0,113,0.11725653612689864,0.13203441510281586,0.3090315734762491,0.3542204981623261,1.1244078439279555,2.399140162989167,0.030575667252753846,0.015712382001629763,1.7788961034115094,0.8496004939618542,96.00485581768953,False,2025-07-17T23:00:00+00:00,2025-12-24T00:00:00+00:00,0.04518892468607699,130914.4803969509,9205.745532634151,3798.5840873535954,0.0,11913.797914276174,102139978.67583573,1.783311950688102,-0.804430944379081,0.12440784392795545,0.1411475913031384,0.11174562666912723
