fold,policy,status,result_path,pairs_path,source_result_path,source_result_sha256,source_pairs_sha256,coverage.measurement_start,coverage.measurement_end,coverage.first_decision,coverage.last_mark,coverage.planned_last_mark,coverage.initial_flat_seconds,coverage.trailing_coverage_gap_seconds,coverage.elapsed_seconds,metrics.steps,metrics.cumulative_log_return,metrics.gross_cumulative_log_return,metrics.annualized_net_return,metrics.annualized_gross_return,metrics.final_equity_ratio,metrics.sharpe_annualized,metrics.max_drawdown,metrics.total_cost_ratio,metrics.mean_gross_leverage,metrics.mean_weight_turnover,metrics.total_weight_turnover,metrics.terminated_by_margin_call,metrics.eval_start,metrics.eval_end,metrics.annualized_gross_minus_net,metrics.total_price_pnl_jpy,metrics.total_financing_jpy,metrics.total_spread_jpy,metrics.total_commission_jpy,metrics.total_overnight_jpy,metrics.total_actual_traded_notional_jpy,metrics.mean_target_gross_exposure,metrics.mean_target_net_exposure,metrics.period_net_return,metrics.period_gross_return,metrics.annualized_net_volatility,attribution.elapsed_years,attribution.steps,attribution.log_undefined_reason,attribution.common_cumulative_log,attribution.common_annual_log,attribution.common_pnl_jpy,attribution.relative_cumulative_log,attribution.relative_annual_log,attribution.relative_pnl_jpy,attribution.financing_cumulative_log,attribution.financing_annual_log,attribution.financing_pnl_jpy,attribution.spread_cumulative_log,attribution.spread_annual_log,attribution.spread_pnl_jpy,attribution.commission_cumulative_log,attribution.commission_annual_log,attribution.commission_pnl_jpy,attribution.overnight_cumulative_log,attribution.overnight_annual_log,attribution.overnight_pnl_jpy,attribution.net_cumulative_log,attribution.net_annual_log,attribution.annualized_net_log_volatility
2009,canonical,complete,canonical.json.gz,canonical-pairs.csv.gz,docs/research/results/issue30-successor/fold-2009/canonical.json.gz,3a7d5f4af30ab7a551cae1b53802d9076bfa95f1d869035434a2a46119f0e485,e4aa89c0d0482b1941a0b695710a2a014bb0754ecef3298e9b6e029769e22428,2009-05-05T23:00:00+00:00,2010-01-01T00:00:00+00:00,2009-05-05T23:00:00+00:00,2009-12-31T00:00:00+00:00,2009-12-31T00:00:00+00:00,0.0,86400.0,20653200.0,171,-0.005530593351301582,0.018165603111294008,-0.008415009450731686,0.028145414604205318,0.9944846722245788,-0.05027613898293384,0.13656967133632725,0.02334691500622723,3.1989852551071607,1.2631579135593616,216.00000321865082,False,2009-05-05T23:00:00+00:00,2009-12-31T00:00:00+00:00,0.03656042405493701,26163.93624783072,-8332.34901702433,8306.28364213202,0.0,15040.631364095218,218039989.19017658,3.200000047683716,0.0,-0.005515327775421186,0.0183316013085085,0.16759182529229066,0.6544604152407028,171,,0.0,0.0,0.0,0.02680925661163754,0.04096390856852269,26163.9362478307,-0.008643602850177347,-0.0132072202518136,-8332.349017024331,-0.008397500794365402,-0.012831182144571572,-8306.283642132019,0.0,0.0,0.0,-0.015298746318394476,-0.023376121705951887,-15040.631364095218,-0.005530593351301606,-0.008450615533817304,0.16808401967155465
2009,ridge,complete,ridge.json.gz,ridge-pairs.csv.gz,docs/research/results/issue30-successor/fold-2009/ridge.json.gz,55938e9f11823b2b78c97ecc87b2f2330ac256c59d17a33353a1b4f80dc54535,12bd9054443b1767227c3bf12a9705a1fc54ed829ec4815dc101cf8d60245a08,2009-05-05T23:00:00+00:00,2010-01-01T00:00:00+00:00,2009-05-05T23:00:00+00:00,2009-12-31T00:00:00+00:00,2009-12-31T00:00:00+00:00,0.0,86400.0,20653200.0,171,0.01664506503505049,0.06397803544119494,0.025759449713420094,0.10269471115812884,1.0167843659477211,0.19211992250798393,0.09217370252771728,0.0500153875250992,3.1994681691029845,5.09941528066557,872.0000129938126,False,2009-05-05T23:00:00+00:00,2009-12-31T00:00:00+00:00,0.07693526144470875,66786.86722868156,12.88624414004029,33852.50682582356,0.0,16162.880699275647,922180551.9700692,3.200000047683716,0.0,0.016784365947721147,0.06606898276948293,0.13199458518116433,0.6544604152407028,171,,0.0,0.0,0.0,0.06398256881323026,0.09776384839058332,66786.86722868159,3.557372885931056e-06,5.435581439440759e-06,12.88624414003985,-0.03204360405298479,-0.048961867374667005,-33852.50682582356,0.0,0.0,0.0,-0.015297457098080303,-0.023374151807873788,-16162.880699275647,0.0166450650350505,0.025433264789481033,0.13238223531151014
2009,ppo_ens3,complete,ppo_ens3.json.gz,ppo_ens3-pairs.csv.gz,docs/research/results/issue30-successor/fold-2009/ppo_ens3.json.gz,19442fbbd526c523b8bca890ed0fd2f3363a70844122a392d7f578e04361f9f9,5da11b323f742c12fe9d53e05157d9f796ee568af0c941c036aa947c6813340e,2009-05-05T23:00:00+00:00,2010-01-01T00:00:00+00:00,2009-05-05T23:00:00+00:00,2009-12-31T00:00:00+00:00,2009-12-31T00:00:00+00:00,0.0,86400.0,20653200.0,171,-0.21137541071402682,-0.19239408496353694,-0.27600921657560745,-0.25470383372386773,0.8094701260755154,-0.6026671868071769,0.3325743967935574,0.0174078104764066,2.7289611697494016,0.936399767627705,160.12436026433755,False,2009-05-05T23:00:00+00:00,2009-12-31T00:00:00+00:00,0.021305382851739718,-160314.85222668166,-12807.211221395573,5438.569191123575,0.0,11969.241285283022,146914587.13007206,2.7269314160735254,2.1642673353042334,-0.19052987392448462,-0.17501830845761243,0.5343427732797436,0.6544604152407028,171,,-0.15187841906188274,-0.23206662393175248,-134605.33008104184,-0.0266670413774727,-0.040746607062040384,-25709.522145639967,-0.013870317084868298,-0.021193515699138136,-12807.211221395573,-0.005923420339823168,-0.009050845860012183,-5438.569191123575,0.0,0.0,0.0,-0.013036212849978634,-0.019919024201309518,-11969.24128528302,-0.21137541071402682,-0.32297661675425465,0.5359120652732517
2009,train_constant,complete,train_constant.json.gz,train_constant-pairs.csv.gz,docs/research/results/issue30-successor/fold-2009/train_constant.json.gz,ca9fde9c2cf398054bb65b4e97ab560d0b7de00b14c94f5581abcc509d155949,e9ae7b688caf0a55362b435d5534b0cae770eba85efda79c01602255203042b4,2009-05-05T23:00:00+00:00,2010-01-01T00:00:00+00:00,2009-05-05T23:00:00+00:00,2009-12-31T00:00:00+00:00,2009-12-31T00:00:00+00:00,0.0,86400.0,20653200.0,171,0.028635799713419535,0.030989010219736515,0.04472618078909772,0.048489411920468524,1.029049746006914,0.508288589937066,0.04794693438780817,0.0023860253235456416,0.48070540950468427,0.002812415154443847,0.4809229914098978,False,2009-05-05T23:00:00+00:00,2009-12-31T00:00:00+00:00,0.003763231131370802,27404.911859023232,4030.8594714358314,55.18695185972251,0.0,2330.83837168592,1544924.1158657467,0.4809229914098978,-0.4809229914098978,0.0290497460069139,0.031474168149778776,0.08583056617820098,0.6544604152407028,171,,0.015059961992621853,0.02301126491673752,15269.210908303996,0.01195330465508601,0.018264366150685715,12135.700950719269,0.0039761268366674905,0.00607542754928137,4030.8594714358314,-5.470544684492222e-05,-8.358862594432425e-05,-55.18695185972253,0.0,0.0,0.0,-0.0022988883241106305,-0.003512646862324174,-2330.83837168592,0.02863579971341955,0.043754823128435726,0.08608263886831147
2009,common_projected,complete,common_projected.json.gz,common_projected-pairs.csv.gz,docs/research/results/issue30-successor/fold-2009/common_projected.json.gz,de722e569273ac5671305a3453516e17266d7c8c39c5ed1026b9750de4b341b0,0037e249506053d15485c32981453f61f219f6e9f7ee492065f7f3470a119be6,2009-05-05T23:00:00+00:00,2010-01-01T00:00:00+00:00,2009-05-05T23:00:00+00:00,2009-12-31T00:00:00+00:00,2009-12-31T00:00:00+00:00,0.0,86400.0,20653200.0,171,-0.16556761568241884,-0.1480541417979473,-0.22351922237799868,-0.20245994424298927,0.847412562889014,-0.5039400451650174,0.2957937941471045,0.016649643043075587,2.535976882684074,0.8648686497880701,147.89253911376,False,2009-05-05T23:00:00+00:00,2009-12-31T00:00:00+00:00,0.021059278135009407,-127396.5735336608,-8541.22053424822,5155.807057763249,0.0,11493.835985312333,140603141.23722827,2.5347060754633786,2.1367679665093884,-0.152587437110986,-0.13761557736510907,0.5005408721194653,0.6544604152407028,171,,-0.1391328146803668,-0.2125916425811566,-127396.5735336608,-2.058851167208972e-17,-3.145875776843969e-17,-1.9984156157535036e-11,-0.008939996193094994,-0.013660102253559476,-8541.22053424822,-0.005408345302067606,-0.008263823412571838,-5155.80705776325,0.0,0.0,0.0,-0.012086459506888502,-0.018467823607701692,-11493.835985312333,-0.16556761568241884,-0.252983391854991,0.5020108925301829
2010,canonical,complete,canonical.json.gz,canonical-pairs.csv.gz,docs/research/results/issue30-successor/fold-2010/canonical.json.gz,e40d94fde3dfa0fbef9fa6d7d3a9d680ce6b9a0a0c1415e15f6a94c5b94f41b7,c120f8e53b5f669fd799208af7db8411d47fbddf7bd619f32e513dded892f679,2010-01-01T00:00:00+00:00,2011-01-01T00:00:00+00:00,2010-01-01T00:00:00+00:00,2010-12-31T00:00:00+00:00,2010-12-31T00:00:00+00:00,0.0,86400.0,31449600.0,260,0.028485418730877447,0.063641490927241,0.028995660392063295,0.06594319891406393,1.028895008130132,0.16754888617352526,0.12285464556047287,0.03697957845852143,3.2013312310630635,1.2123077103724846,315.200004696846,False,2010-01-01T00:00:00+00:00,2010-12-31T00:00:00+00:00,0.03694753852200064,72898.91905884001,-7024.332470185384,12492.529344148586,0.0,24487.04911437285,339844489.8574817,3.200000047683716,0.0,0.028895008130132016,0.06571026346772771,0.17026803021276232,0.9965776865160849,260,,0.0,0.0,0.0,0.07028886213695178,0.07053023872396054,72898.91905883988,-0.006639783000017472,-0.006662584452627422,-7024.3324701853835,-0.011868521334030312,-0.01190927861883124,-12492.529344148585,0.0,0.0,0.0,-0.023295139072025958,-0.023375136115542528,-24487.049114372854,0.028485418730877437,0.028583239536958745,0.1705964163041703
2010,ridge,complete,ridge.json.gz,ridge-pairs.csv.gz,docs/research/results/issue30-successor/fold-2010/ridge.json.gz,eddea0fef6cb5f7924fa6c5a3b899ce100917991557ac5f7752fcd533c0e9abb,26ef6396137c2635f0356115811cf88cc2e108da202f512fcec22193b2c495ad,2010-01-01T00:00:00+00:00,2011-01-01T00:00:00+00:00,2010-01-01T00:00:00+00:00,2010-12-31T00:00:00+00:00,2010-12-31T00:00:00+00:00,0.0,86400.0,31449600.0,260,0.01457837837342641,0.08693039360280193,0.014735960776270035,0.09114643452397084,1.0146851612072636,0.10284824263501309,0.12173464800344069,0.07231980708864061,3.2009416813562552,5.083076998820672,1321.6000196933746,False,2010-01-01T00:00:00+00:00,2010-12-31T00:00:00+00:00,0.0764104737477008,93761.11509339808,-6756.146797494108,49046.59478100537,0.0,23273.212307635236,1322757927.1978421,3.200000047683716,0.0,0.014685161207263597,0.09082074897335067,0.14195947730256103,0.9965776865160849,260,,0.0,0.0,0.0,0.09369162344279562,0.09401336665516785,93761.11509339805,-0.0067605108260694585,-0.006783726865994147,-6756.146797494109,-0.04905086164792271,-0.04921930554094442,-49046.59478100537,0.0,0.0,0.0,-0.023301872595377648,-0.023381892762257377,-23273.212307635236,0.014578378373426366,0.014628441485972471,0.14223326632702707
2010,ppo_ens3,complete,ppo_ens3.json.gz,ppo_ens3-pairs.csv.gz,docs/research/results/issue30-successor/fold-2010/ppo_ens3.json.gz,f740a2fabbfd6a20ef23c348bee544cab9fcc6c5f489c344dce917bfa33b1e43,86a8b4fc211fe05436ca0f69124d83160e187cc61c0dd09b4774cfa4aaa2ff49,2010-01-01T00:00:00+00:00,2011-01-01T00:00:00+00:00,2010-01-01T00:00:00+00:00,2010-12-31T00:00:00+00:00,2010-12-31T00:00:00+00:00,0.0,86400.0,31449600.0,260,0.12920563874006918,0.15203173000461984,0.1384291111147184,0.16480514671423074,1.1379241013860213,0.40815482519876933,0.22485782563344103,0.024762575353462424,1.9063382131026816,0.9120802215126996,237.14085759330192,False,2010-01-01T00:00:00+00:00,2010-12-31T00:00:00+00:00,0.02637603559951235,158715.0166656371,3971.660073845427,9666.78094545081,0.0,15095.794408011618,255922771.3120288,1.9065082225405883,-0.04576135042508703,0.1379241013860213,0.16419717582783305,0.317036001003923,0.9965776865160849,260,,0.1736314700928358,0.1742277320093634,186366.8374390767,-0.0249982340617559,-0.02508407964575918,-27651.820773439384,0.0033998222764014385,0.003411497490262707,3971.660073845427,-0.008889220448943807,-0.008919746618067928,-9666.78094545081,0.0,0.0,0.0,-0.013938199118468322,-0.013986063813243282,-15095.79440801162,0.12920563874006916,0.12964933942255566,0.3176474499827783
2010,train_constant,complete,train_constant.json.gz,train_constant-pairs.csv.gz,docs/research/results/issue30-successor/fold-2010/train_constant.json.gz,f1c3b9d48885ec2f0ce1661dc20883e821a879a5b84b516935295b32e8f4b872,b4cfb1b54a66c08d993ac96cc535c870d0a530bf7da45b9871efc9794d02ad59,2010-01-01T00:00:00+00:00,2011-01-01T00:00:00+00:00,2010-01-01T00:00:00+00:00,2010-12-31T00:00:00+00:00,2010-12-31T00:00:00+00:00,0.0,86400.0,31449600.0,260,-0.03809189970167254,-0.0353362611377958,-0.03750144083890304,-0.03483635160167859,0.9626244719243323,-0.734142281407528,0.05583427209362102,0.0026720946069197335,0.37305338492227946,0.0014339609286532953,0.37282984144985676,False,2010-01-01T00:00:00+00:00,2010-12-31T00:00:00+00:00,0.002665089237224451,-39581.369652068126,4877.9361833202665,40.59821814014512,0.0,2631.496388779589,1241327.4881332011,0.37282984144985676,-0.3555396720767021,-0.037375528075667686,-0.03471922473323264,0.051964223744446994,0.9965776865160849,260,,-0.04275753770325059,-0.04290436990690186,-41757.33557918364,0.002383567115190289,0.0023917524418221236,2175.9659271154856,0.005037753740518624,0.005055053719023152,4877.9361833202665,-4.1512707824643704e-05,-4.165526520041514e-05,-40.59821814014511,0.0,0.0,0.0,-0.0027141701463073097,-0.0027234907855460022,-2631.496388779589,-0.038091899701672594,-0.038222709796801965,0.05206444413407132
2010,common_projected,complete,common_projected.json.gz,common_projected-pairs.csv.gz,docs/research/results/issue30-successor/fold-2010/common_projected.json.gz,7531ae4211550a4734df863642f90c56dffdad05abbc35a1c0f3346979ae5fad,9404a37384d217f5060b1a26922ea348eecc0b0fa92a9cb806157b39e45e9cf4,2010-01-01T00:00:00+00:00,2011-01-01T00:00:00+00:00,2010-01-01T00:00:00+00:00,2010-12-31T00:00:00+00:00,2010-12-31T00:00:00+00:00,0.0,86400.0,31449600.0,260,0.17555189993118236,0.19473381350936098,0.19262261074579776,0.21580029900423428,1.1919038467736562,0.5853908459150222,0.2192089449981547,0.020932538857580837,1.554831057096041,0.833187306092049,216.62869958393276,False,2010-01-01T00:00:00+00:00,2010-12-31T00:00:00+00:00,0.023177688258436524,211316.96535719855,1519.4202740368823,8572.427805460164,0.0,12360.111052120672,233837915.25228494,1.555678061954677,-0.0175510216002854,0.19190384677365624,0.21498753017496255,0.3003389486731008,0.9965776865160849,260,,0.19367407805246123,0.1943391676062128,211316.96535719858,3.276847242992428e-17,3.288100152480726e-17,3.4760684368181934e-11,0.0010645819504701808,0.001068237795080312,1519.4202740368833,-0.00781602999247355,-0.007842870754810341,-8572.427805460162,0.0,0.0,0.0,-0.011370730079276473,-0.011409777916087174,-12360.111052120676,0.17555189993118256,0.17615475673039677,0.30091819501387956
2011,canonical,complete,canonical.json.gz,canonical-pairs.csv.gz,docs/research/results/issue30-successor/fold-2011/canonical.json.gz,35c5fe162043902a49b9e684cfa31893f84742d253fa6f2bef50a0c3bd22a6a2,af7130656ef22f0dd6f02dcc620efdff5040e46d0d4040b73081d2620057c8b3,2011-07-13T23:00:00+00:00,2012-01-01T00:00:00+00:00,2011-07-13T23:00:00+00:00,2011-12-30T00:00:00+00:00,2011-12-30T00:00:00+00:00,0.0,172800.0,14605200.0,121,0.1955457767125117,0.21292691345169737,0.5257982146207908,0.5841900804816018,1.2159744559612415,2.0876735789284444,0.07708769874683341,0.0196577286570299,3.197367031415102,1.3884297727553312,168.00000250339508,False,2011-07-13T23:00:00+00:00,2011-12-30T00:00:00+00:00,0.05839186586081102,234762.3648864529,869.8197318182501,7492.721362170703,0.0,12165.007294859197,194110462.50951102,3.200000047683716,0.0,0.21597445596124154,0.23729421837527204,0.20154881185246712,0.4628108601414556,121,,0.0,0.0,0.0,0.21210670107048485,0.4583010454976264,234762.3648864528,0.0008349507980115804,0.0018040864420432621,869.8197318182495,-0.0065847996275411585,-0.014227841640381019,-7492.721362170705,0.0,0.0,0.0,-0.010811075528443358,-0.023359597752608943,-12165.007294859199,0.1955457767125117,0.4225176925466792,0.2023868562649282
2011,ridge,complete,ridge.json.gz,ridge-pairs.csv.gz,docs/research/results/issue30-successor/fold-2011/ridge.json.gz,3b481cd9b43fd17da5df3ed832612a47a475c73abaa741a8da0bd99a853be313,b944a431cfd8a7a187e6c9269220b04132b82a49c96c3ae53132a1d0e0756a5c,2011-07-13T23:00:00+00:00,2012-01-01T00:00:00+00:00,2011-07-13T23:00:00+00:00,2011-12-30T00:00:00+00:00,2011-12-30T00:00:00+00:00,0.0,172800.0,14605200.0,121,0.03871414811861627,0.07206503771711485,0.08724833650960268,0.16848920813473386,1.0394733057776488,0.4504185582641435,0.10304343084472234,0.03524013351864171,3.2023965417855824,4.9851240412262845,603.2000089883804,False,2011-07-13T23:00:00+00:00,2011-12-30T00:00:00+00:00,0.08124087162513119,78259.09146559818,-3545.65216930819,23802.779030309535,0.0,11437.35448833217,638523481.3143859,3.200000047683716,0.0,0.03947330577764885,0.07472523946697089,0.18494722851119935,0.4628108601414556,121,,0.0,0.0,0.0,0.07541244452591615,0.16294441427512474,78259.09146559822,-0.0033467503575374214,-0.007231356577316499,-3545.652169308191,-0.022530602308751056,-0.04868209510439038,-23802.779030309535,0.0,0.0,0.0,-0.01082094374101265,-0.02338092009704631,-11437.354488332172,0.03871414811861627,0.08365004249637423,0.1857162431733519
2011,ppo_ens3,complete,ppo_ens3.json.gz,ppo_ens3-pairs.csv.gz,docs/research/results/issue30-successor/fold-2011/ppo_ens3.json.gz,fb86bf5fa4558418052c673d7624e1d6548c49209ce14408bf525e7cf057379c,4004f05eb7d1e94b08fc46e2544645568c6d5a9119dc803cd72d55d281dc749a,2011-07-13T23:00:00+00:00,2012-01-01T00:00:00+00:00,2011-07-13T23:00:00+00:00,2011-12-30T00:00:00+00:00,2011-12-30T00:00:00+00:00,0.0,172800.0,14605200.0,121,0.13680844766581554,0.14576816490516203,0.3439369987966003,0.370208221386969,1.1466084919501758,1.7381868653370929,0.09273429248249121,0.009241831265884133,1.4403284861437775,0.9327516509342673,112.86294976304634,False,2011-07-13T23:00:00+00:00,2011-12-30T00:00:00+00:00,0.026271222590368737,156474.5898663638,-624.2666503059241,4320.508993652058,0.0,4921.322272232076,115743085.31178278,1.4422506551436978,-0.023128122144570183,0.14660849195017578,0.1569279404585978,0.16936000105757468,0.4628108601414556,121,,0.14892253014781057,0.3217783828631273,157608.66782394995,-0.0026407318052164277,-0.005705855312922654,-1134.0779575861693,-0.0005047668424210521,-0.001090654705610782,-624.266650305924,-0.0041980096519915,-0.009070680948818705,-4320.508993652058,0.0,0.0,0.0,-0.004770574182368835,-0.010307826788919203,-4921.322272232076,0.13680844766581554,0.29560336510686197,0.17006420368360947
2011,train_constant,complete,train_constant.json.gz,train_constant-pairs.csv.gz,docs/research/results/issue30-successor/fold-2011/train_constant.json.gz,e96ed1b4a752a8c3bec7f6b819055a21b9dbccbff44c622b6b6d04ead093c842,e6c42401ca9ea948bdba3beb2e12dbf17db63dc01fa636126f9f23c1c6f029fc,2011-07-13T23:00:00+00:00,2012-01-01T00:00:00+00:00,2011-07-13T23:00:00+00:00,2011-12-30T00:00:00+00:00,2011-12-30T00:00:00+00:00,0.0,172800.0,14605200.0,121,-0.02273574196506345,-0.02172451099612676,-0.04793821147813366,-0.04585570431954737,0.9775207673621096,-1.914057661295933,0.02607075657197766,0.0009990900839429249,0.2947192250116777,0.002433395439908986,0.2944408482289873,False,2011-07-13T23:00:00+00:00,2011-12-30T00:00:00+00:00,0.0020825071585862873,-22802.53831149952,1322.395757551232,15.544660319999252,0.0,983.5454236229259,537090.0279494604,0.2944408482289873,-0.16213437967235222,-0.022479232637890423,-0.02149023339610215,0.025559273858917805,0.4628108601414556,121,,-0.015645653023592557,-0.033805717132071075,-15487.929202563779,-0.0074176748296041735,-0.01602744332174271,-7314.609108935735,0.0013387481763517872,0.0028926464170322326,1322.3957575512318,-1.563657575906076e-05,-3.378610379687617e-05,-15.544660319999243,0.0,0.0,0.0,-0.0009955257124606579,-0.002151042246840061,-983.5454236229258,-0.022735741965063453,-0.04912534238741588,0.025665549884299223
2011,common_projected,complete,common_projected.json.gz,common_projected-pairs.csv.gz,docs/research/results/issue30-successor/fold-2011/common_projected.json.gz,2ba5385585790e755666ec5daa7e3a1a2c6eaf15b73cac2d49b348247be44952,bc5e4226488fe01abfc898eeb7bac0f158ba7e42603b15540043de2f515bb1ee,2011-07-13T23:00:00+00:00,2012-01-01T00:00:00+00:00,2011-07-13T23:00:00+00:00,2011-12-30T00:00:00+00:00,2011-12-30T00:00:00+00:00,0.0,172800.0,14605200.0,121,0.13877556506372327,0.14606140006910706,0.3496613850667783,0.3710766550847382,1.1488662253485693,1.8814541033199985,0.060705711660450246,0.007588599765649611,1.1214352946345272,0.840141159051275,101.65708024520427,False,2011-07-13T23:00:00+00:00,2011-12-30T00:00:00+00:00,0.021415270017959898,156397.481416534,57.34369768624211,3854.6613957309664,0.0,3733.9383699186415,105112387.38094033,1.1231791842459462,-0.027088904102940944,0.1488662253485693,0.15726724215805418,0.15871346469646633,0.4628108601414556,121,,0.1459816557860679,0.3154240065616641,156397.481416534,7.760341366338302e-18,1.6767846294631885e-17,8.00043097030709e-12,8.741274451267412e-05,0.000188873581069288,57.34369768624197,-0.003713494652739643,-0.008023784600915877,-3854.661395730967,0.0,0.0,0.0,-0.0035800088141171226,-0.007735360430010031,-3733.9383699186415,0.13877556506372332,0.2998537351118064,0.1593733987890998
2012,canonical,complete,canonical.json.gz,canonical-pairs.csv.gz,docs/research/results/issue30-successor/fold-2012/canonical.json.gz,2e304f7b4618169f488f8aacc2e42c06f658b4e19445f138261fc937463e94aa,68e96b11d02d7f9cd209c8358424b553f9fd04ca2cc98a035ee7617e73d503f2,2012-01-01T00:00:00+00:00,2012-12-04T00:00:00+00:00,2012-01-02T00:00:00+00:00,2012-12-03T00:00:00+00:00,2012-12-03T00:00:00+00:00,86400.0,86400.0,29030400.0,240,-0.06182317964316285,-0.030572244956343794,-0.06499659522376428,-0.0326874968632222,0.9400490919123078,-0.6052962339431829,0.13816290837431877,0.0292929928834476,3.19959258480134,1.1066666831572851,265.6000039577484,False,2012-01-02T00:00:00+00:00,2012-12-03T00:00:00+00:00,0.03230909836054208,-27086.55436941835,-3571.3608348252274,9161.353504821518,0.0,20131.639378626092,254203211.63223398,3.200000047683716,0.0,-0.05995090808769221,-0.030109640150646738,0.11079690848244804,0.919917864476386,240,,0.0,0.0,0.0,-0.026596759641504746,-0.028912102556725026,-27086.554369418423,-0.003976362621748429,-0.004322519189266708,-3571.360834825228,-0.009740149631800478,-0.010588064443497395,-9161.353504821518,0.0,0.0,0.0,-0.021509907748108233,-0.023382422038680156,-20131.639378626092,-0.06182317964316284,-0.06720510822817032,0.11102845922295734
2012,ridge,complete,ridge.json.gz,ridge-pairs.csv.gz,docs/research/results/issue30-successor/fold-2012/ridge.json.gz,dfceca1ab64044a2056261b20ce95c02609604e8febd2e0c4f074f93aa85117e,7ff3dbe49041f70586688b34f235b12f3d3a718c3dafd9fdf75c654a5142225f,2012-01-01T00:00:00+00:00,2012-12-04T00:00:00+00:00,2012-01-02T00:00:00+00:00,2012-12-03T00:00:00+00:00,2012-12-03T00:00:00+00:00,86400.0,86400.0,29030400.0,240,-0.039494646236744535,0.02767123988930533,-0.04202423252642689,0.03053709743025096,0.9612751004161316,-0.41893145013131117,0.08761873750234084,0.06469098065089295,3.1992439038334126,5.160000076889991,1238.400018453598,False,2012-01-02T00:00:00+00:00,2012-12-03T00:00:00+00:00,0.07256132995667786,28678.30613906507,-2712.2250720396146,43969.26456184878,0.0,20721.716089044152,1193829889.9579928,3.200000047683716,0.0,-0.03872489958386838,0.02805764451244039,0.10226794751332663,0.919917864476386,240,,0.0,0.0,0.0,0.03050489639629274,0.03316045657364858,28678.3061390651,-0.002832001934030086,-0.0030785378166800267,-2712.225072039614,-0.04566129930224022,-0.04963627848256917,-43969.26456184878,0.0,0.0,0.0,-0.021506241396767253,-0.023378436518360832,-20721.716089044152,-0.0394946462367445,-0.0429327962439611,0.10248167386455265
2012,ppo_ens3,complete,ppo_ens3.json.gz,ppo_ens3-pairs.csv.gz,docs/research/results/issue30-successor/fold-2012/ppo_ens3.json.gz,2b49e2eaea3163b722a4f52831a37c2de120331884b36105921aa288a0d43adc,a7f2caba43a2c0a875a95bfed08d20fd47c89997e311c12629ad38f41c7bff84,2012-01-01T00:00:00+00:00,2012-12-04T00:00:00+00:00,2012-01-02T00:00:00+00:00,2012-12-03T00:00:00+00:00,2012-12-03T00:00:00+00:00,86400.0,86400.0,29030400.0,240,-0.09626694428437299,-0.06682845138412202,-0.09935790000086206,-0.07007013229673423,0.9082215391574108,-0.29866902555614827,0.43474369841118776,0.0225063309025431,2.894065877263114,1.0946564862875057,262.71755670900137,False,2012-01-02T00:00:00+00:00,2012-12-03T00:00:00+00:00,0.02928776770412783,-58349.861729382385,-10922.268210664204,7555.025716008699,0.0,14951.305186534413,200314891.63733375,2.890303197777757,1.3032870744026392,-0.09177846084258923,-0.06464435345917553,0.3496481851947681,0.919917864476386,240,,-0.08325385238572028,-0.09050139757108432,-78111.86125481245,0.030191043183849867,0.03281928131815823,19761.999525430125,-0.013788293338810606,-0.014988613517858851,-10922.268210664208,-0.009898345167528874,-0.010760031465595003,-7555.025716008699,0.0,0.0,0.0,-0.01951749657616371,-0.021216564358463676,-14951.305186534415,-0.09626694428437307,-0.10464732559484305,0.35037890320223314
2012,train_constant,complete,train_constant.json.gz,train_constant-pairs.csv.gz,docs/research/results/issue30-successor/fold-2012/train_constant.json.gz,a2bd8b9911033c20635d37057204fb7b735ed9707bb93856c7a28419c7aa73fd,f09d410556b0d0e59757fdbba48cd7da80603d7a8531f3559f150368d6f7ac35,2012-01-01T00:00:00+00:00,2012-12-04T00:00:00+00:00,2012-01-02T00:00:00+00:00,2012-12-03T00:00:00+00:00,2012-12-03T00:00:00+00:00,86400.0,86400.0,29030400.0,240,-0.0005365379242132633,0.0013675679172627472,-0.0005830754121484671,0.0014877251553167402,0.9994636059865194,-0.061639221115622714,0.008798638687268379,0.0019069491072140354,0.2800951993573403,0.0011674626439344138,0.2801910345442593,False,2012-01-02T00:00:00+00:00,2012-12-03T00:00:00+00:00,0.0020708005674652074,-1494.0239698179635,2864.5790635509347,21.23882845793932,0.0,1885.7102787560966,649314.7267641285,0.2801910345442593,0.07042633322998881,-0.0005363940134806011,0.0013685034646931868,0.00944251230140159,0.919917864476386,240,,-0.006276992138509931,-0.006823426721996287,-6312.123012020926,0.004783888066453259,0.005200342607952538,4818.099042202972,0.002860678544421162,0.0031097108284221116,2864.5790635509347,-2.122262116245552e-05,-2.307012612972285e-05,-21.238828457939324,0.0,0.0,0.0,-0.0018828897754161486,-0.0020468020549724653,-1885.7102787560964,-0.0005365379242132638,-0.0005832454667229006,0.009462245890953902
2012,common_projected,complete,common_projected.json.gz,common_projected-pairs.csv.gz,docs/research/results/issue30-successor/fold-2012/common_projected.json.gz,1a93e6444402038b0eeec395903f947cfdf9afe06d1d8724cb550c2213627ffd,f59f8479a6c5e43c4aa28cf7742104d15d33df638b68ec4662797c2b41017449,2012-01-01T00:00:00+00:00,2012-12-04T00:00:00+00:00,2012-01-02T00:00:00+00:00,2012-12-03T00:00:00+00:00,2012-12-03T00:00:00+00:00,86400.0,86400.0,29030400.0,240,-0.12807645780583887,-0.10250689540886582,-0.1299685955132257,-0.10544642743207121,0.8797861100574714,-0.4017583539047302,0.43334865941650147,0.019416115132853004,2.5283451598531665,0.9567226842705471,229.6134442249313,False,2012-01-02T00:00:00+00:00,2012-12-03T00:00:00+00:00,0.024522168081154497,-89752.89378117929,-11044.88102849523,6391.64951933343,0.0,13024.465613519584,174346084.19480926,2.523468724966127,1.2842289466197447,-0.12021388994252857,-0.09742807387099309,0.3458188551567033,0.919917864476386,240,,-0.08845891817335821,-0.09615958292505682,-89752.89378117931,-1.7234265171995563e-17,-1.873456950616482e-17,-9.240302346449038e-12,-0.014075341964128496,-0.015300650751184326,-11044.881028495232,-0.008464201962062724,-0.009201040972153006,-6391.64951933343,0.0,0.0,0.0,-0.017077995706287354,-0.018564696225361475,-13024.465613519584,-0.1280764578058391,-0.13922597087375813,0.34654157037584044
2013,canonical,complete,canonical.json.gz,canonical-pairs.csv.gz,docs/research/results/issue30-successor/fold-2013/canonical.json.gz,33feb5168f77090b5639d7ceb6e370a3c749f49b8c87ce4533ea14504aec5222,0fa2431373fbecf6aacfb2bad58ab824f4a29978eccc01edb47ae6fac29bd637,2013-04-15T23:00:00+00:00,2013-10-07T23:00:00+00:00,2013-04-15T23:00:00+00:00,2013-10-06T23:00:00+00:00,2013-10-06T23:00:00+00:00,0.0,86400.0,15033600.0,124,0.10260140688597919,0.12023354416208153,0.2403263183695315,0.28709378005297514,1.1080496600783019,1.4624395183455101,0.06932532625185384,0.018387275326002494,3.19827854023601,1.3419355038673646,166.40000247955322,False,2013-04-15T23:00:00+00:00,2013-10-06T23:00:00+00:00,0.046767461683443645,120170.46906206149,6266.4663422435615,6783.085563312562,0.0,11604.189762689932,177105848.3210088,3.200000047683716,0.0,0.10804966007830186,0.12776020263768145,0.14667567355930985,0.47638603696098564,124,,0.0,0.0,0.0,0.11384036316916557,0.23896662441113634,120170.46906206143,0.006396518701719147,0.013427175033350105,6266.46634224356,-0.006500425142754112,-0.013645288985005399,-6783.08556331256,0.0,0.0,0.0,-0.01113504984215022,-0.023374005487617058,-11604.189762689932,0.10260140688597919,0.21537450497186147,0.14727070916103208
2013,ridge,complete,ridge.json.gz,ridge-pairs.csv.gz,docs/research/results/issue30-successor/fold-2013/ridge.json.gz,75877025de9092e793d3c346c2bf00afcc230cd1196928d0b117fe1bb71757c3,068c8621b5b6671c346d68a74b6ee97244de1413384c2b8ffbc4cffd2fc3d4a5,2013-04-15T23:00:00+00:00,2013-10-07T23:00:00+00:00,2013-04-15T23:00:00+00:00,2013-10-06T23:00:00+00:00,2013-10-06T23:00:00+00:00,0.0,86400.0,15033600.0,124,0.02621300759014266,0.062438991357579014,0.05656673111749214,0.14004536461230452,1.0265595901708855,0.4221136937279549,0.07555669985257107,0.037345505217164,3.199534093498005,5.406451693465633,670.4000099897385,False,2013-04-15T23:00:00+00:00,2013-10-06T23:00:00+00:00,0.08347863349481238,61445.417802205084,2459.677585844945,25874.25249222616,0.0,11471.252724937865,691625606.2701707,3.200000047683716,0.0,0.026559590170885494,0.06442951753706908,0.1298285185461613,0.47638603696098564,124,,0.0,0.0,0.0,0.060017449922228336,0.12598490565571208,61445.4178022051,0.0024346635078651637,0.005110694518665236,2459.677585844944,-0.025106268319359578,-0.052701520135897045,-25874.252492226155,0.0,0.0,0.0,-0.011132837520590355,-0.0233693615195151,-11471.252724937865,0.02621300759014264,0.05502471851896321,0.13035520841080733
2013,ppo_ens3,complete,ppo_ens3.json.gz,ppo_ens3-pairs.csv.gz,docs/research/results/issue30-successor/fold-2013/ppo_ens3.json.gz,bb66c2c05194dd02ff3d2342b1465ff4c4291896fa59281228a14f4333bfd51b,6ffb7903b71cf99e5c272f972bb6dc5f36634a5d19abf69436ae9fe015b886cf,2013-04-15T23:00:00+00:00,2013-10-07T23:00:00+00:00,2013-04-15T23:00:00+00:00,2013-10-06T23:00:00+00:00,2013-10-06T23:00:00+00:00,0.0,86400.0,15033600.0,124,0.18139485141446937,0.19653213291195454,0.4634150988986354,0.5106621352247718,1.1988884686552028,1.1883712398101753,0.16753637190884818,0.01812397890983163,2.774179128489149,1.1731343897304505,145.46866432657586,False,2013-04-15T23:00:00+00:00,2013-10-06T23:00:00+00:00,0.04724703632613636,218484.01658828263,-1471.5690232466798,6583.828649221902,0.0,11540.150260609724,175917009.42647213,2.778392546387735,0.22563910756763372,0.19888846865520282,0.21717443160866404,0.31912109456209964,0.47638603696098564,124,,0.19420666902379732,0.4076665854077125,213473.6114083088,0.0033198621887153387,0.006968848646139525,5010.405179973946,-0.0009681981649013158,-0.002032381492702331,-1471.5690232466775,-0.005430179455504127,-0.011398695667372886,-6583.828649221902,0.0,0.0,0.0,-0.009733302177636674,-0.02043154379529767,-11540.150260609726,0.1813948514144694,0.3807728130984767,0.32041570878078424
2013,train_constant,complete,train_constant.json.gz,train_constant-pairs.csv.gz,docs/research/results/issue30-successor/fold-2013/train_constant.json.gz,9d1d9f203fd4a62d1b4529a450931069babdaae610cccd20641355141175d6a0,eb634952d1c43fe887016364515655b81a9469d8f3f20c6e7fc482d318d98e1e,2013-04-15T23:00:00+00:00,2013-10-07T23:00:00+00:00,2013-04-15T23:00:00+00:00,2013-10-06T23:00:00+00:00,2013-10-06T23:00:00+00:00,0.0,86400.0,15033600.0,124,-0.006579724814798304,-0.0034222924177600674,-0.013716805336051189,-0.007158121555354558,0.9934418741767517,-0.14217651667727002,0.061644091658635936,0.003145021190254046,0.8824022753536481,0.007115007798758245,0.8822609670460224,False,2013-04-15T23:00:00+00:00,2013-10-06T23:00:00+00:00,0.006558683780696631,-7490.49565451602,4077.391021522147,86.12573299276202,0.0,3058.895457261282,2025264.6454966578,0.8822609670460224,-0.8822609670460224,-0.006558125823248329,-0.0034164430497156148,0.09675257895986494,0.47638603696098564,124,,-0.004538527488294125,-0.009526995201720857,-4543.814661233406,-0.0029774259539519796,-0.0062500277567871295,-2946.6809932826036,0.004093276111674498,0.008592351148213277,4077.391021522147,-8.61571498774991e-05,-0.00018085574133768132,-86.125732992762,0.0,0.0,0.0,-0.003070890334348103,-0.006446222382877268,-3058.895457261282,-0.0065797248147983056,-0.01381174993451196,0.09714508596284988
2013,common_projected,complete,common_projected.json.gz,common_projected-pairs.csv.gz,docs/research/results/issue30-successor/fold-2013/common_projected.json.gz,a102e8b368ca7d4f98f587a1b7aa4837c2ac478ce609a6e4adea6135b283d0f4,17080448328c7390cc64bc3cfcbf28ffd478dbda9cddbb8090a8c0e15aae5ce3,2013-04-15T23:00:00+00:00,2013-10-07T23:00:00+00:00,2013-04-15T23:00:00+00:00,2013-10-06T23:00:00+00:00,2013-10-06T23:00:00+00:00,0.0,86400.0,15033600.0,124,0.17485563656057437,0.18838977960709172,0.443464460079776,0.48506142077781844,1.191074256623991,1.1913353385320171,0.17374829431898342,0.01608159665667361,2.4913268966046775,1.0401081175753666,128.97340657934546,False,2013-04-15T23:00:00+00:00,2013-10-06T23:00:00+00:00,0.04159696069804242,208968.39979270665,-1812.546512040408,5702.888277260995,0.0,10378.708379412625,155548664.77660826,2.4952205827181797,0.23126778817330038,0.1910742566239909,0.2073040061309426,0.3068515360276907,0.47638603696098564,124,,0.18975408667881033,0.3983200009162958,208968.3997927066,1.4365491061186603e-17,3.01551471844736e-17,1.5956063948944763e-11,-0.001340123452811555,-0.002813103972065635,-1812.5465120404076,-0.004724742895819927,-0.009917887027001311,-5702.888277260995,0.0,0.0,0.0,-0.008833583769603817,-0.018542910757745945,-10378.708379412625,0.17485563656057432,0.36704609915948144,0.3080963749566615
2014,canonical,complete,canonical.json.gz,canonical-pairs.csv.gz,docs/research/results/issue30-successor/fold-2014/canonical.json.gz,bcbdeb9e760bf17ca3490376459e7963cf6f6acd772383d5bf171af6a6e7e382,4faed00d80f67d8eed8af7b1b09631ed5c21f375dc91c54a62e207e42588a8e9,2014-01-06T00:00:00+00:00,2015-01-01T00:00:00+00:00,2014-01-06T00:00:00+00:00,2014-12-31T00:00:00+00:00,2014-12-31T00:00:00+00:00,0.0,86400.0,31017600.0,257,0.034509297514451885,0.0701956130161177,0.035733722430916735,0.074029734532465,1.035111652296922,0.3157385541835377,0.11866237798190249,0.03862505349141147,3.1993715369046356,1.3011673345640011,334.4000049829483,False,2014-01-06T00:00:00+00:00,2014-12-31T00:00:00+00:00,0.03829601210154827,72691.16826808431,1045.5375202498728,13769.926058053361,0.0,24855.127433358106,366316395.4815525,3.200000047683716,0.0,0.035111652296921925,0.0727179983351695,0.11098331679398626,0.9828884325804244,257,,0.0,0.0,0.0,0.06917467490102308,0.07037896938049772,72691.16826808432,0.001022472297079007,0.0010402729986298254,1045.5375202498735,-0.012709843315874443,-0.012931114961345795,-13769.92605805336,0.0,0.0,0.0,-0.022978006367774823,-0.023378041297575917,-24855.1274333581,0.03450929751445186,0.03511008612020485,0.11119986981316039
2014,ridge,complete,ridge.json.gz,ridge-pairs.csv.gz,docs/research/results/issue30-successor/fold-2014/ridge.json.gz,5a0fba35aa1f8420d076049e32349868aa840d277d8844c2e4bf020481a10789,d515409687a9c1bf165598b0a132d070ddd9e95084bab30e62cdb2ee32c4a90b,2014-01-06T00:00:00+00:00,2015-01-01T00:00:00+00:00,2014-01-06T00:00:00+00:00,2014-12-31T00:00:00+00:00,2014-12-31T00:00:00+00:00,0.0,86400.0,31017600.0,257,0.06280578970381065,0.13889164884694052,0.0659849476736,0.15178127517238338,1.0648200201372575,0.7012973309639594,0.08815397111605539,0.07530181722180956,3.198664989587096,5.453696579320885,1401.6000208854675,False,2014-01-06T00:00:00+00:00,2014-12-31T00:00:00+00:00,0.08579632749878338,143972.25987947136,-3850.422520405599,52563.83436862153,0.0,22737.982853188056,1387729456.665317,3.200000047683716,0.0,0.06482002013725752,0.14899959782746025,0.09093827077283363,0.9828884325804244,257,,0.0,0.0,0.0,0.1427836827218577,0.14526947107007945,143972.25987947136,-0.0038721445082531432,-0.003939556494817439,-3850.422520405598,-0.053134206471034874,-0.05405924488452782,-52563.83436862153,0.0,0.0,0.0,-0.02297154203876042,-0.023371464428014604,-22737.982853188056,0.06280578970381068,0.06389920526272103,0.09111571146989703
2014,ppo_ens3,complete,ppo_ens3.json.gz,ppo_ens3-pairs.csv.gz,docs/research/results/issue30-successor/fold-2014/ppo_ens3.json.gz,1c72655ebce2e46684287498b6d57cc7b7269db3a0abfa4c0d40cd79aeaea889,4dc410706d24b3a693df8d272fc962b55bc15fd4b4d93b888a93801882c4e224,2014-01-06T00:00:00+00:00,2015-01-01T00:00:00+00:00,2014-01-06T00:00:00+00:00,2014-12-31T00:00:00+00:00,2014-12-31T00:00:00+00:00,0.0,86400.0,31017600.0,257,-0.01693282373126083,0.013484963317205188,-0.017080068375976632,0.013814276772312735,0.9832097307776179,-0.09785360914157197,0.17017007299894882,0.03122245586962632,2.6006240531644487,1.1998268991735568,308.3555130876041,False,2014-01-06T00:00:00+00:00,2014-12-31T00:00:00+00:00,0.030894345148289367,6274.028858547663,8158.157788694757,12158.107681356882,0.0,19064.348188269447,315918788.13597316,2.600892806318901,-1.071938421290933,-0.016790269222382137,0.013576295510375824,0.17571212705395145,0.9828884325804244,257,,-0.0007151751172820454,-0.0007276259375689891,196.00278709655777,0.006217464033441037,0.0063257067916833954,6078.0260714510505,0.007977273662358099,0.008116153774864333,8158.157788694755,-0.011846324279222723,-0.012052562515281615,-12158.10768135688,0.0,0.0,0.0,-0.018566062030558803,-0.01888928734446129,-19064.348188269447,-0.01693282373126081,-0.017227615230760475,0.17605498031080333
2014,train_constant,complete,train_constant.json.gz,train_constant-pairs.csv.gz,docs/research/results/issue30-successor/fold-2014/train_constant.json.gz,a82bc309107e92ab914a5374d74def383cf7965c72a795b6f4425d608962e968,b4afa2a5e1fe78a5bdf36c0a47f8860939f0eb89228a7c9387cbf36780ae8c53,2014-01-06T00:00:00+00:00,2015-01-01T00:00:00+00:00,2014-01-06T00:00:00+00:00,2014-12-31T00:00:00+00:00,2014-12-31T00:00:00+00:00,0.0,86400.0,31017600.0,257,0.021953332368871828,0.026133017240079257,0.022586833703683078,0.026944593091535168,1.0221960798877205,0.5159859031074112,0.03077504327206293,0.004170117907839512,0.5742524140857139,0.0022349021749041888,0.5743698589503765,False,2014-01-06T00:00:00+00:00,2014-12-31T00:00:00+00:00,0.00435775938785209,19265.4543991256,7100.743396434879,55.859380730711244,0.0,4114.2585271088,1413987.4184103515,0.5743698589503765,-0.5743698589503765,0.022196079887720543,0.026477478594016984,0.04320279186711732,0.9828884325804244,257,,0.01732826458801031,0.017629940503539738,17532.699566726627,0.0016904336605088016,0.0017198632158797766,1732.7548323989765,0.007114434140925287,0.007238292674019391,7100.743396434879,-5.594496598979107e-05,-5.6918938238916965e-05,-55.85938073071128,0.0,0.0,0.0,-0.004123855054581883,-0.004195649188540482,-4114.2585271088,0.021953332368871804,0.02233552826665857,0.04328709007774787
2014,common_projected,complete,common_projected.json.gz,common_projected-pairs.csv.gz,docs/research/results/issue30-successor/fold-2014/common_projected.json.gz,8bca631cb95fb6e230c925855dc0b2899da99d3b8726a9114c1b24a087940b2a,4fcd9dd48703b607f2608e81fa1073c3a6b9dc0ce685e756e93afecde8bd5210,2014-01-06T00:00:00+00:00,2015-01-01T00:00:00+00:00,2014-01-06T00:00:00+00:00,2014-12-31T00:00:00+00:00,2014-12-31T00:00:00+00:00,0.0,86400.0,31017600.0,257,-0.022877299503347392,0.002548131963553031,-0.02300679426942545,0.0025958570098764096,0.9773824017222413,-0.13764619109805012,0.15377172562315033,0.025720169437905956,2.202333805302051,1.042431651065597,267.90493432385847,False,2014-01-06T00:00:00+00:00,2014-12-31T00:00:00+00:00,0.02560265127930186,-5949.361447107648,9051.932607254941,9963.611041491167,0.0,15756.55839641479,271729191.8381133,2.202458028515786,-1.073279196542329,-0.022617598277758666,0.002551381211055876,0.16876786511133396,0.9828884325804244,257,,-0.006500112886593008,-0.006613276411777427,-5949.361447107681,-2.3048007241269538e-18,-2.344926084923036e-18,-2.7666884791798976e-12,0.009045094668760465,0.009202564979846128,9051.932607254941,-0.009834268362462085,-0.010005477769886565,-9963.611041491167,0.0,0.0,0.0,-0.015588012923052973,-0.01585939197812005,-15756.558396414788,-0.022877299503347364,-0.023275581179937672,0.1690971685759013
2015,canonical,complete,canonical.json.gz,canonical-pairs.csv.gz,docs/research/results/issue30-successor/fold-2015/canonical.json.gz,6519f5e3d18d31bf68cc0ba8e051aaad5ebc6c417759f6ff43751098906894f7,a18a1b22bbf4e975fda0cdb1561c8f90b5d9f4997dead0044cf7eda739e74530,2015-01-01T00:00:00+00:00,2016-01-01T00:00:00+00:00,2015-01-01T00:00:00+00:00,2015-12-31T00:00:00+00:00,2015-12-31T00:00:00+00:00,0.0,86400.0,31449600.0,260,0.12071948652261241,0.15687817174903107,0.12877620925824232,0.17048348879250572,1.1283083622688685,0.7519371694535054,0.08286343269635166,0.04005401230388555,3.200244443183337,1.31692309654676,342.4000051021576,False,2015-01-01T00:00:00+00:00,2015-12-31T00:00:00+00:00,0.0417072795342634,163884.3522395148,4478.022333240036,14304.868575867895,0.0,25749.143728017625,386801133.86248946,3.200000047683716,0.0,0.12830836226886855,0.16985308406388738,0.16078586828943173,0.9965776865160849,260,,0.0,0.0,0.0,0.1532008719234358,0.15372697381877726,163884.35223951473,0.0036848052253168075,0.0036974590894147358,4478.022333240035,-0.01286828380768707,-0.01291247434274094,-14304.868575867895,0.0,0.0,0.0,-0.023297906818453583,-0.023377913366593877,-25749.143728017625,0.1207194865226125,0.12113404519885773,0.16109596668415224
2015,ridge,complete,ridge.json.gz,ridge-pairs.csv.gz,docs/research/results/issue30-successor/fold-2015/ridge.json.gz,63f5263c56bfa7f5cf6728073a25822b263efa679bc427b1bcb2b997dcd2def4,263ac8ae5f8e325dfab43f5b07f9f35196b0e195c01b0a97f9b14950db0aa0c5,2015-01-01T00:00:00+00:00,2016-01-01T00:00:00+00:00,2015-01-01T00:00:00+00:00,2015-12-31T00:00:00+00:00,2015-12-31T00:00:00+00:00,0.0,86400.0,31449600.0,260,0.031913660540049765,0.10496141570133678,0.032541515905925814,0.11106816134741923,1.0324283621496633,0.17193181126073856,0.16026202626770691,0.0769488416340689,3.2012536218967234,5.1076923838028545,1328.000019788742,False,2015-01-01T00:00:00+00:00,2015-12-31T00:00:00+00:00,0.07852664544149342,112464.82282906886,-3087.619045336489,52390.34136848452,0.0,24558.50026558438,1400679814.456892,3.200000047683716,0.0,0.03242836214966327,0.11066775519256039,0.18589702167598798,0.9965776865160849,260,,0.0,0.0,0.0,0.10790896057223931,0.1082795270577209,112464.822829069,-0.002946494636525194,-0.002956613093381393,-3087.619045336487,-0.04974478919965582,-0.04991561608564364,-52390.34136848452,0.0,0.0,0.0,-0.023304016196007693,-0.023384043724153324,-24558.50026558438,0.031913660540049876,0.032023254154541804,0.18625555049831755
2015,ppo_ens3,complete,ppo_ens3.json.gz,ppo_ens3-pairs.csv.gz,docs/research/results/issue30-successor/fold-2015/ppo_ens3.json.gz,cb9c02bb05ff3ce1a1fb80a22cf23f8e9bca2d642d04fe16be95a3a86ecf1b9f,1af0294d363208316174beb18187a3823b5f4b9b45e2e6426a559c64f984838b,2015-01-01T00:00:00+00:00,2016-01-01T00:00:00+00:00,2015-01-01T00:00:00+00:00,2015-12-31T00:00:00+00:00,2015-12-31T00:00:00+00:00,0.0,86400.0,31449600.0,260,-0.2912574318364263,-0.2613657182506537,-0.2534238285230478,-0.2306915352245833,0.7473232684515781,-1.0096135774242287,0.36954917133058873,0.0274443187831955,2.8193361455925348,0.9298738235382086,241.76719411993423,False,2015-01-01T00:00:00+00:00,2015-12-31T00:00:00+00:00,0.02273229329846449,-238859.8894382332,13627.476673005965,8544.823629544873,0.0,18899.495153650645,223594948.79821628,2.8117569157222393,-2.061787044013838,-0.25267673154842185,-0.23000073466915907,0.2889175227261717,0.9965776865160849,260,,-0.24876701886338068,-0.24962130120837855,-213278.9482039464,-0.027527191180123905,-0.027621721369616086,-25580.941234286835,0.014885527462750247,0.01493664534552068,13627.476673005967,-0.009254174975111733,-0.009285954422141649,-8544.823629544873,0.0,0.0,0.0,-0.020594574280560884,-0.020665297406524348,-18899.49515365064,-0.29125743183642644,-0.29225762906113945,0.2894747412240235
2015,train_constant,complete,train_constant.json.gz,train_constant-pairs.csv.gz,docs/research/results/issue30-successor/fold-2015/train_constant.json.gz,bf00230f66cb0f5cd1fbc57292926a06ea163e3a353ab558d678d51ce1c3f2f6,bf84cdbba1b80ef1c76d744cef6f834c619a69679aa8b7bc4c5d2689b3c4dae3,2015-01-01T00:00:00+00:00,2016-01-01T00:00:00+00:00,2015-01-01T00:00:00+00:00,2015-12-31T00:00:00+00:00,2015-12-31T00:00:00+00:00,0.0,86400.0,31449600.0,260,-0.03479643030145285,-0.03216040743375943,-0.03431339564178978,-0.03175570085145216,0.9658020042700718,-1.1153940965850344,0.036461317824130424,0.0025813746030658577,0.3568679213896783,0.0013718400589333704,0.3566784153226763,False,2015-01-01T00:00:00+00:00,2015-12-31T00:00:00+00:00,0.002557694790337621,-34344.947770118524,2728.326643255858,37.98009362509638,0.0,2543.39450944076,972921.8856048083,0.3566784153226763,-0.31340250722132623,-0.03419799572992821,-0.031648761116778064,0.03124340800201724,0.9965776865160849,260,,-0.029225240992694464,-0.029325602397202343,-28721.20164035322,-0.005718830740515413,-0.005738469582344106,-5623.746129765315,0.002783213608766368,0.0027927713478074615,2728.326643255858,-3.849039906631522e-05,-3.8622577634537455e-05,-37.98009362509637,0.0,0.0,0.0,-0.002597081777943408,-0.0026060003280050266,-2543.39450944076,-0.03479643030145284,-0.03491592353737816,0.031303665354047605
2015,common_projected,complete,common_projected.json.gz,common_projected-pairs.csv.gz,docs/research/results/issue30-successor/fold-2015/common_projected.json.gz,949a21b7b3622d63cd40735761104bc5c535cac21d96418bbe641ede7a87ca83,ab0465c8cd6cb2568b8f60caeba33d8b1254cb6a198b9ad500ed285a95d20993,2015-01-01T00:00:00+00:00,2016-01-01T00:00:00+00:00,2015-01-01T00:00:00+00:00,2015-12-31T00:00:00+00:00,2015-12-31T00:00:00+00:00,0.0,86400.0,31449600.0,260,-0.2642844711782105,-0.2390864108320513,-0.23294137124204567,-0.21329933262939976,0.7677551043897878,-0.9806326056753197,0.3643967024945697,0.023291134974270586,2.4679006278507885,0.7557298050476955,196.48974931240082,False,2015-01-01T00:00:00+00:00,2015-12-31T00:00:00+00:00,0.019642038612645907,-220484.58073511897,11530.82009917822,6742.360281153878,0.0,16548.774693116717,183903457.07533932,2.460825141934821,-2.086224529347741,-0.23224489561021222,-0.21265315586280487,0.269908999492191,0.9965776865160849,260,,-0.2514995513639397,-0.25236321740571144,-220484.58073511897,7.615523141474845e-18,7.641675350065074e-18,3.7966891973566e-12,0.012373766096090784,0.012416258424717469,11530.82009917822,-0.007245787516803731,-0.007270670028880667,-6742.360281153879,0.0,0.0,0.0,-0.01791289839355682,-0.017974412467710515,-16548.774693116717,-0.26428447117821063,-0.26519204147758635,0.27042955735186863
2016,canonical,complete,canonical.json.gz,canonical-pairs.csv.gz,docs/research/results/issue30-successor/fold-2016/canonical.json.gz,cd18295dc771f4324dd7eb12c93ef0b7cc91142319520ef04a349e7ef02f9102,995feebe6c6ad52f95c41f7c213810da524f6342af796c5f4861b422e388d396,2016-01-01T00:00:00+00:00,2017-01-01T00:00:00+00:00,2016-01-01T00:00:00+00:00,2016-12-30T00:00:00+00:00,2016-12-30T00:00:00+00:00,0.0,172800.0,31449600.0,260,-0.003614715608980086,0.029930806125797,-0.0036205586950343307,0.030489148004999623,0.9963918096108472,-0.026706322924032508,0.14498190530234256,0.03366651857552825,3.2010880134951094,1.0892307854615726,283.20000422000885,False,2016-01-01T00:00:00+00:00,2016-12-30T00:00:00+00:00,0.03410970670003395,37933.83585176249,-7875.507665386767,10314.23385894158,0.0,23352.28471658668,291626337.5329463,3.200000047683716,0.0,-0.003608190389152832,0.03038323527886677,0.13555392194794796,0.9965776865160849,260,,0.0,0.0,0.0,0.037946700895001045,0.038077012367854754,37933.835851762444,-0.008019720372175838,-0.008047260620706662,-7875.507665386768,-0.010241256698144416,-0.010276425848893538,-10314.23385894158,0.0,0.0,0.0,-0.023300439433661134,-0.023380454678969036,-23352.284716586677,-0.0036147156089800505,-0.003627128780714185,0.13581535694868113
2016,ridge,complete,ridge.json.gz,ridge-pairs.csv.gz,docs/research/results/issue30-successor/fold-2016/ridge.json.gz,99af422e20dec9b5704cf8e484b46d8f5efb2fe42a762cd8b8b46f347f1139c6,45b853236bee86c6be73debe0ce039e6b62b357a10e16fbc0875feefe7b6fd9f,2016-01-01T00:00:00+00:00,2017-01-01T00:00:00+00:00,2016-01-01T00:00:00+00:00,2016-12-30T00:00:00+00:00,2016-12-30T00:00:00+00:00,0.0,172800.0,31449600.0,260,-0.23811375792463058,-0.16654787040261454,-0.21253114342377347,-0.15390176303287129,0.7881130318912628,-1.8836949418560884,0.23768801366772718,0.06325452762818579,3.204239316162843,5.1261539225394905,1332.8000198602676,False,2016-01-01T00:00:00+00:00,2016-12-30T00:00:00+00:00,0.05862938039090218,-145683.34975522695,-2949.090725325676,42639.943712468696,0.0,20614.583915717118,1180336867.8925085,3.200000047683716,0.0,-0.2118869681087372,-0.15341771026963516,0.12659774400711485,0.9965776865160849,260,,0.0,0.0,0.0,-0.16329540314959337,-0.16385617033073896,-145683.34975522693,-0.0032773756294069054,-0.0032886303534089894,-2949.090725325674,-0.04823230402092529,-0.04839793693308506,-42639.943712468696,0.0,0.0,0.0,-0.023308675124705948,-0.02338871865191991,-20614.583915717118,-0.23811375792463038,-0.23893145626915177,0.1268419057460133
2016,ppo_ens3,complete,ppo_ens3.json.gz,ppo_ens3-pairs.csv.gz,docs/research/results/issue30-successor/fold-2016/ppo_ens3.json.gz,cb53c72835f88301c64ee5c5c1835ce3d962e6f462ee2513ec7e6ee74858e044,c1a0068d8ecd6f9bfe8d1a22f6494daab51fc8d01238f4b12d432fd36b9094b2,2016-01-01T00:00:00+00:00,2017-01-01T00:00:00+00:00,2016-01-01T00:00:00+00:00,2016-12-30T00:00:00+00:00,2016-12-30T00:00:00+00:00,0.0,172800.0,31449600.0,260,-0.0010011753716570454,0.01633304332090313,-0.0010041090187205427,0.01652417060637784,0.9989993256371922,-0.005978382947910687,0.14248134706707993,0.01621942441271998,1.5747619929634522,0.6049836737184355,157.29575516679324,False,2016-01-01T00:00:00+00:00,2016-12-30T00:00:00+00:00,0.017528279625098384,12090.370520663837,3128.37952924819,5480.227685639415,0.0,10739.196727080562,146961402.58411407,1.5743610610333165,-0.7775651675808639,-0.0010006743628078185,0.016467156637610343,0.1677175370695807,0.9965776865160849,260,,0.010589110089737827,0.010625473791969068,10463.798285976301,0.002326031783376635,0.0023340195298854833,1626.5722346873536,0.0034148588416362375,0.0034265856920539443,3128.3795292481905,-0.0058656639143112995,-0.005885806990940116,-5480.227685639414,0.0,0.0,0.0,-0.011465512172096515,-0.01150488549686333,-10739.196727080564,-0.00100117537165707,-0.0010046134738949033,0.16804100417253615
2016,train_constant,complete,train_constant.json.gz,train_constant-pairs.csv.gz,docs/research/results/issue30-successor/fold-2016/train_constant.json.gz,9ec8cd38a237aaf2c00b75798c2bfc6691a960999878d50ee01700bfec5fb3ca,e9831b6f0fb1f9b184013098bbe00b3f6bb681fb769c81ef26cfc75007882c9e,2016-01-01T00:00:00+00:00,2017-01-01T00:00:00+00:00,2016-01-01T00:00:00+00:00,2016-12-30T00:00:00+00:00,2016-12-30T00:00:00+00:00,0.0,172800.0,31449600.0,260,-0.01759764040064992,-0.01598147678043962,-0.017503081723677275,-0.015908460417205526,0.982556293791061,-0.8045502749898463,0.0353232885286503,0.0015821176165347083,0.21874826720064017,0.0008410158316389872,0.21866411622613668,False,2016-01-01T00:00:00+00:00,2016-12-30T00:00:00+00:00,0.0015946213064717482,-16113.073628322029,251.48503591788116,23.696623519270005,0.0,1558.4209930154384,605665.8798880222,0.21866411622613668,-0.18023025151342154,-0.01744370620893898,-0.015854450569457293,0.021905506542885193,0.9965776865160849,260,,-0.012967583744017776,-0.013012115281600253,-12911.9355720589,-0.003270607792691813,-0.003281839275496386,-3201.138056263129,0.00025658258450929187,0.00025746370602202983,251.48503591788116,-2.4020957812369975e-05,-2.410344736529707e-05,-23.696623519270023,0.0,0.0,0.0,-0.001592010490637107,-0.0015974775596296793,-1558.4209930154384,-0.017597640400649914,-0.017658071858069727,0.021947754425032776
2016,common_projected,complete,common_projected.json.gz,common_projected-pairs.csv.gz,docs/research/results/issue30-successor/fold-2016/common_projected.json.gz,62a6b2277c716c09709b1f21ad5f91bf5ca753df05a99cce0754696591a5051c,7e00245764f6c1737124ab0bf54d53057b94591e83d43438868e6037eeaebf19,2016-01-01T00:00:00+00:00,2017-01-01T00:00:00+00:00,2016-01-01T00:00:00+00:00,2016-12-30T00:00:00+00:00,2016-12-30T00:00:00+00:00,0.0,172800.0,31449600.0,260,-0.001255552247803604,0.011305424904495986,-0.0012590706016697615,0.011408838476398155,0.9987452356281445,-0.007437232913140776,0.1525356986337153,0.011542534258589364,1.1410208156556156,0.447956677952047,116.46873626753222,False,2016-01-01T00:00:00+00:00,2016-12-30T00:00:00+00:00,0.012667909078067916,6758.68379861724,3529.0860881153235,3909.0601440484243,0.0,7633.474114540928,106615738.94067158,1.1407391831101938,-0.7997756150441441,-0.0012547643718554546,0.011369572732195746,0.16907346621847436,0.9965776865160849,260,,0.007430788147608032,0.007456305964048993,6758.683798617335,7.498347632635045e-18,7.524097452802061e-18,7.2668845401903674e-12,0.0038712977290008056,0.003884592020652594,3529.0860881153235,-0.004245334656166497,-0.004259913415287948,-3909.0601440484234,0.0,0.0,0.0,-0.00831230346824851,-0.00834084846642244,-7633.474114540928,-0.001255552247803614,-0.0012598638970062364,0.16939954842347144
2017,canonical,complete,canonical.json.gz,canonical-pairs.csv.gz,docs/research/results/issue30-successor/fold-2017/canonical.json.gz,b29470de557b2dbbd92cc2e7f9f7dbf0c8fee8e5112955a99eb891dbdc12d74f,a06df23f3da819d9ac77926d2833b768c2a7e1147c08b0ee59d1d39fa4c84859,2017-01-01T00:00:00+00:00,2017-07-10T23:00:00+00:00,2017-01-02T00:00:00+00:00,2017-07-09T23:00:00+00:00,2017-07-09T23:00:00+00:00,86400.0,86400.0,16326000.0,135,0.0075956474303215255,0.025972621949129936,0.014790438732527934,0.05148577788457945,1.0076245675362034,0.14767227004845973,0.05205243758087241,0.018770481890829884,3.199116878133563,1.2325926109596534,166.40000247955322,False,2017-01-02T00:00:00+00:00,2017-07-09T23:00:00+00:00,0.03669533915205152,23364.74964983515,3030.299777199249,6422.483840267693,0.0,12347.99805056219,172525866.357483,3.200000047683716,0.0,0.0076245675362034415,0.026312849643392134,0.09905480254683571,0.5173397216518366,135,,0.0,0.0,0.0,0.022990238165881628,0.04443934460024661,23364.749649835114,0.002981407072202657,0.005762957970215765,3030.299777199249,-0.006280033953702645,-0.012139090989670868,-6422.483840267693,0.0,0.0,0.0,-0.012095963854058346,-0.023381084706653905,-12347.99805056219,0.007595647430321546,0.014682126874134218,0.09942372301391544
2017,ridge,complete,ridge.json.gz,ridge-pairs.csv.gz,docs/research/results/issue30-successor/fold-2017/ridge.json.gz,26ff526a509b18f0e6bfd68b6c0d9dc40da0ed29db6545a3fdf414330cde852b,2a0bc8c091ed740829b42b0dd23ad150cc768c927a838e14cf8a6b341e249f83,2017-01-01T00:00:00+00:00,2017-07-10T23:00:00+00:00,2017-01-02T00:00:00+00:00,2017-07-09T23:00:00+00:00,2017-07-09T23:00:00+00:00,86400.0,86400.0,16326000.0,135,-0.12466929700449127,-0.08789340313057077,-0.214143827616346,-0.15624654684614017,0.8827887952160309,-2.698470580533912,0.14350402647476213,0.03441665855545037,3.2022501269834365,4.977777851952447,672.0000100135803,False,2017-01-02T00:00:00+00:00,2017-07-09T23:00:00+00:00,0.05789728077020584,-81302.67723074662,-1491.8689977715849,23111.753356968286,0.0,11304.905198482074,630429544.2237628,3.200000047683716,0.0,-0.11721120478396907,-0.08414150083103879,0.08897162296618279,0.5173397216518366,135,,0.0,0.0,0.0,-0.08629737884909965,-0.16680988379078446,-81302.67723074665,-0.0016076661806618702,-0.0031075637794227024,-1491.8689977715849,-0.024666488928756312,-0.047679480032960936,-23111.753356968286,0.0,0.0,0.0,-0.012097763045972902,-0.023384562483130863,-11304.905198482076,-0.12466929700449131,-0.24098149008630007,0.08930298956182064
2017,ppo_ens3,complete,ppo_ens3.json.gz,ppo_ens3-pairs.csv.gz,docs/research/results/issue30-successor/fold-2017/ppo_ens3.json.gz,c59a2e3bd63d1c1754e497f6fb4ebcea6abd552fdcd2892e7abf5bcdf8ae2446,822d8f62646909101f2dacbb3ab37a0494763a67bda2df8110d48ecd5289a12c,2017-01-01T00:00:00+00:00,2017-07-10T23:00:00+00:00,2017-01-02T00:00:00+00:00,2017-07-09T23:00:00+00:00,2017-07-09T23:00:00+00:00,86400.0,86400.0,16326000.0,135,-0.12410985017919343,-0.11167718370792179,-0.2132935497000286,-0.19415847840237246,0.883282806778639,-1.7884014527812329,0.17575925688401717,0.01228968701165959,2.13469638727655,0.87042290973822,117.5070928146597,False,2017-01-02T00:00:00+00:00,2017-07-09T23:00:00+00:00,0.019135071297656125,-105638.18957845321,1210.6833687527583,4330.616099942455,0.0,7959.070911717133,116557697.50243343,2.1321833531156664,-0.3733883332297275,-0.11671719322136098,-0.10566708385813327,0.13364444974662312,0.5173397216518366,135,,-0.12212707897343505,-0.236067469521749,-115753.3092688485,0.009385570814480135,0.018141987598618053,10115.119690395286,0.0010530182087386411,0.0020354482067922665,1210.6833687527587,-0.0043670609616816465,-0.008441379578853653,-4330.616099942455,0.0,0.0,0.0,-0.008054299267294025,-0.015568685198919388,-7959.070911717133,-0.1241098501791935,-0.23990009849411473,0.13414219616128917
2017,train_constant,complete,train_constant.json.gz,train_constant-pairs.csv.gz,docs/research/results/issue30-successor/fold-2017/train_constant.json.gz,8a8571030067ff33c2882b247941402806adbb03c19d7ef5662f1085fc454a3d,e9b017c937a3b574bba58e6c04c7d4f4703a41db4775316c573b7302d9803b80,2017-01-01T00:00:00+00:00,2017-07-10T23:00:00+00:00,2017-01-02T00:00:00+00:00,2017-07-09T23:00:00+00:00,2017-07-09T23:00:00+00:00,86400.0,86400.0,16326000.0,135,0.0036447183981328894,0.005332025871801342,0.007069991304496386,0.010359919959603142,1.0036513684609818,0.2789941988529655,0.022549225887250945,0.0016778806676191714,0.4396196981398794,0.0032569538707051563,0.4396887725451961,False,2017-01-02T00:00:00+00:00,2017-07-09T23:00:00+00:00,0.0032899286551067563,4725.833469639748,603.415658961337,25.558318222813217,0.0,1652.3223493963585,762986.5327670621,0.4396887725451961,-0.3328182069817558,0.0036513684609817965,0.0053462664208251244,0.02515813804825826,0.5173397216518366,135,,0.007224581924954783,0.013964869934763756,7248.12196275781,-0.0024994281133042815,-0.004831309116036457,-2522.288493118056,0.0006068633099292262,0.0011730460363483125,603.4156589613367,-2.5613249416971435e-05,-4.950953569772251e-05,-25.558318222813213,0.0,0.0,0.0,-0.001661685474029352,-0.0032119812271976405,-1652.322349396358,0.0036447183981328903,0.007045116092179254,0.025251837210751985
2017,common_projected,complete,common_projected.json.gz,common_projected-pairs.csv.gz,docs/research/results/issue30-successor/fold-2017/common_projected.json.gz,f03abd2af7d8ac6630e1cac75125abfd8a62b626c1dd4664cc68f6a775823e4e,e788761772407998453635383efc05ad40d981bad45a5feb875dfcc149f58e1f,2017-01-01T00:00:00+00:00,2017-07-10T23:00:00+00:00,2017-01-02T00:00:00+00:00,2017-07-09T23:00:00+00:00,2017-07-09T23:00:00+00:00,86400.0,86400.0,16326000.0,135,-0.1269698262673158,-0.11742119709579729,-0.2176306493414041,-0.20305623473518525,0.880760248020498,-1.8716325953633526,0.16940178166252962,0.009391070269567066,1.617984714702846,0.6934214156741897,93.61189111601561,False,2017-01-02T00:00:00+00:00,2017-07-09T23:00:00+00:00,0.01457441460621886,-110699.30004481052,850.6183348741591,3379.95636945174,0.0,6011.113900115323,92192532.28322558,1.616027399028341,-0.3923474452147881,-0.11923975197950198,-0.1107894186381737,0.1306440439812714,0.5173397216518366,135,,-0.11819163813338521,-0.22846039688583347,-110699.30004481053,-7.553886024538005e-19,-1.4601403504101467e-18,-1.0704842881237947e-12,0.0007607295926332579,0.0014704643018794133,850.6183348741596,-0.003431248577792383,-0.0066324862255629615,-3379.956369451741,0.0,0.0,0.0,-0.0061076691487725425,-0.011805915712930564,-6011.113900115322,-0.12696982626731576,-0.24542833452244542,0.1311306156616699
2018,canonical,complete,canonical.json.gz,canonical-pairs.csv.gz,docs/research/results/issue30-successor/fold-2018/canonical.json.gz,5c9dca11d2b78756c4121aa94df8eef098601eb1aa971bc61d8d21d50db57290,369c12c3f7e809e0fc19e270426f31274fe06cf26e35ca3dc3944e1adc9495ac,2018-02-14T00:00:00+00:00,2019-01-01T00:00:00+00:00,2018-02-14T00:00:00+00:00,2018-12-31T00:00:00+00:00,2018-12-31T00:00:00+00:00,0.0,86400.0,27648000.0,228,-0.13716681427550798,-0.10743225183186017,-0.1449224044265097,-0.11540365351832281,0.8718247811820566,-1.7239662030507306,0.12817521881794336,0.02777824651327363,3.2029291348805575,1.0947368584181134,249.60000371932983,False,2018-02-14T00:00:00+00:00,2018-12-31T00:00:00+00:00,0.029518750908186883,-99559.12303376186,-837.8492709078068,8651.31399746455,0.0,19126.93251580909,237182148.2009181,3.200000047683716,0.0,-0.12817521881794336,-0.10186263244890324,0.09061624380518757,0.8761122518822724,228,,0.0,0.0,0.0,-0.10666234165497737,-0.12174506340462653,-99559.12303376189,-0.0007729737425944087,-0.0008822770608831494,-837.8492709078064,-0.009249076612004168,-0.010556953851670383,-8651.31399746455,0.0,0.0,0.0,-0.0204824222659323,-0.02337876478947429,-19126.93251580909,-0.13716681427550798,-0.15656305910665402,0.09081561972015462
2018,ridge,complete,ridge.json.gz,ridge-pairs.csv.gz,docs/research/results/issue30-successor/fold-2018/ridge.json.gz,b4618246ffd8f5d096cdfae206e7dc4dbce6585cd021fe3989aaed0237ec5a0c,9b67baf9ebd447829c859de5be6bf245c1c7f7cf3f2df4f51dd00eb25dc0c019,2018-02-14T00:00:00+00:00,2019-01-01T00:00:00+00:00,2018-02-14T00:00:00+00:00,2018-12-31T00:00:00+00:00,2018-12-31T00:00:00+00:00,0.0,86400.0,27648000.0,228,-0.11550206326263221,-0.05493071377810126,-0.12351420117900547,-0.060773166780680836,0.8909187340358496,-1.5191295216908078,0.1321485332668385,0.05480527818781373,3.202483344872615,4.814035159454011,1097.6000163555145,False,2018-02-14T00:00:00+00:00,2018-12-31T00:00:00+00:00,0.06274103439832462,-51838.547358753276,-2437.4404175838195,36259.78859750302,0.0,18545.489590310717,994163477.2685258,3.200000047683716,0.0,-0.10908126596415035,-0.053449271394639605,0.08659258210678676,0.8761122518822724,228,,0.0,0.0,0.0,-0.052244030953277294,-0.05963166345526416,-51838.54735875325,-0.0026965137108197995,-0.003077817602740412,-2437.4404175838195,-0.040076791701920016,-0.04574390052851964,-36259.78859750303,0.0,0.0,0.0,-0.02048472689661543,-0.023381395309339956,-18545.489590310717,-0.11550206326263229,-0.1318347768958639,0.08678310507002078
2018,ppo_ens3,complete,ppo_ens3.json.gz,ppo_ens3-pairs.csv.gz,docs/research/results/issue30-successor/fold-2018/ppo_ens3.json.gz,e4db03fbf7c4d4184f8893b38f9248dd690bf027ed82383695519386abab6026,7b3e5ddf38e223847f0571e64d70920c798e4dc5c7d90185a2e05e5e8340d5b5,2018-02-14T00:00:00+00:00,2019-01-01T00:00:00+00:00,2018-02-14T00:00:00+00:00,2018-12-31T00:00:00+00:00,2018-12-31T00:00:00+00:00,0.0,86400.0,27648000.0,228,0.3253991061377909,0.3508916468598676,0.44978109125968574,0.4925856010818785,1.384583131349269,1.9724898282749737,0.08971999852942703,0.02960827667320861,2.711944658026979,0.9492487149078508,216.42870699898998,False,2018-02-14T00:00:00+00:00,2018-12-31T00:00:00+00:00,0.04280450982219275,413581.0921304566,610.3158920213241,9341.301668992604,0.0,20266.975004216,249366554.05861408,2.716508878458594,0.0010694718575426745,0.3845831313492689,0.42033341998816004,0.18788293448343368,0.8761122518822724,228,,0.34341779677479667,0.3919792195999828,405432.5219669263,0.0070885159489300995,0.008090876407333497,8148.570163529997,0.00041512869706841646,0.0004738304893882472,610.315892021324,-0.008071527969922672,-0.00921289247191955,-9341.301668992603,0.0,0.0,0.0,-0.017450807313082368,-0.019918460534697924,-20266.975004216,0.32539910613779055,0.3714125734900875,0.18829631877742253
2018,train_constant,complete,train_constant.json.gz,train_constant-pairs.csv.gz,docs/research/results/issue30-successor/fold-2018/train_constant.json.gz,30302fc1d50cab31d8215ba1587290e5e0144eb1fd56074ef84001f50c40137c,82441d0f647b267cc6f57d3435e499c147c0c01725e288e004fb5a7d5e90616f,2018-02-14T00:00:00+00:00,2019-01-01T00:00:00+00:00,2018-02-14T00:00:00+00:00,2018-12-31T00:00:00+00:00,2018-12-31T00:00:00+00:00,0.0,86400.0,27648000.0,228,0.01845530536897173,0.021874709651865772,0.021288434141093972,0.025282239517271342,1.01862665700956,0.7634645540018973,0.019609101938760976,0.003445790389347897,0.5287866231958142,0.002318811161737693,0.528688944876194,False,2018-02-14T00:00:00+00:00,2018-12-31T00:00:00+00:00,0.00399380537617737,23366.555876186652,-1294.1084772798067,36.40317460114442,0.0,3409.387214746751,925756.2664705424,0.528688944876194,0.3691962771117687,0.0186266570095599,0.022115715213892283,0.0275307541682668,0.8761122518822724,228,,0.021075862518200615,0.02405612120241492,21289.56182562255,0.0020831910984170175,0.002377767339677549,2076.9940505641093,-0.0012840881599903682,-0.0014656662513640062,-1294.1084772798067,-3.626580323955375e-05,-4.13940144788969e-05,-36.40317460114443,0.0,0.0,0.0,-0.003383394284416944,-0.003861827382447778,-3409.387214746751,0.01845530536897173,0.02106500089380289,0.02759132795803712
2018,common_projected,complete,common_projected.json.gz,common_projected-pairs.csv.gz,docs/research/results/issue30-successor/fold-2018/common_projected.json.gz,47e56db75d682081edf779e79a9835e61f350d54f006fddf429d1f2208d16cc4,5e5274e34146f59ed50327650a3c620fa6ff7616a3847dcb068d27d756179aea,2018-02-14T00:00:00+00:00,2019-01-01T00:00:00+00:00,2018-02-14T00:00:00+00:00,2018-12-31T00:00:00+00:00,2018-12-31T00:00:00+00:00,0.0,86400.0,27648000.0,228,0.32775593020342986,0.34786943334705966,0.4536863887197237,0.48744568785741527,1.3878501986332357,2.062099870298735,0.08880701521110679,0.023387499777172773,2.1282645873139914,0.7602217215595342,173.3305525155738,False,2018-02-14T00:00:00+00:00,2018-12-31T00:00:00+00:00,0.033759299137691545,410934.2800205883,303.4183898183762,7265.649526578168,0.0,16121.8502505946,198148244.56967312,2.132655355200098,0.020613581655963668,0.38785019863323567,0.4160473491065799,0.18102002257946084,0.8761122518822724,228,,0.34773818874750484,0.3969105420000817,410934.2800205883,-1.890728205927445e-18,-2.158088991296873e-18,-3.8518382805528866e-12,0.00015598748950544517,0.00017804509544332454,303.4183898183775,-0.006306660252499314,-0.007198461428829296,-7265.649526578167,0.0,0.0,0.0,-0.013831585781082274,-0.01578745845793844,-16121.850250594602,0.32775593020342975,0.3741026672087585,0.1814183069390148
2019,canonical,complete,canonical.json.gz,canonical-pairs.csv.gz,docs/research/results/issue30-successor/fold-2019/canonical.json.gz,1e1991f0afb735d97bc31a3f69c32a9212d11af8b94c13a1dc8f040c855d83a5,6d7143fa3dae9277ea410a9bdd5fd2c227d39472c9e90215894d7a5a9b0ba191,2019-01-01T00:00:00+00:00,2019-05-21T23:00:00+00:00,2019-01-01T00:00:00+00:00,2019-05-20T23:00:00+00:00,2019-05-20T23:00:00+00:00,0.0,86400.0,12092400.0,100,0.05120168391904521,0.06563363922074188,0.14295990370816336,0.18682829921715421,1.052535151292216,1.4711018511991658,0.034264364822531146,0.015202476903455045,3.1987935521892688,1.5360000228881836,153.60000228881836,False,2019-01-01T00:00:00+00:00,2019-05-20T23:00:00+00:00,0.043868395508990854,69757.97553720468,-2020.347341533784,5782.051799604858,0.0,9420.425103850186,163341791.83507296,3.200000047683716,0.0,0.05253515129221609,0.067835432473527,0.09037546858280252,0.3831850330823637,100,,0.0,0.0,0.0,0.06757814157915112,0.17635903217708804,69757.97553720468,-0.0019360811752402297,-0.005052601245059796,-2020.3473415337837,-0.005487799807704451,-0.014321540075718136,-5782.05179960486,0.0,0.0,0.0,-0.008952576677161721,-0.023363586529324097,-9420.425103850188,0.05120168391904523,0.13362130432698732,0.09083076349748741
2019,ridge,complete,ridge.json.gz,ridge-pairs.csv.gz,docs/research/results/issue30-successor/fold-2019/ridge.json.gz,5546a6ef72382382d380c9822365758c87aa04b9348d352722ed44b9161c2746,3d07695beed5390b4571f14967d54f73bdcb519735adc891a9bd4d8deed47bf8,2019-01-01T00:00:00+00:00,2019-05-21T23:00:00+00:00,2019-01-01T00:00:00+00:00,2019-05-20T23:00:00+00:00,2019-05-20T23:00:00+00:00,0.0,86400.0,12092400.0,100,-0.021221163495513305,0.006702670144576889,-0.05387537735693653,0.017645874433659628,0.9790024210270277,-0.6012943151504202,0.05301817321210289,0.027816535804903408,3.201358220687282,5.024000074863434,502.4000074863434,False,2019-01-01T00:00:00+00:00,2019-05-20T23:00:00+00:00,0.07152125179059615,9264.530238679421,-2445.5734067480125,18897.39262688732,0.0,8919.143178016087,500916954.5203338,3.200000047683716,0.0,-0.020997578972972275,0.006725183309442131,0.09164128140382019,0.3831850330823637,100,,0.0,0.0,0.0,0.00917000967168988,0.023931022560891187,9264.530238679426,-0.0024658487641212876,-0.006435138513333495,-2445.573406748013,-0.018967656204533147,-0.04949999234562,-18897.392626887315,0.0,0.0,0.0,-0.008957668198549274,-0.023376873899518587,-8919.143178016087,-0.02122116349551332,-0.055380982197579566,0.09210295324965012
2019,ppo_ens3,complete,ppo_ens3.json.gz,ppo_ens3-pairs.csv.gz,docs/research/results/issue30-successor/fold-2019/ppo_ens3.json.gz,d8db517948cf45254cc79d31a3aeba48ce21707b97b28f36929d6d5f0e207eb3,5668bbb906ae52364cb30271e074af7fbe4ca56ad8f14bc12328e08cc800abed,2019-01-01T00:00:00+00:00,2019-05-21T23:00:00+00:00,2019-01-01T00:00:00+00:00,2019-05-20T23:00:00+00:00,2019-05-20T23:00:00+00:00,0.0,86400.0,12092400.0,100,-0.014879177055376999,-0.008410973428120947,-0.03808603594109409,-0.02171100988043682,0.985230970919101,-0.5360482012266993,0.038818317243701106,0.006321296921939979,1.4872946610154318,0.6268270727992058,62.68270727992058,False,2019-01-01T00:00:00+00:00,2019-05-20T23:00:00+00:00,0.016375026060657268,-5899.019743063929,-2548.712415895009,2233.598039471239,0.0,4087.6988824687387,61199945.152826995,1.487345020476132,0.6714884542595974,-0.014769029080899054,-0.008375700154582957,0.07207491326971162,0.3831850330823637,100,,0.005936684060946501,0.015492995676766009,5921.597525546065,-0.011755060853335345,-0.03067724425136577,-11820.617268609985,-0.0025938910508643254,-0.006769291143756081,-2548.712415895009,-0.002286050788407605,-0.0059659187886814714,-2233.598039471239,0.0,0.0,0.0,-0.004180858423716151,-0.010910808259093711,-4087.6988824687387,-0.014879177055376999,-0.03883026676613122,0.07243801336758815
2019,train_constant,complete,train_constant.json.gz,train_constant-pairs.csv.gz,docs/research/results/issue30-successor/fold-2019/train_constant.json.gz,750e3d1b1584d6c163baa67d5347fd5c94ed5b1ed1aa2ea47c81c708f05d02f1,c6504fa22fc63cc303c610056299b78f0fea3e130565af41c4eed358d5cec5ae,2019-01-01T00:00:00+00:00,2019-05-21T23:00:00+00:00,2019-01-01T00:00:00+00:00,2019-05-20T23:00:00+00:00,2019-05-20T23:00:00+00:00,0.0,86400.0,12092400.0,100,-0.00018867672227945595,0.0006202537567287317,-0.0004922694319753468,0.0016199902661161866,0.9998113410760545,-0.040574521126612015,0.0062594823075532435,0.000811192465496836,0.28444310346414364,0.0028438971936702727,0.2843897193670273,False,2019-01-01T00:00:00+00:00,2019-05-20T23:00:00+00:00,0.0021122596980915334,-630.6240849477938,1253.1576264985847,12.945220592770676,0.0,798.247244904065,395593.7093496034,0.2843897193670273,-0.14414582308381796,-0.0001886589239454839,0.0006204461538663928,0.012074634122951221,0.3831850330823637,100,,-0.0026163338191196026,-0.006827860154332371,-2623.1202664324196,0.001986975308251898,0.005185419932163185,1992.496181484626,0.0012496450002487266,0.0032612051420602374,1253.1576264985847,-1.2939384096945689e-05,-3.3767978860918696e-05,-12.945220592770662,0.0,0.0,0.0,-0.0007960238275634897,-0.002077387577380634,-798.247244904065,-0.00018867672227946143,-0.0004923906363506278,0.012135463898985227
2019,common_projected,complete,common_projected.json.gz,common_projected-pairs.csv.gz,docs/research/results/issue30-successor/fold-2019/common_projected.json.gz,48602e5896fe75e943d0eb36857882d5efc59a051a931ae489a4ee65fc8288d5,a7bf2bc63dc2c314985312b9ae065cdeb76bc8369eb0d12f083c3d8b0c610b96,2019-01-01T00:00:00+00:00,2019-05-21T23:00:00+00:00,2019-01-01T00:00:00+00:00,2019-05-20T23:00:00+00:00,2019-05-20T23:00:00+00:00,0.0,86400.0,12092400.0,100,-0.0010214236922431584,0.0029394465551391444,-0.0026620651955061286,0.0077005873481139,0.9989790977833725,-0.042252253425677434,0.03772586931887645,0.003918286642539041,0.8504623974091632,0.4291246781218797,42.91246781218797,False,2019-01-01T00:00:00+00:00,2019-05-20T23:00:00+00:00,0.010362652543620027,5165.088213020798,-2267.7037871093057,1555.5386772745069,0.0,2362.747965264534,42415285.40660417,0.8505359070684062,0.671125107157859,-0.0010209022166275394,0.002943770964249455,0.06277187641208469,0.3831850330823637,100,,0.005230191709786673,0.01364925886513545,5165.088213020798,2.496183468858679e-18,6.514303152133129e-18,2.442969638809574e-12,-0.0022919394981306897,-0.0059812865854759235,-2267.703787109306,-0.0015720765683808623,-0.004102656504443775,-1555.5386772745069,0.0,0.0,0.0,-0.0023875993355179123,-0.006230930567177737,-2362.747965264534,-0.0010214236922431689,-0.0026656147919629706,0.06308810952892285
2020,canonical,complete,canonical.json.gz,canonical-pairs.csv.gz,docs/research/results/issue30-successor/fold-2020/canonical.json.gz,a9b32bf9e7561efa4ec81c888bf8c01fc396bf0273dbccff8192c9c2132266c0,343398a1a5dd546c46eae1923550327c0d4b229d7468025335be00076bc95dbc,2020-01-01T00:00:00+00:00,2021-01-01T00:00:00+00:00,2020-01-01T00:00:00+00:00,2020-12-31T00:00:00+00:00,2020-12-31T00:00:00+00:00,0.0,86400.0,31536000.0,261,-0.03204571587821946,0.002511411809689612,-0.031558949700275354,0.0025162925179586433,0.968462306962282,-0.18028157275463766,0.2222466725205524,0.03248988317518447,3.200703178031897,1.0973180240141478,286.40000426769257,False,2020-01-01T00:00:00+00:00,2020-12-31T00:00:00+00:00,0.034075242218234,-448.70321177172946,1400.8933492378678,10527.077762409173,0.0,21962.805412775288,275290396.82910883,3.200000047683716,0.0,-0.03153769303771803,0.0025145680459785023,0.17753436052842309,0.999315537303217,261,,0.0,0.0,0.0,0.0010128561007600695,0.0010135498378153847,-448.703211771777,0.0014988788573668643,0.0014999054867212251,1400.893349237867,-0.011188807703165916,-0.011196471270085892,-10527.077762409175,0.0,0.0,0.0,-0.023368643133181034,-0.023384649053135267,-21962.80541277529,-0.03204571587821953,-0.03206766499868406,0.17787544510901251
2020,ridge,complete,ridge.json.gz,ridge-pairs.csv.gz,docs/research/results/issue30-successor/fold-2020/ridge.json.gz,784d1a832f86a0931a2debfc0b9f28bf85f3ccc1a32716f2732eb2723ab95b24,afd0a7d27e919bb4f2084ba6d245e040b768dc2795c4115e8a12330f74fdf489,2020-01-01T00:00:00+00:00,2021-01-01T00:00:00+00:00,2020-01-01T00:00:00+00:00,2020-12-31T00:00:00+00:00,2020-12-31T00:00:00+00:00,0.0,86400.0,31536000.0,261,-0.08463756121938844,-0.01823673987297896,-0.08120801556202836,-0.018083721910971885,0.9188452492098279,-0.5588791417609859,0.17328360678842358,0.06433870276480455,3.2013517486121503,4.462835315543573,1164.8000173568726,False,2020-01-01T00:00:00+00:00,2020-12-31T00:00:00+00:00,0.06312429365105648,-16487.646432395064,-328.40159297432416,41705.975678615156,0.0,22632.727086189367,1131834542.2731879,3.200000047683716,0.0,-0.08115475079017209,-0.018071456798932056,0.15125474927523166,0.999315537303217,261,,0.0,0.0,0.0,-0.01780742717395758,-0.01781962404188495,-16487.646432395042,-0.00043313321232193617,-0.0004334298789057183,-328.401592974324,-0.043034939002906725,-0.04306441498852515,-41705.97567861516,0.0,0.0,0.0,-0.0233620618302032,-0.02337806324241567,-22632.727086189367,-0.0846375612193884,-0.08469553215173044,0.15154534464260247
2020,ppo_ens3,complete,ppo_ens3.json.gz,ppo_ens3-pairs.csv.gz,docs/research/results/issue30-successor/fold-2020/ppo_ens3.json.gz,65a685f133afb9a2c300607c0792c1345a04171efc01e7ed8f83596ab6c7d3d3,dd9aeec78f389e6f50755a90db276c74826cd49229a12ff779446b09799a64d1,2020-01-01T00:00:00+00:00,2021-01-01T00:00:00+00:00,2020-01-01T00:00:00+00:00,2020-12-31T00:00:00+00:00,2020-12-31T00:00:00+00:00,0.0,86400.0,31536000.0,261,-0.1457170923832726,-0.12462349239926496,-0.13568405385271964,-0.11724612187834611,0.8644022145663609,-1.0674153090910024,0.1781014546259504,0.020251564983931606,1.8559079170509674,0.7460976179320743,194.7314782802714,False,2020-01-01T00:00:00+00:00,2020-12-31T00:00:00+00:00,0.01843793197437353,-113878.75904379204,-1467.4614059167648,7062.9280788723,0.0,13188.636905059302,186939959.60785544,1.8549156302024863,0.5790759700841549,-0.1355977854336391,-0.11717076806561916,0.13634551291357763,0.999315537303217,261,,-0.07424264339941308,-0.07429349452502912,-65562.69562011278,-0.048862185735282976,-0.048895652985786596,-48316.06342367925,-0.0015222807731705048,-0.0015233234312343202,-1467.4614059167645,-0.007357452752506156,-0.007362492103706503,-7062.928078872301,0.0,0.0,0.0,-0.013732529722903338,-0.0137419355651793,-13188.636905059302,-0.14571709238327252,-0.1458168986109323,0.13660746418852496
2020,train_constant,complete,train_constant.json.gz,train_constant-pairs.csv.gz,docs/research/results/issue30-successor/fold-2020/train_constant.json.gz,000f7162a0491a6a5db219bbc7a233499e14a1ad7809479bf3650d921362333a,ff50eafd9ab72d0b6ccd88fd27e9f2f4c2edbf717a5adb43e0a01984b5631f38,2020-01-01T00:00:00+00:00,2021-01-01T00:00:00+00:00,2020-01-01T00:00:00+00:00,2020-12-31T00:00:00+00:00,2020-12-31T00:00:00+00:00,0.0,86400.0,31536000.0,261,0.004268843937753524,0.007112248253498965,0.004280904809304028,0.007142506543948995,1.004277968431095,0.3552782224188821,0.01035742913354809,0.0028389302184064274,0.3849264341771026,0.0014748438065193621,0.38493423350155354,False,2020-01-01T00:00:00+00:00,2020-12-31T00:00:00+00:00,0.0028616017346449673,8183.485296673067,-1066.5866471714344,33.30287273787362,0.0,2805.6273456685544,921693.7627969934,0.38493423350155354,-0.07975156791508198,0.004277968431094958,0.0071376003589584645,0.012000669384102153,0.999315537303217,261,,-5.599550333088303e-07,-5.603385641535624e-07,-15.425300997974034,0.008181823466766217,0.008187427455442084,8198.910597671047,-0.0010690248609815098,-0.0010697570697904013,-1066.5866471714342,-3.334583042168188e-05,-3.3368670031559745e-05,-33.30287273787365,0.0,0.0,0.0,-0.0028100488825762316,-0.0028119735735916947,-2805.627345668554,0.004268843937753516,0.004271767803464306,0.012023725446441216
2020,common_projected,complete,common_projected.json.gz,common_projected-pairs.csv.gz,docs/research/results/issue30-successor/fold-2020/common_projected.json.gz,b604650844873455aac77d91d5a3cc2d8e5e52aab293fcb5f36a812cc52b7f4f,31fe930fae7d0268423a02d020b2656830917bfa023fd5a1f4d01412bda7ab57,2020-01-01T00:00:00+00:00,2021-01-01T00:00:00+00:00,2020-01-01T00:00:00+00:00,2020-12-31T00:00:00+00:00,2020-12-31T00:00:00+00:00,0.0,86400.0,31536000.0,261,-0.082623169167631,-0.06849334095794263,-0.07935407268004678,-0.06624412825346064,0.9206980292628227,-0.6958969436524987,0.14833132918397252,0.01416976652634552,1.177933860692014,0.544591715555349,142.1384377599461,False,2020-01-01T00:00:00+00:00,2020-12-31T00:00:00+00:00,0.01310994442658614,-64857.03561279821,-275.1685980337956,5219.048532387011,0.0,8950.717993958517,142353196.93200698,1.177356344978887,0.5706157529152577,-0.07930197073717726,-0.0662003217058499,0.11858252688175779,0.999315537303217,261,,-0.06824877401331683,-0.0682955197489424,-64857.03561279823,-1.2090866767721001e-18,-1.2099148183315331e-18,-1.4858460117319809e-12,-0.0002466171952294431,-0.00024678611111658656,-275.16859803379555,-0.005212650901694122,-0.005216221210530899,-5219.048532387012,0.0,0.0,0.0,-0.008915127057391201,-0.008921233308800373,-8950.717993958517,-0.08262316916763099,-0.08267976037938964,0.11881035135092707
2021,canonical,complete,canonical.json.gz,canonical-pairs.csv.gz,docs/research/results/issue30-successor/fold-2021/canonical.json.gz,dca56d7434c26de13e33ac5e7c8fedb2eb96d5907e7c076e295082cab81675fb,e34ea7cf9eef7d2376ceb46681802f9e36f02f76e18107711394d726c244fd83,2021-01-01T00:00:00+00:00,2022-01-01T00:00:00+00:00,2021-01-01T00:00:00+00:00,2021-12-31T00:00:00+00:00,2021-12-31T00:00:00+00:00,0.0,86400.0,31449600.0,260,0.08851410146805137,0.125361904102466,0.09288180449007537,0.1340467215823905,1.0925496590559631,0.8494067041059075,0.0680476446781757,0.0385973731075251,3.1981876333173687,1.3600000202655793,353.6000052690506,False,2021-01-01T00:00:00+00:00,2021-12-31T00:00:00+00:00,0.04116491709231514,131917.00721425534,-769.9750507665938,14192.958920936402,0.0,24404.41418658869,374377056.3609877,3.200000047683716,0.0,0.09254965905596313,0.13355861835646796,0.10436354667118135,0.9965776865160849,260,,0.0,0.0,0.0,0.1262035031821659,0.12663689433320355,131917.0072142553,-0.0008379927725933465,-0.0008408704950267028,-769.9750507665942,-0.013555055041524164,-0.013601603994276651,-14192.958920936402,0.0,0.0,0.0,-0.023296353899997322,-0.023376355115313247,-24404.414186588696,0.08851410146805146,0.08881806472858735,0.10456482660103075
2021,ridge,complete,ridge.json.gz,ridge-pairs.csv.gz,docs/research/results/issue30-successor/fold-2021/ridge.json.gz,2f3fdc4816246ae66f4628a89c43e7c6157bbb0f1c233e467294e17d8ce911c1,7446d1434e4efae3f71df4f83e3966ef80de9a4328aec7b6fd5f7ac73c532cea,2021-01-01T00:00:00+00:00,2022-01-01T00:00:00+00:00,2021-01-01T00:00:00+00:00,2021-12-31T00:00:00+00:00,2021-12-31T00:00:00+00:00,0.0,86400.0,31449600.0,260,-0.03872874358186732,0.03071376322617512,-0.03811631062427601,0.03129906561610942,0.9620116255848952,-0.4442522400525086,0.17396336347055896,0.06740091485079582,3.200292147659076,4.7630769940523,1238.400018453598,False,2021-01-01T00:00:00+00:00,2021-12-31T00:00:00+00:00,0.06941537624038543,30314.69367145942,-902.1532357696076,44806.00797697282,0.0,22594.906873822998,1203061119.2912908,3.200000047683716,0.0,-0.03798837441510483,0.031190297055184172,0.08730836004657422,0.9965776865160849,260,,0.0,0.0,0.0,0.03164723352216998,0.03175591220871589,30314.693671459478,-0.0009297428186180346,-0.0009329356167588932,-902.1532357696078,-0.04614824246348051,-0.046306718570841364,-44806.00797697282,0.0,0.0,0.0,-0.023297991821940478,-0.02337799866198835,-22594.906873822998,-0.03872874358186742,-0.038861740640871084,0.08747674662547049
2021,ppo_ens3,complete,ppo_ens3.json.gz,ppo_ens3-pairs.csv.gz,docs/research/results/issue30-successor/fold-2021/ppo_ens3.json.gz,9c4ad41076cfb6f22202b359aceed6bc2e6ed7bb84e9a85530d55938677f0af2,2c888947ab77b1e0b9c538408b053a1d98107b504edd3940ac7b454f1a00b06f,2021-01-01T00:00:00+00:00,2022-01-01T00:00:00+00:00,2021-01-01T00:00:00+00:00,2021-12-31T00:00:00+00:00,2021-12-31T00:00:00+00:00,0.0,86400.0,31449600.0,260,-0.08925425762059991,-0.06730785572859267,-0.0856672938200482,-0.06530872870141036,0.914612996684175,-0.8170705738977126,0.16110412748018954,0.02107969817589216,1.8455237187392488,0.8703400102724957,226.28840267084888,False,2021-01-01T00:00:00+00:00,2021-12-31T00:00:00+00:00,0.020358565118637845,-62790.57301601428,-1516.7321239190042,8338.276176857486,0.0,12741.421999034672,217862103.61251134,1.8449874610891408,0.3507324962819089,-0.08538700331582505,-0.06509265955122213,0.10940103256536136,0.9965776865160849,260,,-0.058223531270758536,-0.05842347471605647,-54733.149036076844,-0.007471148081978908,-0.007496804497095594,-8057.423979937367,-0.0016163449903491022,-0.0016218956256181581,-1516.7321239190042,-0.008649650584202586,-0.00867935405461537,-8338.276176857486,0.0,0.0,0.0,-0.013293582693311119,-0.013339233732779907,-12741.421999034674,-0.08925425762059984,-0.08956076262616508,0.10961202800258608
2021,train_constant,complete,train_constant.json.gz,train_constant-pairs.csv.gz,docs/research/results/issue30-successor/fold-2021/train_constant.json.gz,2341c27385490a9337c4986c3457744c6ce430d322e60adac02f9363da3bb4a9,27c40340a8165be02991596919c9d5f79fe2cf315e7832c1fe13de2837e9e536,2021-01-01T00:00:00+00:00,2022-01-01T00:00:00+00:00,2021-01-01T00:00:00+00:00,2021-12-31T00:00:00+00:00,2021-12-31T00:00:00+00:00,0.0,86400.0,31449600.0,260,-0.011395745736571261,-0.009259506255029927,-0.011369749731101794,-0.009248273218768616,0.9886689398272989,-0.9435786684147761,0.015839563747393037,0.002117787609431635,0.2908817928209358,0.001118976124920524,0.29093379247933626,False,2021-01-01T00:00:00+00:00,2021-12-31T00:00:00+00:00,0.0021214765123331782,-9411.811942725824,198.53937945590496,18.09327736421562,0.0,2099.69433206742,530472.1759602794,0.29093379247933626,0.19678895268589258,-0.011331060172701135,-0.009216769037219432,0.012095301136883906,0.9965776865160849,260,,-0.0129939748437523,-0.01303859701011134,-12914.734782625183,0.003534164670810373,0.0035463012253117822,3502.92283989936,0.00020027243439622896,0.0002009601831407215,198.53937945590496,-1.8176087373855072e-05,-1.8238505256320232e-05,-18.0932773642156,0.0,0.0,0.0,-0.002118031910652215,-0.00212530537188385,-2099.69433206742,-0.011395745736571258,-0.011434879478798494,0.012118628643872626
2021,common_projected,complete,common_projected.json.gz,common_projected-pairs.csv.gz,docs/research/results/issue30-successor/fold-2021/common_projected.json.gz,61ee7d8cdbd456cf1d8106255dbc848e75bfa8d36c12e8d4cb0cb8abf8ea0b93,480495e2e09c6150e156a16d1e150729dcd2a49e5a4fc345a36b50b66c637492,2021-01-01T00:00:00+00:00,2022-01-01T00:00:00+00:00,2021-01-01T00:00:00+00:00,2021-12-31T00:00:00+00:00,2021-12-31T00:00:00+00:00,0.0,86400.0,31449600.0,260,-0.06611857192061997,-0.0514151082668131,-0.06419263232966957,-0.05028341562908506,0.936019872037501,-0.6820148219055446,0.1585341307892062,0.014382408893513896,1.1843009935609123,0.6543851982014111,170.14015153236687,False,2021-01-01T00:00:00+00:00,2021-12-31T00:00:00+00:00,0.013909216700584509,-49391.54170269666,-206.17736628808208,6122.374378155787,0.0,8260.03451535811,166961954.57813406,1.1837332379950496,0.3758609378808894,-0.06398012796249897,-0.050115716137240564,0.09709160954731828,0.9965776865160849,260,,-0.05120082932904808,-0.05137665635284288,-49391.54170269666,2.868776371220123e-18,2.8786279384289835e-18,2.7978446518048943e-12,-0.00021737745555066573,-0.00021812394406560618,-206.17736628808203,-0.006231577029786506,-0.006252976676180003,-6122.374378155787,0.0,0.0,0.0,-0.008468788106233806,-0.008497870482972247,-8260.03451535811,-0.06611857192061994,-0.06634562745606162,0.0972788645130797
2022,canonical,complete,canonical.json.gz,canonical-pairs.csv.gz,docs/research/results/issue30-successor/fold-2022/canonical.json.gz,809de8a6e62a1d00cf526b91e165968801825969273d56cc131d8bd5f34908a1,8f07985456e6aa0b5afcfe79a86dd3adbe62bd67d0b0f90deac64834af599860,2022-01-01T00:00:00+00:00,2023-01-01T00:00:00+00:00,2022-01-03T00:00:00+00:00,2022-12-30T00:00:00+00:00,2022-12-30T00:00:00+00:00,172800.0,172800.0,31190400.0,259,0.05297782364916123,0.08728149354989484,0.05506410043565377,0.09232564847936418,1.054406261976889,0.3320163938613681,0.11630987421392003,0.035032774041030335,3.1988852402115318,1.149034766156701,297.60000443458557,False,2022-01-03T00:00:00+00:00,2022-12-30T00:00:00+00:00,0.037261548043710416,86743.2574102543,2695.7786076660245,11433.764197265938,0.0,23599.009843764423,311150087.2697907,3.200000047683716,0.0,0.054406261976889025,0.09120380332184885,0.1611304346943823,0.9883641341546886,259,,0.0,0.0,0.0,0.08454586131466003,0.08554120732736725,86743.25741025423,0.0027308746919752188,0.0027630248787921014,2695.7786076660236,-0.011189597409090618,-0.011321330896593762,-11433.764197265938,0.0,0.0,0.0,-0.02310931494838181,-0.023381377520488796,-23599.009843764423,0.05297782364916125,0.0536015237890752,0.16144240097811632
2022,ridge,complete,ridge.json.gz,ridge-pairs.csv.gz,docs/research/results/issue30-successor/fold-2022/ridge.json.gz,1d172f0e7b2698a64bb18ed1400253abae38f66657a70a1b26a7b4b629b2dc29,a1be38fb5f850710eb5458e2750be86e067d69054f5bd9f0a7f5a3ef06bafb26,2022-01-01T00:00:00+00:00,2023-01-01T00:00:00+00:00,2022-01-03T00:00:00+00:00,2022-12-30T00:00:00+00:00,2022-12-30T00:00:00+00:00,172800.0,172800.0,31190400.0,259,-0.09405362117564621,-0.02465450116309062,-0.09077337245664395,-0.024636205473223465,0.9102339531174981,-0.7606975564299732,0.16418630755590857,0.06544009884580483,3.2002618983108944,4.756756827637956,1232.0000183582306,False,2022-01-03T00:00:00+00:00,2022-12-30T00:00:00+00:00,0.06613716698342048,-24790.305785731714,464.3577490351032,43664.22213230959,0.0,21775.87671349523,1162773784.5487435,3.200000047683716,0.0,-0.0897660468825019,-0.02435306131362873,0.12485515942088092,0.9883641341546886,259,,0.0,0.0,0.0,-0.025161317491778797,-0.025457537988565666,-24790.30578573173,0.0004929106173566663,0.0004987135816884276,464.35774903510355,-0.0462735502254906,-0.04681832193867158,-43664.22213230959,0.0,0.0,0.0,-0.023111664075732972,-0.02338375430377138,-21775.87671349523,-0.09405362117564622,-0.09516090064932073,0.12509689277289124
2022,ppo_ens3,complete,ppo_ens3.json.gz,ppo_ens3-pairs.csv.gz,docs/research/results/issue30-successor/fold-2022/ppo_ens3.json.gz,61aed18ab30964866c4f6376c29dd3e2db20efb53ce519691c3c10ea57de0ec6,19b552f6b65f093570470d66c2a946f4549379487d814f12e4af451ac1e211c8,2022-01-01T00:00:00+00:00,2023-01-01T00:00:00+00:00,2022-01-03T00:00:00+00:00,2022-12-30T00:00:00+00:00,2022-12-30T00:00:00+00:00,172800.0,172800.0,31190400.0,259,0.06697084880745442,0.09087993616374826,0.07010768840436833,0.09630984329582684,1.0692643073905628,0.29326537269466074,0.22048347180202665,0.025041002450990942,2.1629327638987395,0.8565564916377792,221.8481313341848,False,2022-01-03T00:00:00+00:00,2022-12-30T00:00:00+00:00,0.02620215489145851,92949.64480987709,1355.6650316776097,8696.224426289966,0.0,16344.77802470098,231076599.34066653,2.1622725037807773,-0.030689312757353093,0.06926430739056277,0.09513751095397972,0.23060462343224644,0.9883641341546886,259,,0.0789358030500475,0.0798651026704428,83998.54753798198,0.010885224022175802,0.011013374166481195,8951.09727189516,0.00105042453326518,0.0010627910270778586,1355.6650316776083,-0.008334995355114248,-0.00843312203173263,-8696.224426289966,0.0,0.0,0.0,-0.01556560744291882,-0.015748859054088918,-16344.778024700978,0.06697084880745446,0.06775928677817934,0.23105109940384358
2022,train_constant,complete,train_constant.json.gz,train_constant-pairs.csv.gz,docs/research/results/issue30-successor/fold-2022/train_constant.json.gz,35255994a6c43dfa904e2c7586bee3cd555b3d5871335165f2fe970e6d8dd69e,7650dd5647e2fb2c30f98dd480da706e788754cdda253c6e33230fb3ef555d69,2022-01-01T00:00:00+00:00,2023-01-01T00:00:00+00:00,2022-01-03T00:00:00+00:00,2022-12-30T00:00:00+00:00,2022-12-30T00:00:00+00:00,172800.0,172800.0,31190400.0,259,0.004767631968624017,0.006876177500418511,0.0048354136626565375,0.006981386776153096,1.004779015209095,0.603383011106979,0.007613417707703629,0.002120784198119829,0.28787644147136787,0.0011117615328893123,0.2879462370183319,False,2022-01-03T00:00:00+00:00,2022-12-30T00:00:00+00:00,0.0021459731134965583,5378.513328587959,1521.2860786265055,29.7293693489232,0.0,2091.0548287709053,745607.7202141457,0.2879462370183319,-0.04924997338093817,0.004779015209094961,0.006899872688565209,0.007979076682602565,0.9883641341546886,259,,0.0030003990407111384,0.0030357222981156323,3013.89379666421,0.0023663385397093032,0.002394197095924717,2364.6195319237454,0.001509467779421382,0.0015272385219768968,1521.286078626505,-2.96189150533029e-05,-2.9967614191742058e-05,-29.72936934892324,0.0,0.0,0.0,-0.0020789544761654235,-0.0021034297019928557,-2091.0548287709053,0.004767631968624009,0.004823760599833571,0.007994525054631234
2022,common_projected,complete,common_projected.json.gz,common_projected-pairs.csv.gz,docs/research/results/issue30-successor/fold-2022/common_projected.json.gz,db652915cfeb8392aa129acc9dbe3f98a4036d9ebe9455cfd6f5e44d0d4ccc79,2a8fe3d99c57d5e03373de4df32c2414bbca90c3e845e94bbe56a96b468f7671,2022-01-01T00:00:00+00:00,2023-01-01T00:00:00+00:00,2022-01-03T00:00:00+00:00,2022-12-30T00:00:00+00:00,2022-12-30T00:00:00+00:00,172800.0,172800.0,31190400.0,259,0.07117842075974126,0.08695798993265269,0.07467296195461344,0.09196817549827903,1.0737727921355125,0.3314135522161739,0.21040714824818796,0.016442485001185496,1.3892344839232431,0.6187957824939596,160.26810766593553,False,2022-01-03T00:00:00+00:00,2022-12-30T00:00:00+00:00,0.01729521354366559,89446.37126230344,768.9058743951616,6107.1443443877,0.0,10335.340656797795,166521149.30637252,1.3881219099307232,-0.05062967165001096,0.07377279213551247,0.09085085203791253,0.21688078575216238,0.9883641341546886,259,,0.08632951299632086,0.08734585767841051,89446.37126230338,1.2239586369064032e-17,1.2383681222439439e-17,1.3235429271674071e-11,0.000619484362741915,0.0006267774611952477,768.9058743951614,-0.0058821452851927315,-0.005951394918051648,-6107.144344387699,0.0,0.0,0.0,-0.009888431314127734,-0.010004846364224804,-10335.340656797793,0.07117842075974107,0.07201639385732804,0.21730069086116768
2023,canonical,complete,canonical.json.gz,canonical-pairs.csv.gz,docs/research/results/issue30-successor/fold-2023/canonical.json.gz,5ae813d7dd01568bc1d4d47c6d6cb0d674d4e2517f8e0eb69460e884e4668b2b,978a8710fca0d1381ed131845fd9fe6e0e6cbf36e89a847141c7362864a79720,2023-01-01T00:00:00+00:00,2024-01-01T00:00:00+00:00,2023-01-02T00:00:00+00:00,2023-12-29T00:00:00+00:00,2023-12-29T00:00:00+00:00,86400.0,259200.0,31190400.0,259,-0.001657129853712469,0.03282399829308384,-0.0016752342262304986,0.033768052585758546,0.998344242427842,-0.015358275088336995,0.10116690684989327,0.0353996949658189,3.1992988064698515,1.2046332225836383,312.0000046491623,False,2023-01-02T00:00:00+00:00,2023-12-29T00:00:00+00:00,0.03544328681198904,25625.507207351664,8118.430186308247,11706.086503329376,0.0,23693.608462489512,325356993.6905787,3.200000047683716,0.0,-0.0016557575721579676,0.03336864858921704,0.1089574906954948,0.9883641341546886,259,,0.0,0.0,0.0,0.024918445102811444,0.025211806298620167,25625.507207351722,0.007909736578567868,0.008002856746044082,8118.430186308248,-0.011382846329922253,-0.011516854908598623,-11706.086503329378,0.0,0.0,0.0,-0.023102465205171077,-0.023374447136256884,-23693.608462489512,-0.0016571298537124916,-0.001676639000189716,0.10916844440837799
2023,ridge,complete,ridge.json.gz,ridge-pairs.csv.gz,docs/research/results/issue30-successor/fold-2023/ridge.json.gz,a86e863fc5d774db5ed2fb936146f1dee79d876ae106dc776f0e8362b8629a65,84950a9510ec2b3e42dedb4847b4131a41d230d73b09e947a640763a21ff98ab,2023-01-01T00:00:00+00:00,2024-01-01T00:00:00+00:00,2023-01-02T00:00:00+00:00,2023-12-29T00:00:00+00:00,2023-12-29T00:00:00+00:00,86400.0,259200.0,31190400.0,259,0.06678513795183907,0.13434546743399267,0.06990663705269197,0.14559837287568897,1.069065751838689,0.5908127149848666,0.06872379333449719,0.07080274528560473,3.1985921477585837,4.614671883435784,1195.2000178098679,False,2023-01-02T00:00:00+00:00,2023-12-29T00:00:00+00:00,0.075691735822997,143271.13016795772,-3402.633043662486,46613.45380916571,0.0,24189.29147643902,1253655102.6790993,3.200000047683716,0.0,0.06906575183868902,0.14378789286663204,0.11414923039048692,0.9883641341546886,259,,0.0,0.0,0.0,0.13760120449819416,0.1392211632769125,143271.13016795772,-0.003237714112338134,-0.003275831245239622,-3402.6330436624858,-0.04447982908073651,-0.04500348357822441,-46613.4538091657,0.0,0.0,0.0,-0.023098523353279648,-0.023370458877521857,-24189.29147643902,0.06678513795183914,0.06757138957592589,0.11437023588372948
2023,ppo_ens3,complete,ppo_ens3.json.gz,ppo_ens3-pairs.csv.gz,docs/research/results/issue30-successor/fold-2023/ppo_ens3.json.gz,0e73e93178f8564ab9addd3cdc092a0548f424740265673a986cd3baee152678,3c3a3d9a7bf19967c4e040549d5345e5390a79ef87cbd5776026dbf7eb3dd825,2023-01-01T00:00:00+00:00,2024-01-01T00:00:00+00:00,2023-01-02T00:00:00+00:00,2023-12-29T00:00:00+00:00,2023-12-29T00:00:00+00:00,86400.0,259200.0,31190400.0,259,-0.03470987716410767,-0.018441935296488257,-0.034509012261743376,-0.01848604712018546,0.9658856010813257,-0.3757499231225808,0.11942972047062828,0.015687850859386183,1.4939635846232606,0.5520186139514281,142.9728210134199,False,2023-01-02T00:00:00+00:00,2023-12-29T00:00:00+00:00,0.016022965141557915,-31666.613301217993,13240.065241931346,5300.93211307816,0.0,10386.918746308023,138539608.0898179,1.4941722313873134,-0.24550756343181243,-0.034114398918674294,-0.01827292337149383,0.09328185416375107,0.9883641341546886,259,,-0.005230624661050675,-0.00529220403725418,-4729.089534798576,-0.027029252902990873,-0.027347464329134118,-26937.52376641941,0.01381863075208877,0.013981315463159066,13240.065241931343,-0.005473254678857812,-0.005537690502639379,-5300.932113078159,0.0,0.0,0.0,-0.01079537567329663,-0.0109224680461817,-10386.918746308023,-0.03470987716410767,-0.03511851145205077,0.09346245811630963
2023,train_constant,complete,train_constant.json.gz,train_constant-pairs.csv.gz,docs/research/results/issue30-successor/fold-2023/train_constant.json.gz,6b2321ffea4cccca35968060a24a2ec03e27ebaa307b562c658f7927f3c89d7e,0b1355d1539ec9cca3b10e19440bfd1b1a58f369b1c28e26a7b70d9072f1bfd0,2023-01-01T00:00:00+00:00,2024-01-01T00:00:00+00:00,2023-01-02T00:00:00+00:00,2023-12-29T00:00:00+00:00,2023-12-29T00:00:00+00:00,86400.0,259200.0,31190400.0,259,-0.050272379772703005,-0.04765525892260715,-0.049592300536346424,-0.047072350882754375,0.9509703641292845,-1.541912879356293,0.06190529457565919,0.0025457433655252425,0.3584541777748339,0.0013842537345609208,0.35852171725127846,False,2023-01-02T00:00:00+00:00,2023-12-29T00:00:00+00:00,0.002519949653592049,-34378.08744439796,-12105.805060791028,27.282500536734002,0.0,2518.460864988509,696284.5739322877,0.35852171725127846,0.35852171725127846,-0.049029635870715516,-0.04653757190906492,0.03292400066271017,0.9883641341546886,259,,-0.03441731495601946,-0.034822504952039084,-33649.15238475376,-0.0007550981657855826,-0.0007639878256320887,-728.9350596442196,-0.012483317107987602,-0.012630281367569173,-12105.805060791028,-2.7631673174699954e-05,-2.7956976806258056e-05,-27.28250053673399,0.0,0.0,0.0,-0.0025890178697341513,-0.002619497997009415,-2518.460864988509,-0.050272379772703,-0.05086422911905753,0.03298774515736064
2023,common_projected,complete,common_projected.json.gz,common_projected-pairs.csv.gz,docs/research/results/issue30-successor/fold-2023/common_projected.json.gz,3f5e29fd4c4d211c4c937b99fa37e90e89f92e206f1ed2d3c898d6e885ce7cf7,19ea2e9b5a5238b4a8bf2b2368da3cd441846cef6d4f5753eb520ca8388e11fe,2023-01-01T00:00:00+00:00,2024-01-01T00:00:00+00:00,2023-01-02T00:00:00+00:00,2023-12-29T00:00:00+00:00,2023-12-29T00:00:00+00:00,86400.0,259200.0,31190400.0,259,-0.004233709566135488,0.005043050674866295,-0.004274391082348324,0.005115461292309692,0.9957752399478731,-0.05090415963695317,0.08616571226756742,0.0091463343870653,0.7971349291616673,0.37560841553344687,97.28257962316275,False,2023-01-02T00:00:00+00:00,2023-12-29T00:00:00+00:00,0.009389852374658017,-3897.665940078089,8819.240275016993,3541.804921007405,0.0,5604.529466057895,96588737.52973574,0.7972954902647361,-0.2458064432845192,-0.004224760052126908,0.005055788258011809,0.08398675145780894,0.9883641341546886,259,,-0.0039842540736516,-0.004031160111914811,-3897.6659400780677,-9.815584018400098e-18,-9.9311414479796e-18,-9.489822798223724e-12,0.009028437825143273,0.009134728298153963,8819.240275016995,-0.003575640820251003,-0.0036177363146722404,-3541.804921007405,0.0,0.0,0.0,-0.005702252497376541,-0.00576938427885535,-5604.529466057895,-0.004233709566135479,-0.004283552407288044,0.0841493590668859
2024,canonical,complete,canonical.json.gz,canonical-pairs.csv.gz,docs/research/results/issue30-successor/fold-2024/canonical.json.gz,743650dda9501be684f19f7a7ae3df0c490dc680c02cd8cacfbde4924d6c813e,63b20587851978084424a5ea1a67737669c35e56aef620a8e68e5b8f1ee5f881,2024-01-01T00:00:00+00:00,2025-01-01T00:00:00+00:00,2024-01-01T00:00:00+00:00,2024-12-31T00:00:00+00:00,2024-12-31T00:00:00+00:00,0.0,86400.0,31536000.0,261,0.16203066817911715,0.1998047900641136,0.17602681147380606,0.2213314824239449,1.1758963033664747,1.7176878108753728,0.0490995629545522,0.04106294040650665,3.1976971313274496,1.446743316577312,377.60000562667847,False,2024-01-01T00:00:00+00:00,2024-12-31T00:00:00+00:00,0.04530467095013885,219174.51377862715,-2215.2700056462722,15721.376983965118,0.0,25341.56342254153,415008007.35003394,3.200000047683716,0.0,0.17589630336647466,0.22116435147649172,0.09421428782559595,0.999315537303217,261,,0.0,0.0,0.0,0.201791713045156,0.20192992654724173,219174.51377862715,-0.001975363465040574,-0.0019767164537152593,-2215.2700056462727,-0.0144327724244205,-0.014442657884985171,-15721.376983965118,0.0,0.0,0.0,-0.02335290897657696,-0.0233689041197116,-25341.56342254153,0.16203066817911713,0.16214164808882886,0.0943952952697486
2024,ridge,complete,ridge.json.gz,ridge-pairs.csv.gz,docs/research/results/issue30-successor/fold-2024/ridge.json.gz,6d4e06a43320684fc1018eb5f40f680443da8dd4c5e8c74ba89a17ea602f02ca,059e6027ae6101ff91c6bb29fb0f28df05a73bf62e7b3e5cf68f1c642c792593,2024-01-01T00:00:00+00:00,2025-01-01T00:00:00+00:00,2024-01-01T00:00:00+00:00,2024-12-31T00:00:00+00:00,2024-12-31T00:00:00+00:00,0.0,86400.0,31536000.0,261,-0.1028733832461772,-0.03174425742021146,-0.09782236567554606,-0.03126676092308713,0.9022412051021005,-1.1782282774799049,0.11202788678319675,0.06857956593398283,3.2011345317951267,4.953256778790119,1292.8000192642212,False,2024-01-01T00:00:00+00:00,2024-12-31T00:00:00+00:00,0.06655560475245892,-22349.353354453197,-6829.875609464462,46063.74320581948,0.0,22515.822728163366,1248366864.9126718,3.200000047683716,0.0,-0.09775879489789951,-0.03124569787402755,0.08720419186993507,0.999315537303217,261,,0.0,0.0,0.0,-0.024661669125565316,-0.02467856067976091,-22349.353354453193,-0.007091049036213507,-0.007095905919115023,-6829.875609464464,-0.047752929670005086,-0.04778563715608043,-46063.74320581949,0.0,0.0,0.0,-0.0233677354143944,-0.02338374071262344,-22515.822728163366,-0.10287338324617716,-0.10294384446757865,0.08737173129791434
2024,ppo_ens3,complete,ppo_ens3.json.gz,ppo_ens3-pairs.csv.gz,docs/research/results/issue30-successor/fold-2024/ppo_ens3.json.gz,38ebbdf5bcad5c3119cc766a8e55cb55294f0e2e457a8b7ba10e87d6f408e75d,245387c9a63835416fdd81112d263fc17acec414620bcdfb5d699450efc7848f,2024-01-01T00:00:00+00:00,2025-01-01T00:00:00+00:00,2024-01-01T00:00:00+00:00,2024-12-31T00:00:00+00:00,2024-12-31T00:00:00+00:00,0.0,86400.0,31536000.0,261,0.18894133744697278,0.21128148130508176,0.20812642358463704,0.23543878027025072,1.2079700877950394,1.3497526647064693,0.09039255599899465,0.024362511369130768,2.0288473463037877,0.8025318730463741,209.46081886510365,False,2024-01-01T00:00:00+00:00,2024-12-31T00:00:00+00:00,0.027312356685613687,192137.38068754718,40195.218476625756,8395.204911053419,0.0,15967.306458077353,227658733.4025891,2.031306788286449,-0.9717370861158523,0.20797008779503945,0.23526000872946734,0.13980946446729264,0.999315537303217,261,,0.19584270503159817,0.19597684387066092,215183.36449290958,-0.02205486023990371,-0.02206996630856118,-23045.98380536225,0.037507419023602696,0.03753310903663256,40195.218476625756,-0.007688270463353743,-0.0076935364020272725,-8395.20491105342,0.0,0.0,0.0,-0.014665655904968605,-0.014675700874766528,-15967.306458077353,0.1889413374469727,0.18907074932193638,0.14007807079458792
2024,train_constant,complete,train_constant.json.gz,train_constant-pairs.csv.gz,docs/research/results/issue30-successor/fold-2024/train_constant.json.gz,4a3239e68500493688c609ce1b7f4f0eafa85de2fdc443bd9f301f6b82af58b7,83233646702084d67188d8276f238973e68178f9cfdef31642cc6a21eabb0583,2024-01-01T00:00:00+00:00,2025-01-01T00:00:00+00:00,2024-01-01T00:00:00+00:00,2024-12-31T00:00:00+00:00,2024-12-31T00:00:00+00:00,0.0,86400.0,31536000.0,261,0.004949892689274985,0.0062334971393613135,0.0049655708130220385,0.006257262039189255,1.0049621636463808,0.986603306580017,0.004227125782501506,0.001288665650758398,0.17347262628846388,0.0006647183822103958,0.1734914977569133,False,2024-01-01T00:00:00+00:00,2024-12-31T00:00:00+00:00,0.0012916912261672162,4564.855096772682,1685.9742003643114,17.17534565565629,0.0,1271.4903051027422,389211.21028551826,0.1734914977569133,-0.04681386728771031,0.004962163646380802,0.0062529658142754735,0.005010914558300429,0.999315537303217,261,,0.0015267551205564406,0.0015278008432417533,1523.6871055632018,0.0030272530791955335,0.0030293265402086813,3041.1679912094787,0.0016795010997145868,0.0016806514429335694,1685.9742003643116,-1.7136225404423035e-05,-1.7147962545110996e-05,-17.175345655656287,0.0,0.0,0.0,-0.0012664803847871825,-0.00126734783710553,-1271.4903051027422,0.004949892689274982,0.004953283026733389,0.005020541684482653
2024,common_projected,complete,common_projected.json.gz,common_projected-pairs.csv.gz,docs/research/results/issue30-successor/fold-2024/common_projected.json.gz,8e53c1e3a527596dddeb7a1af7c61f8c07076640f9b1fbad487b06eba83fe2b7,0941e4c0bec58a8215e4eb869918e11e7b1f233ab2c1c6ff019228aa3361bb8b,2024-01-01T00:00:00+00:00,2025-01-01T00:00:00+00:00,2024-01-01T00:00:00+00:00,2024-12-31T00:00:00+00:00,2024-12-31T00:00:00+00:00,0.0,86400.0,31536000.0,261,0.2189665002447799,0.23345945635775928,0.244976279717891,0.26316359021934815,1.2447895758429592,1.577064869388177,0.07774605395150325,0.01604433020381476,1.3258319276204162,0.5300823260451956,138.35148709779605,False,2024-01-01T00:00:00+00:00,2024-12-31T00:00:00+00:00,0.018187310501457166,217705.4950429825,43128.41100379334,5569.792347219531,0.0,10474.537856595229,151932658.51294652,1.3291290514371839,-0.9538496069104314,0.24478957584295924,0.2629616217887213,0.13867299648480408,0.999315537303217,261,,0.19422902668259792,0.1943620602625175,217705.4950429825,7.281580034828749e-19,7.286567418414248e-19,6.870881091327006e-13,0.03924424649319831,0.039271126114084065,43128.41100379335,-0.005027381533141232,-0.005030824945150232,-5569.792347219532,0.0,0.0,0.0,-0.009479391397873583,-0.009485884131707744,-10474.537856595227,0.21896650024478004,0.2191164772997422,0.13893941939417395
2025,canonical,complete,canonical.json.gz,canonical-pairs.csv.gz,docs/research/results/issue30-successor/fold-2025/canonical.json.gz,51c071586e7580606f0172cc8296b6b746fb9d2e8203e5e3489de2039c4c665f,cc80e34baf748378b0f6d2669348558b61d342ab8924f6b24e2b4fa0ea5c73e1,2025-07-17T23:00:00+00:00,2025-12-25T00:00:00+00:00,2025-07-17T23:00:00+00:00,2025-12-24T00:00:00+00:00,2025-12-24T00:00:00+00:00,0.0,86400.0,13741200.0,113,0.07944814225400944,0.0962229606627885,0.2001638150209243,0.2473016910433202,1.082689412241089,2.7400960800214795,0.029764424988318328,0.017590773185003215,3.1958274825862283,1.5433628548563054,174.4000025987625,False,2025-07-17T23:00:00+00:00,2025-12-24T00:00:00+00:00,0.047137876022395886,97529.22155908837,2750.963867004593,6939.980514223992,0.0,10650.792670779225,184418370.6380629,3.200000047683716,0.0,0.08268941224108906,0.10100451732665951,0.06629290508464764,0.4354323522701346,113,,0.0,0.0,0.0,0.09359949511190055,0.21495760391692958,97529.22155908834,0.0026315944328341528,0.006043635524816396,2750.963867004594,-0.006608871504342356,-0.015177722716024388,-6939.980514223991,0.0,0.0,0.0,-0.010174075786382105,-0.023365456731314,-10650.792670779225,0.07944814225400945,0.18245805999440579,0.06658819788281857
2025,ridge,complete,ridge.json.gz,ridge-pairs.csv.gz,docs/research/results/issue30-successor/fold-2025/ridge.json.gz,cfaed4ef685d8e64fd8c8fb80b0e0ea5e5d65cd594e47f52d7cb8d4f9f903863,84771cee7d84965e141d1909303337dc89b6efda62069463f0a553acdc857ed6,2025-07-17T23:00:00+00:00,2025-12-25T00:00:00+00:00,2025-07-17T23:00:00+00:00,2025-12-24T00:00:00+00:00,2025-12-24T00:00:00+00:00,0.0,86400.0,13741200.0,113,0.03474018134951681,0.06602774157017151,0.08305222381473228,0.1637379527180955,1.035350670436575,1.1045018772637456,0.029043120912367493,0.03216161989621564,3.197492762641312,4.955752286235843,560.0000083446503,False,2025-07-17T23:00:00+00:00,2025-12-24T00:00:00+00:00,0.08068572890336322,69996.77539985979,-2484.4850670690307,21710.539667734454,0.0,10451.08022848119,575971241.8203589,3.200000047683716,0.0,0.035350670436574916,0.06825635186348128,0.07191421080443491,0.4354323522701346,113,,0.0,0.0,0.0,0.06842922860690362,0.15715237567936,69996.77539985983,-0.0023953083508333394,-0.005500988473514554,-2484.485067069031,-0.02111535074966119,-0.0484928385306602,-21710.539667734454,0.0,0.0,0.0,-0.01017838815689193,-0.023375360383367738,-10451.080228481193,0.034740181349516785,0.07978318829181665,0.07223454295022912
2025,ppo_ens3,complete,ppo_ens3.json.gz,ppo_ens3-pairs.csv.gz,docs/research/results/issue30-successor/fold-2025/ppo_ens3.json.gz,694b78f92071fcb23529977866ce3c279728f1ef01c4b992003dce49dba7328b,02a27de444d3e211014c3f91816ece0a1c00e7f2ab0625c451ca8301f9f5bfc6,2025-07-17T23:00:00+00:00,2025-12-25T00:00:00+00:00,2025-07-17T23:00:00+00:00,2025-12-24T00:00:00+00:00,2025-12-24T00:00:00+00:00,0.0,86400.0,13741200.0,113,0.1228677160135141,0.1320344151028163,0.3260095091294116,0.3542204981623274,1.1307348329422986,2.510168403046719,0.029682595806607148,0.009784114667735546,1.7788002930329414,0.8496004939618542,96.00485581768953,False,2025-07-17T23:00:00+00:00,2025-12-24T00:00:00+00:00,0.0282109890329158,131290.28084755893,9228.666762475226,3810.1945552970765,0.0,5973.920112438469,102450436.21279377,1.783311950688102,-0.804430944379081,0.1307348329422986,0.14114759130313892,0.11191389800721671,0.4354323522701346,113,,0.1148063890475527,0.26366067759781164,123471.31627235653,0.008529631027889149,0.019588877545317337,7818.964575202473,0.008707493274709854,0.019997350287164418,9228.666762475226,-0.0035576777219023643,-0.00817044875823844,-3810.1945552970774,0.0,0.0,0.0,-0.005618119614735193,-0.012902393644948572,-5973.92011243847,0.12286771601351407,0.2821740630271062,0.11241240336091286
2025,train_constant,complete,train_constant.json.gz,train_constant-pairs.csv.gz,docs/research/results/issue30-successor/fold-2025/train_constant.json.gz,b45cc8b05236cc1a3877c5c7af6bb6edfd93ddf4ec0fb952a02e150a9592a286,ac027e2e1381537783d68f66e4a8c2407d5cb544ffaed1040fda30ad048ba07f,2025-07-17T23:00:00+00:00,2025-12-25T00:00:00+00:00,2025-07-17T23:00:00+00:00,2025-12-24T00:00:00+00:00,2025-12-24T00:00:00+00:00,0.0,86400.0,13741200.0,113,0.020664241147926865,0.021824710560990824,0.048600936929916114,0.051399287319505355,1.0208792248505438,2.4186763938718507,0.005879250448567297,0.0011693184419475124,0.3591687316842694,0.0031808635747406335,0.3594375839456916,False,2025-07-17T23:00:00+00:00,2025-12-24T00:00:00+00:00,0.002798350389589241,18837.952410957216,3210.5908815347407,17.487839122262173,0.0,1151.8306028252503,542066.279178092,0.3594375839456916,-0.29007472936064005,0.02087922485054383,0.022064611634939484,0.019533982367060727,0.4354323522701346,113,,0.018781803660722126,0.04313368899394555,19009.302995881688,-0.00014419312015779748,-0.0003311493034590654,-171.3505849244732,0.0031872455428010988,0.007319726074978892,3210.590881534741,-1.743787228783988e-05,-4.004725922850521e-05,-17.487839122262177,0.0,0.0,0.0,-0.0011431770631502493,-0.002625383844793054,-1151.8306028252503,0.020664241147926865,0.04745683466144273,0.019620993855020502
2025,common_projected,complete,common_projected.json.gz,common_projected-pairs.csv.gz,docs/research/results/issue30-successor/fold-2025/common_projected.json.gz,5a7f7925cb5489f6b7a27b15d0c6781f5287f4cff9681b1d2fed3685b9a4c227,bcd363e03b2a947c3086c915b802cf4989b377be988b23622e6cfdb1ca8a1d87,2025-07-17T23:00:00+00:00,2025-12-25T00:00:00+00:00,2025-07-17T23:00:00+00:00,2025-12-24T00:00:00+00:00,2025-12-24T00:00:00+00:00,0.0,86400.0,13741200.0,113,0.1167003791092048,0.12259488613891865,0.3073606770605734,0.32517892846455954,1.123782670478219,2.425344884461588,0.030995180948356627,0.0062380356871328665,1.198741056622907,0.5263104895510983,59.473085319274105,False,2025-07-17T23:00:00+00:00,2025-12-24T00:00:00+00:00,0.01781825140398613,122295.62087981327,7725.085285539205,2299.704374046271,0.0,3938.331313086595,62712973.220351815,1.2032823583525316,-0.8103298466226119,0.123782670478219,0.13042637677956767,0.11001397549951324,0.4354323522701346,113,,0.11524633041512171,0.26467103285799237,122295.62087981327,-2.3267369279491013e-18,-5.343509539010171e-18,-2.661411542536052e-12,0.007357311853513747,0.016896566860859708,7725.085285539205,-0.002170978215226167,-0.004985799065934655,-2299.7043740462705,0.0,0.0,0.0,-0.003732284944204426,-0.008571446114984543,-3938.331313086595,0.11670037910920474,0.2680103545379326,0.11050401790483066
