fold,feature,train_mean,train_scale,standardized_coefficient,sign,absolute_magnitude
2009,log_return_lag_31,-0.00014680827328068777,0.007698809896542599,0.00011554069199536301,positive,0.00011554069199536301
2009,volatility_lag_31,0.006866591336549619,0.0033815641705936734,0.00034546427274233726,positive,0.00034546427274233726
2009,sma20_ratio_lag_31,-0.0014166953247655991,0.017423480918720896,-0.003198385278177954,negative,0.003198385278177954
2009,mom24_lag_31,-0.0035718931418431635,0.03348449881817752,0.00026486983316178743,positive,0.00026486983316178743
2009,xz_mom24_lag_31,7.58027633851168e-18,0.9428090415245508,-0.00048662286007228404,negative,0.00048662286007228404
2009,xr_mom24_lag_31,0.0,0.6454972243679028,0.00040931948187647785,positive,0.00040931948187647785
2009,carry_annual_lag_31,0.037829058683608106,0.019711747441238745,0.012332848602970624,positive,0.012332848602970624
2009,xz_carry_lag_31,6.779379101518557e-18,0.942809041535871,-0.011240696215420464,negative,0.011240696215420464
2009,log_return_lag_30,-0.00014227228026073536,0.007697503930124817,-0.001381796315444729,negative,0.001381796315444729
2009,volatility_lag_30,0.006871179414640774,0.003385835258094316,0.00011128228154579751,positive,0.00011128228154579751
2009,sma20_ratio_lag_30,-0.0014045729381231204,0.017421134868809172,-0.001122064442567106,negative,0.001122064442567106
2009,mom24_lag_30,-0.003599671862391991,0.0334992431657903,-0.00018387743397421918,negative,0.00018387743397421918
2009,xz_mom24_lag_30,7.685511798420874e-18,0.9428090415245779,0.0009172826308939876,positive,0.0009172826308939876
2009,xr_mom24_lag_30,0.0,0.6454972243679028,-0.0006048603891730712,negative,0.0006048603891730712
2009,carry_annual_lag_30,0.03784173940290316,0.019715205618214958,-0.012249385766902043,negative,0.012249385766902043
2009,xz_carry_lag_30,6.992065504703453e-18,0.9428090415358792,0.00991403759988805,positive,0.00991403759988805
2009,log_return_lag_29,-0.0001402976831990053,0.007695399138319821,-0.0016077535420503232,negative,0.0016077535420503232
2009,volatility_lag_29,0.006874353540381182,0.0033894780299328835,-0.0008440089611096683,negative,0.0008440089611096683
2009,sma20_ratio_lag_29,-0.0013903510052722635,0.017414613987380964,0.006080889990313319,positive,0.006080889990313319
2009,mom24_lag_29,-0.0036260708316537037,0.033514860340227826,-0.00022509277103493987,negative,0.00022509277103493987
2009,xz_mom24_lag_29,7.532089575290102e-18,0.9428090415246041,0.0002471559760476861,positive,0.0002471559760476861
2009,xr_mom24_lag_29,0.0,0.6454972243679028,3.597786626208554e-05,positive,3.597786626208554e-05
2009,carry_annual_lag_29,0.03785442012219822,0.019718655033965228,-0.0005571803123040507,negative,0.0005571803123040507
2009,xz_carry_lag_29,7.204751907888349e-18,0.9428090415358874,0.004326760915466354,positive,0.004326760915466354
2009,log_return_lag_28,-0.00014533211092659213,0.007692964484793053,0.0013921810476783874,positive,0.0013921810476783874
2009,volatility_lag_28,0.006878677496441241,0.003392698343787985,0.000787744731361962,positive,0.000787744731361962
2009,sma20_ratio_lag_28,-0.0013808412981400847,0.017412806209538702,0.007229092421263785,positive,0.007229092421263785
2009,mom24_lag_28,-0.003644350048880152,0.033522470468978806,6.108346995173776e-05,positive,6.108346995173776e-05
2009,xz_mom24_lag_28,7.538182154548003e-18,0.9428090415246269,-0.001022533799933814,negative,0.001022533799933814
2009,xr_mom24_lag_28,0.0,0.6454972243679028,0.00023291908216810996,positive,0.00023291908216810996
2009,carry_annual_lag_28,0.03786710084149327,0.019722095693086472,-0.005933695798658016,negative,0.005933695798658016
2009,xz_carry_lag_28,7.417438311073244e-18,0.9428090415358956,-0.004053782080932253,negative,0.004053782080932253
2009,log_return_lag_27,-0.00014601339426358227,0.00769305126606484,0.005027389784234955,positive,0.005027389784234955
2009,volatility_lag_27,0.00688306678608191,0.0033957784462956813,-0.0011720044582667296,negative,0.0011720044582667296
2009,sma20_ratio_lag_27,-0.001371872840652171,0.01741288507720519,-0.011595510693034675,negative,0.011595510693034675
2009,mom24_lag_27,-0.0036558812851140814,0.03352491914780641,0.000263022075241791,positive,0.000263022075241791
2009,xz_mom24_lag_27,7.592461497027481e-18,0.9428090415246498,0.0003539653098600493,positive,0.0003539653098600493
2009,xr_mom24_lag_27,0.0,0.6454972243679028,5.2267307233179374e-05,positive,5.2267307233179374e-05
2009,carry_annual_lag_27,0.03787978156078832,0.01972552760016106,-0.0029763671009503277,negative,0.0029763671009503277
2009,xz_carry_lag_27,7.63012471425814e-18,0.942809041535904,0.017431144799398602,positive,0.017431144799398602
2009,log_return_lag_26,-0.00015662175428457774,0.007701757056921723,0.0006322117699838526,positive,0.0006322117699838526
2009,volatility_lag_26,0.006887509568478528,0.003398846784162211,0.0006166712862532752,positive,0.0006166712862532752
2009,sma20_ratio_lag_26,-0.0013733448579450924,0.017413757288886195,0.0005411511187594815,positive,0.0005411511187594815
2009,mom24_lag_26,-0.0036773179661170057,0.03352913893697048,0.00022453957075884486,positive,0.00022453957075884486
2009,xz_mom24_lag_26,7.448455078204375e-18,0.9428090415246781,-0.0009743979237089881,negative,0.0009743979237089881
2009,xr_mom24_lag_26,0.0,0.6454972243679028,0.00017901535363488855,positive,0.00017901535363488855
2009,carry_annual_lag_26,0.037892462280083375,0.01972895075975622,0.008760158448984492,positive,0.008760158448984492
2009,xz_carry_lag_26,7.842811117443036e-18,0.9428090415359123,0.00441910997168787,positive,0.00441910997168787
2009,log_return_lag_25,-0.00014043864835592274,0.007702675702608974,0.001429840016851494,positive,0.001429840016851494
2009,volatility_lag_25,0.006891514924591472,0.0034005743503989225,0.00022595068820082352,positive,0.00022595068820082352
2009,sma20_ratio_lag_25,-0.0013593532699606615,0.01740810738332857,-0.006420788800351742,negative,0.006420788800351742
2009,mom24_lag_25,-0.0036815529358624585,0.03352703948683151,0.0004706079085926105,positive,0.0004706079085926105
2009,xz_mom24_lag_25,7.470609911869468e-18,0.9428090415246438,0.0009424463326154094,positive,0.0009424463326154094
2009,xr_mom24_lag_25,0.0,0.6454972243679028,-0.0002814912828930727,negative,0.0002814912828930727
2009,carry_annual_lag_25,0.03790514299937842,0.019732365176424658,-0.0015879894391401068,negative,0.0015879894391401068
2009,xz_carry_lag_25,8.055497520627932e-18,0.9428090415359205,-0.019988905867833487,negative,0.019988905867833487
2009,log_return_lag_24,-0.00014883750510894577,0.0076995322075429536,-0.0008263380885811787,negative,0.0008263380885811787
2009,volatility_lag_24,0.006894550877622505,0.0034008992258108914,0.0002762176208633394,positive,0.0002762176208633394
2009,sma20_ratio_lag_24,-0.0013540674152684512,0.01740663740294793,0.007883902684369544,positive,0.007883902684369544
2009,mom24_lag_24,-0.00368971313825002,0.03352556890438767,-0.00047907219422226076,negative,0.00047907219422226076
2009,xz_mom24_lag_24,7.355404776810982e-18,0.9428090415246492,-0.00019644687331829585,negative,0.00019644687331829585
2009,xr_mom24_lag_24,0.0,0.6454972243679028,0.00014938149718011923,positive,0.00014938149718011923
2009,carry_annual_lag_24,0.03791782371867348,0.019735770854703898,-0.002782732748218766,negative,0.002782732748218766
2009,xz_carry_lag_24,8.268183923812828e-18,0.9428090415359289,0.004991460312024971,positive,0.004991460312024971
2009,log_return_lag_23,-0.00016069895348347972,0.007701415311570149,0.002666469425858013,positive,0.002666469425858013
2009,volatility_lag_23,0.0068976522965822394,0.0034012622033734305,-0.0015053280521260474,negative,0.0015053280521260474
2009,sma20_ratio_lag_23,-0.0013607276922984557,0.017408661537201494,-0.0002585318407952017,negative,0.0002585318407952017
2009,mom24_lag_23,-0.003706501878150902,0.03352538295334486,-0.0005613214102985147,negative,0.0005613214102985147
2009,xz_mom24_lag_23,7.19588997442231e-18,0.9428090415246907,-0.0003442386632440267,negative,0.0003442386632440267
2009,xr_mom24_lag_23,0.0,0.6454972243679028,0.00011195688570291625,positive,0.00011195688570291625
2009,carry_annual_lag_23,0.037930504437968526,0.019739167799116986,-0.0025426032979420856,negative,0.0025426032979420856
2009,xz_carry_lag_23,8.480870326997724e-18,0.9428090415359371,0.008776113303470355,positive,0.008776113303470355
2009,log_return_lag_22,-0.00015989419839459963,0.007701744101845203,0.0023771820074186133,positive,0.0023771820074186133
2009,volatility_lag_22,0.006900525716139757,0.003401562881203285,0.0009092377118517406,positive,0.0009092377118517406
2009,sma20_ratio_lag_22,-0.0013660780692553542,0.017410730703660705,-0.004568341684540339,negative,0.004568341684540339
2009,mom24_lag_22,-0.0037124986318208633,0.033528375642500434,3.2891011475291265e-05,positive,3.2891011475291265e-05
2009,xz_mom24_lag_22,7.373128643743058e-18,0.9428090415247302,0.0004661092327153376,positive,0.0004661092327153376
2009,xr_mom24_lag_22,0.0,0.6454972243679028,2.4676963916053698e-05,positive,2.4676963916053698e-05
2009,carry_annual_lag_22,0.03794318515726358,0.019742556014172564,0.018190733691503806,positive,0.018190733691503806
2009,xz_carry_lag_22,8.693556730182619e-18,0.9428090415359455,-0.021576840724013252,negative,0.021576840724013252
2009,log_return_lag_21,-0.00016434273070149694,0.007703273100629884,0.0004185804289479557,positive,0.0004185804289479557
2009,volatility_lag_21,0.006903466797093573,0.0034018406189368,0.001376782550264076,positive,0.001376782550264076
2009,sma20_ratio_lag_21,-0.0013758324025574357,0.0174148206834494,0.025043953019961367,positive,0.025043953019961367
2009,mom24_lag_21,-0.003724621187316908,0.03353098138637968,0.00067127473854132,positive,0.00067127473854132
2009,xz_mom24_lag_21,7.213613841354386e-18,0.9428090415247493,-0.0003206569053471461,negative,0.0003206569053471461
2009,xr_mom24_lag_21,0.0,0.6454972243679028,-0.000147676016083943,negative,0.000147676016083943
2009,carry_annual_lag_21,0.03795586587655863,0.019745935504363737,-0.011079690690888521,negative,0.011079690690888521
2009,xz_carry_lag_21,8.906243133367515e-18,0.9428090415359537,0.007953825234273083,positive,0.007953825234273083
2009,log_return_lag_20,-0.00016986731716850067,0.007703178002674038,0.012198014931188595,positive,0.012198014931188595
2009,volatility_lag_20,0.0069065248103082075,0.00340206014623981,-0.0004432366704874534,negative,0.0004432366704874534
2009,sma20_ratio_lag_20,-0.0013911664581850215,0.017420061973996818,-0.02872959785253325,negative,0.02872959785253325
2009,mom24_lag_20,-0.0037377174234272917,0.03353409611701442,0.00045132304776330856,positive,0.00045132304776330856
2009,xz_mom24_lag_20,7.089546772829863e-18,0.9428090415247753,0.00020374881756423041,positive,0.00020374881756423041
2009,xr_mom24_lag_20,0.0,0.6454972243679028,3.730950517327183e-05,positive,3.730950517327183e-05
2009,carry_annual_lag_20,0.037968546595853685,0.01974930627416972,0.011309394985902093,positive,0.011309394985902093
2009,xz_carry_lag_20,9.118929536552411e-18,0.942809041535962,-0.011647991105474695,negative,0.011647991105474695
2009,log_return_lag_19,-0.0001428948569645136,0.007714913027741997,-2.7023576723523588e-05,negative,2.7023576723523588e-05
2009,volatility_lag_19,0.0069098178122858865,0.003402356921734357,-0.00014221149863976332,negative,0.00014221149863976332
2009,sma20_ratio_lag_19,-0.0013813243596954793,0.01741825953653032,-0.009287137643287941,negative,0.009287137643287941
2009,mom24_lag_19,-0.0037166939262931516,0.033530441450130476,9.073505593077584e-05,positive,9.073505593077584e-05
2009,xz_mom24_lag_19,7.160442240558161e-18,0.942809041524762,-6.030049179187383e-06,negative,6.030049179187383e-06
2009,xr_mom24_lag_19,0.0,0.6454972243679028,0.00022016564629942113,positive,0.00022016564629942113
2009,carry_annual_lag_19,0.037980782898290336,0.019752963534748168,-0.01176236830207792,negative,0.01176236830207792
2009,xz_carry_lag_19,9.012586334959964e-18,0.9428090415359708,0.013145014515799924,positive,0.013145014515799924
2009,log_return_lag_18,-0.00014882300131249668,0.007713122115192221,-0.004072756172736119,negative,0.004072756172736119
2009,volatility_lag_18,0.006912990543695651,0.003402637120785047,-0.0009193430565442398,negative,0.0009193430565442398
2009,sma20_ratio_lag_18,-0.0013790056737071903,0.017415355930328936,0.01128482796576019,positive,0.01128482796576019
2009,mom24_lag_18,-0.0037157447051031586,0.033527889922232046,0.0003576017060751564,positive,0.0003576017060751564
2009,xz_mom24_lag_18,7.089546772829863e-18,0.9428090415246968,-0.0005584808761707884,negative,0.0005584808761707884
2009,xr_mom24_lag_18,0.0,0.6454972243679028,-9.584994495240697e-05,negative,9.584994495240697e-05
2009,carry_annual_lag_18,0.037993019200726987,0.01975661253973,0.006612131400222115,positive,0.006612131400222115
2009,xz_carry_lag_18,8.941690867231664e-18,0.9428090415359796,-0.006625784350800712,negative,0.006625784350800712
2009,log_return_lag_17,-0.00014331968010373837,0.007715542259773858,0.000756546151738709,positive,0.000756546151738709
2009,volatility_lag_17,0.006916217423241311,0.0034027402405030346,-0.0006383568325181686,negative,0.0006383568325181686
2009,sma20_ratio_lag_17,-0.001372289054085227,0.01741245702312153,0.006984996464377101,positive,0.006984996464377101
2009,mom24_lag_17,-0.0036949004926960746,0.033519915373194306,1.4606161618908268e-05,positive,1.4606161618908268e-05
2009,xz_mom24_lag_17,7.080684839363826e-18,0.9428090415246457,0.0005587020928863942,positive,0.0005587020928863942
2009,xr_mom24_lag_17,0.0,0.6454972243679028,6.264633816673178e-05,positive,6.264633816673178e-05
2009,carry_annual_lag_17,0.038005255503163644,0.019760253293689044,6.602758944351187e-05,positive,6.602758944351187e-05
2009,xz_carry_lag_17,8.870795399503366e-18,0.9428090415359882,-0.0025486624213258376,negative,0.0025486624213258376
2009,log_return_lag_16,-0.00016349165132335932,0.007727886834116715,0.0038821062627928827,positive,0.0038821062627928827
2009,volatility_lag_16,0.006919904659688465,0.0034027050652989162,0.0013288028721242678,positive,0.0013288028721242678
2009,sma20_ratio_lag_16,-0.0013850284862193538,0.017415202616941426,-0.015595308051586064,negative,0.015595308051586064
2009,mom24_lag_16,-0.0036870301231937018,0.0335164450397468,-0.0018201505378160083,negative,0.0018201505378160083
2009,xz_mom24_lag_16,7.49719571226758e-18,0.9428090415246307,0.0003219740576522111,positive,0.0003219740576522111
2009,xr_mom24_lag_16,0.0,0.6454972243679028,-0.00012397694569904152,negative,0.00012397694569904152
2009,carry_annual_lag_16,0.038017491805600295,0.019763885801185137,-0.003474490902258336,negative,0.003474490902258336
2009,xz_carry_lag_16,8.799899931775068e-18,0.942809041535997,0.009844586239057965,positive,0.009844586239057965
2009,log_return_lag_15,-0.00016094769025986038,0.007730259472332415,-0.0032957187354251977,negative,0.0032957187354251977
2009,volatility_lag_15,0.0069236810477905295,0.003402679796582116,-0.0005900518610113801,negative,0.0005900518610113801
2009,sma20_ratio_lag_15,-0.001393930257338406,0.017415716396894588,0.0028827406924657782,positive,0.0028827406924657782
2009,mom24_lag_15,-0.003672430031555845,0.033512389492471276,0.0009724196294780166,positive,0.0009724196294780166
2009,xz_mom24_lag_15,7.514919579199655e-18,0.9428090415246335,-0.0005332594250701174,negative,0.0005332594250701174
2009,xr_mom24_lag_15,0.0,0.6454972243679028,-0.00014217006389522727,negative,0.00014217006389522727
2009,carry_annual_lag_15,0.038029728108036946,0.01976751006676436,4.566087220260972e-05,positive,4.566087220260972e-05
2009,xz_carry_lag_15,8.72900446404677e-18,0.9428090415360058,-0.007152500250311733,negative,0.007152500250311733
2009,log_return_lag_14,-0.00017092197741391544,0.007735205290448817,-0.002015389998372075,negative,0.002015389998372075
2009,volatility_lag_14,0.006927808286752533,0.003402562438891689,-4.589663848283661e-05,negative,4.589663848283661e-05
2009,sma20_ratio_lag_14,-0.0014117731909539276,0.017420579610992335,-0.0039048838391039543,negative,0.0039048838391039543
2009,mom24_lag_14,-0.0036628954465830563,0.033511592992872076,0.0018376342079536752,positive,0.0018376342079536752
2009,xz_mom24_lag_14,7.514919579199655e-18,0.9428090415246556,0.000613941760126497,positive,0.000613941760126497
2009,xr_mom24_lag_14,0.0,0.6454972243679028,-0.00020701617961953276,negative,0.00020701617961953276
2009,carry_annual_lag_14,0.038041964410473604,0.019771126094959034,-0.0023483828782430074,negative,0.0023483828782430074
2009,xz_carry_lag_14,8.65810899631847e-18,0.9428090415360145,0.00885703709355694,positive,0.00885703709355694
2009,log_return_lag_13,-0.00016610423534333828,0.007736880204464256,-0.0034249801832089695,negative,0.0034249801832089695
2009,volatility_lag_13,0.0069318776728826996,0.0034024853782425877,-0.0010223137213269508,negative,0.0010223137213269508
2009,sma20_ratio_lag_13,-0.001424356792274984,0.017422742849000545,-0.00674588068548276,negative,0.00674588068548276
2009,mom24_lag_13,-0.00366378135354926,0.03351111822262688,0.0005084054358007642,positive,0.0005084054358007642
2009,xz_mom24_lag_13,7.071822905897788e-18,0.9428090415246424,-0.00035711025908531755,negative,0.00035711025908531755
2009,xr_mom24_lag_13,0.0,0.6454972243679028,-0.00011101978631243949,negative,0.00011101978631243949
2009,carry_annual_lag_13,0.03805420071291026,0.01977473389028885,-0.004606973107173733,negative,0.004606973107173733
2009,xz_carry_lag_13,8.587213528590172e-18,0.9428090415360233,0.00999169512316173,positive,0.00999169512316173
2009,log_return_lag_12,-0.0001642764448521005,0.007736065893693583,-0.006520205661530009,negative,0.006520205661530009
2009,volatility_lag_12,0.006935941281816802,0.0034023956265607095,0.0027452043673756093,positive,0.0027452043673756093
2009,sma20_ratio_lag_12,-0.0014344728207881833,0.017425682807632632,0.02090726036166502,positive,0.02090726036166502
2009,mom24_lag_12,-0.003676251065964698,0.03352046478362114,0.0004049878902466415,positive,0.0004049878902466415
2009,xz_mom24_lag_12,6.885722303111005e-18,0.942809041524671,0.0002526294805500725,positive,0.0002526294805500725
2009,xr_mom24_lag_12,0.0,0.6454972243679028,0.00012499374545158815,positive,0.00012499374545158815
2009,carry_annual_lag_12,0.03806643701534691,0.01977833345725815,-0.0054439636921563535,negative,0.0054439636921563535
2009,xz_carry_lag_12,8.516318060861873e-18,0.9428090415360321,-0.009930991624394937,negative,0.009930991624394937
2009,log_return_lag_11,-0.00016573992717834062,0.007735950449653415,0.0026687316869006975,positive,0.0026687316869006975
2009,volatility_lag_11,0.006940120223182634,0.003402251958600889,-0.0013628569931480494,negative,0.0013628569931480494
2009,sma20_ratio_lag_11,-0.001445116988743266,0.017427945654778,-0.010727699462560476,negative,0.010727699462560476
2009,mom24_lag_11,-0.0037075967119864625,0.03353942998988577,0.0011120577642874771,positive,0.0011120577642874771
2009,xz_mom24_lag_11,6.956617770839304e-18,0.9428090415246246,-0.0003350486216230626,negative,0.0003350486216230626
2009,xr_mom24_lag_11,0.0,0.6454972243679028,-2.225790025639626e-05,negative,2.225790025639626e-05
2009,carry_annual_lag_11,0.038078673317783564,0.01978192480035905,0.011417405465417387,positive,0.011417405465417387
2009,xz_carry_lag_11,8.445422593133574e-18,0.9428090415360408,-0.008512793101454252,negative,0.008512793101454252
2009,log_return_lag_10,-0.0001591519189730747,0.007734543298360029,-0.0018293552403067593,negative,0.0018293552403067593
2009,volatility_lag_10,0.006943914231579859,0.003402165700182598,-0.0008235602141136054,negative,0.0008235602141136054
2009,sma20_ratio_lag_10,-0.0014483927071745676,0.017427195334009268,-0.00027758753590292895,negative,0.00027758753590292895
2009,mom24_lag_10,-0.003714816476293637,0.033540271479082485,0.0013524741143550881,positive,0.0013524741143550881
2009,xz_mom24_lag_10,7.346542843344945e-18,0.9428090415245849,0.0003367660033580234,positive,0.0003367660033580234
2009,xr_mom24_lag_10,0.0,0.6454972243679028,-0.00022704644795500464,negative,0.00022704644795500464
2009,carry_annual_lag_10,0.03809041262994251,0.019785882146140986,0.0016490285000935112,positive,0.0016490285000935112
2009,xz_carry_lag_10,8.65810899631847e-18,0.9428090415360499,-0.0008904465397470632,negative,0.0008904465397470632
2009,log_return_lag_9,-0.00016408678384449024,0.007735835340931103,-0.0016909405067297716,negative,0.0016909405067297716
2009,volatility_lag_9,0.0069477686169413765,0.0034020023847274455,0.0023191256670660534,positive,0.0023191256670660534
2009,sma20_ratio_lag_9,-0.00145541419362725,0.017426351801376496,0.0018404600497434211,positive,0.0018404600497434211
2009,mom24_lag_9,-0.0037228327134643936,0.033540076997678796,0.002220751820842089,positive,0.002220751820842089
2009,xz_mom24_lag_9,7.17096578654908e-18,0.9428090415245312,0.00011815811863920072,positive,0.00011815811863920072
2009,xr_mom24_lag_9,0.0,0.6454972243679028,9.814004710540685e-05,positive,9.814004710540685e-05
2009,carry_annual_lag_9,0.03810215194210146,0.019789831736828536,-0.005784800971113982,negative,0.005784800971113982
2009,xz_carry_lag_9,8.799899931775068e-18,0.9428090415360592,0.005626810148428627,positive,0.005626810148428627
2009,log_return_lag_8,-0.00016228035865921767,0.007735512669096629,-0.0005322740159116272,negative,0.0005322740159116272
2009,volatility_lag_8,0.006951495148069703,0.003401811755755367,-0.0011518177914591047,negative,0.0011518177914591047
2009,sma20_ratio_lag_8,-0.001459799836907112,0.01742471215463326,-0.0075614668665904775,negative,0.0075614668665904775
2009,mom24_lag_8,-0.003733463375656569,0.03354164658146363,0.0014407954315891983,positive,0.0014407954315891983
2009,xz_mom24_lag_8,7.381990577209094e-18,0.9428090415244815,-0.00010721821599859018,negative,0.00010721821599859018
2009,xr_mom24_lag_8,0.0,0.6454972243679028,-0.00018356755793148632,negative,0.00018356755793148632
2009,carry_annual_lag_8,0.038113891254260415,0.019793773577064563,-0.0027571937097219234,negative,0.0027571937097219234
2009,xz_carry_lag_8,9.012586334959964e-18,0.9428090415360683,0.0060689708999428415,positive,0.0060689708999428415
2009,log_return_lag_7,-0.00016277930017925262,0.00773121715747167,-0.0037302136291452815,negative,0.0037302136291452815
2009,volatility_lag_7,0.006955055883753185,0.003401701466525693,0.00025834164098381294,positive,0.00025834164098381294
2009,sma20_ratio_lag_7,-0.0014637834755144446,0.017426665108868287,-0.004007402851000576,negative,0.004007402851000576
2009,mom24_lag_7,-0.003749434402555133,0.03354894633335708,0.0005543552260649327,positive,0.0005543552260649327
2009,xz_mom24_lag_7,7.235768675019479e-18,0.9428090415244511,-0.00025641430525986583,negative,0.00025641430525986583
2009,xr_mom24_lag_7,0.0,0.6454972243679028,0.0002749889520952103,positive,0.0002749889520952103
2009,carry_annual_lag_7,0.03812563056641936,0.019797707671478423,0.0010964976821686285,positive,0.0010964976821686285
2009,xz_carry_lag_7,9.15437727041656e-18,0.9428090415360774,0.0007452043558790732,positive,0.0007452043558790732
2009,log_return_lag_6,-0.0001631887446009185,0.007730698864004953,-0.005615371917158114,negative,0.005615371917158114
2009,volatility_lag_6,0.006958591763445287,0.0034015847023485743,-0.0026276822420412695,negative,0.0026276822420412695
2009,sma20_ratio_lag_6,-0.0014678451590356362,0.017429110332317435,0.007404140007358848,positive,0.007404140007358848
2009,mom24_lag_6,-0.0037703508668953155,0.03355815919738596,-0.0004224407220886335,negative,0.0004224407220886335
2009,xz_mom24_lag_6,7.089546772829863e-18,0.942809041524433,-0.00014969301664414256,negative,0.00014969301664414256
2009,xr_mom24_lag_6,0.0,0.6454972243679028,1.5969574592292809e-06,positive,1.5969574592292809e-06
2009,carry_annual_lag_6,0.038137369878578305,0.019801634024686713,0.004358599230210202,positive,0.004358599230210202
2009,xz_carry_lag_6,9.367063673601456e-18,0.9428090415360866,-0.011575874899657404,negative,0.011575874899657404
2009,log_return_lag_5,-0.00016034482759261868,0.007730711098521347,-0.0027687558277242797,negative,0.0027687558277242797
2009,volatility_lag_5,0.006961762037332761,0.0034015376669919604,0.0030910503369705753,positive,0.0030910503369705753
2009,sma20_ratio_lag_5,-0.0014681126708490308,0.01742913229232232,0.013324492606199367,positive,0.013324492606199367
2009,mom24_lag_5,-0.0037903980112889307,0.033561309192732994,-0.0006915248464955855,negative,0.0006915248464955855
2009,xz_mom24_lag_5,6.983203571237414e-18,0.9428090415244078,0.0005369665234881469,positive,0.0005369665234881469
2009,xr_mom24_lag_5,0.0,0.6454972243679028,-4.268503985490474e-06,negative,4.268503985490474e-06
2009,carry_annual_lag_5,0.03814910919073726,0.019805552641293585,-2.1177625362967835e-05,negative,2.1177625362967835e-05
2009,xz_carry_lag_5,9.508854609058054e-18,0.9428090415360956,0.024966833207624814,positive,0.024966833207624814
2009,log_return_lag_4,-0.00015946110539908948,0.007731465731113961,0.002930479929953683,positive,0.002930479929953683
2009,volatility_lag_4,0.006964611772058443,0.0034010782917673287,-0.0019186715768868658,negative,0.0019186715768868658
2009,sma20_ratio_lag_4,-0.0014669857735359565,0.017427905807217644,0.005289027996738971,positive,0.005289027996738971
2009,mom24_lag_4,-0.003804527005761423,0.03356153635611115,-0.0003355499959910018,negative,0.0003355499959910018
2009,xz_mom24_lag_4,6.73506943418837e-18,0.9428090415243346,-0.0004767936265969487,negative,0.0004767936265969487
2009,xr_mom24_lag_4,0.0,0.6454972243679028,7.633519309675275e-05,positive,7.633519309675275e-05
2009,carry_annual_lag_4,0.0381608485028962,0.01980946352588998,-0.008984672506455248,negative,0.008984672506455248
2009,xz_carry_lag_4,9.721541012242949e-18,0.9428090415361046,-0.03196892645615057,negative,0.03196892645615057
2009,log_return_lag_3,-0.00016454898628904003,0.007731104982875833,0.005254463458803753,positive,0.005254463458803753
2009,volatility_lag_3,0.006966358583366301,0.003400276398432438,0.00022666723320490922,positive,0.00022666723320490922
2009,sma20_ratio_lag_3,-0.0014707084335601915,0.01742897889561718,-0.009967192231952754,negative,0.009967192231952754
2009,mom24_lag_3,-0.0038230625977868815,0.033566118190093176,-0.00027750400129298593,negative,0.00027750400129298593
2009,xz_mom24_lag_3,6.433763696343101e-18,0.9428090415242835,-3.329377087210464e-05,negative,3.329377087210464e-05
2009,xr_mom24_lag_3,0.0,0.6454972243679028,0.00039902636738937166,positive,0.00039902636738937166
2009,carry_annual_lag_3,0.03817258781505515,0.019813366683054716,0.017104155920570394,positive,0.017104155920570394
2009,xz_carry_lag_3,9.863331947699547e-18,0.9428090415361136,-0.004529840417997436,negative,0.004529840417997436
2009,log_return_lag_2,-0.00016724857828077756,0.007733084514621594,0.0009884878205697139,positive,0.0009884878205697139
2009,volatility_lag_2,0.0069678509519108785,0.003399567064160637,0.00048087205572313945,positive,0.00048087205572313945
2009,sma20_ratio_lag_2,-0.0014767142742183733,0.01743281943007152,-0.007721522226567264,negative,0.007721522226567264
2009,mom24_lag_2,-0.0038336894217830854,0.03356704487375075,-0.0001948284018756657,negative,0.0001948284018756657
2009,xz_mom24_lag_2,6.101441191366701e-18,0.9428090415242477,0.00026087211953789455,positive,0.00026087211953789455
2009,xr_mom24_lag_2,0.0,0.6454972243679028,-0.000503083078525425,negative,0.000503083078525425
2009,carry_annual_lag_2,0.0381843271272141,0.019817262117353542,-0.0060015224734797454,negative,0.0060015224734797454
2009,xz_carry_lag_2,1.0076018350884443e-17,0.9428090415361224,0.012219670164158137,positive,0.012219670164158137
2009,log_return_lag_1,-0.0001629842215370153,0.007736651785007183,-0.0025125893736025755,negative,0.0025125893736025755
2009,volatility_lag_1,0.0069694499967329826,0.003398839010382408,-0.0019228000061156346,negative,0.0019228000061156346
2009,sma20_ratio_lag_1,-0.0014785575473217846,0.01743526608206877,0.005542942785345137,positive,0.005542942785345137
2009,mom24_lag_1,-0.003856234994964177,0.03357484130363833,-0.001101790367155134,negative,0.001101790367155134
2009,xz_mom24_lag_1,6.26981792722141e-18,0.9428090415242383,0.0006103710614123086,positive,0.0006103710614123086
2009,xr_mom24_lag_1,0.0,0.6454972243679028,-0.00011993673339356556,negative,0.00011993673339356556
2009,carry_annual_lag_1,0.03819606643937303,0.01982114983333979,0.002663701256455473,positive,0.002663701256455473
2009,xz_carry_lag_1,1.021780928634104e-17,0.9428090415361313,-0.008362423045793054,negative,0.008362423045793054
2009,log_return_lag_0,-0.00015509314724343123,0.007739769294252348,-0.0005787143680525302,negative,0.0005787143680525302
2009,volatility_lag_0,0.0069712796222783134,0.0033980106783992195,0.0019900998502056554,positive,0.0019900998502056554
2009,sma20_ratio_lag_0,-0.0014733129372813323,0.017434776324080605,0.0015135105265019618,positive,0.0015135105265019618
2009,mom24_lag_0,-0.00386249063709866,0.033576193301545376,-0.0010456556340517436,negative,0.0010456556340517436
2009,xz_mom24_lag_0,6.398315962478951e-18,0.942809041524223,-0.00040639880358539737,negative,0.00040639880358539737
2009,xr_mom24_lag_0,0.0,0.6454972243679028,-5.650976741107078e-05,negative,5.650976741107078e-05
2009,carry_annual_lag_0,0.03820780575153198,0.019825029835554463,-0.004357992340027432,negative,0.004357992340027432
2009,xz_carry_lag_0,1.0430495689525936e-17,0.9428090415361403,0.011070414330108939,positive,0.011070414330108939
2010,log_return_lag_31,0.00015954351980759654,0.011873625240928753,0.0003671520813156138,positive,0.0003671520813156138
2010,volatility_lag_31,0.009377309388070125,0.007070681194857243,-0.0005899393377708545,negative,0.0005899393377708545
2010,sma20_ratio_lag_31,0.0016319921020564682,0.02650568686456344,0.00011736343981148578,positive,0.00011736343981148578
2010,mom24_lag_31,0.0040208453704011675,0.052775353877081696,0.000350658162357238,positive,0.000350658162357238
2010,xz_mom24_lag_31,7.554693910130735e-18,0.9428090415293031,-0.0007102827453544553,negative,0.0007102827453544553
2010,xr_mom24_lag_31,0.0,0.6454972243679028,0.0005771657628359495,positive,0.0005771657628359495
2010,carry_annual_lag_31,0.035519902777092896,0.02127256801203788,0.00270810525786597,positive,0.00270810525786597
2010,xz_carry_lag_31,-1.0566005468714314e-18,0.9428090415360556,-0.002785556644438536,negative,0.002785556644438536
2010,log_return_lag_30,0.00016108944828983792,0.011872283114782218,0.0008071159677397848,positive,0.0008071159677397848
2010,volatility_lag_30,0.00938578666941379,0.0070721073399306784,-0.0008767261942872475,negative,0.0008767261942872475
2010,sma20_ratio_lag_30,0.001629264041157012,0.02650884661182525,0.0048609805483708,positive,0.0048609805483708
2010,mom24_lag_30,0.004020016502362686,0.05277691947464327,-2.0135929923641572e-05,negative,2.0135929923641572e-05
2010,xz_mom24_lag_30,7.528278896458949e-18,0.9428090415293167,0.0005831366069110715,positive,0.0005831366069110715
2010,xr_mom24_lag_30,0.0,0.6454972243679028,-0.0004699828047112011,negative,0.0004699828047112011
2010,carry_annual_lag_30,0.03549544725326072,0.021284783191612477,-0.009098468059017678,negative,0.009098468059017678
2010,xz_carry_lag_30,-1.0037705195278597e-18,0.9428090415360297,0.000988345130081962,positive,0.000988345130081962
2010,log_return_lag_29,0.00017027161532999464,0.011872746025405587,0.003437698003921705,positive,0.003437698003921705
2010,volatility_lag_29,0.009394348999399454,0.007073538462385912,0.000642282162021087,positive,0.000642282162021087
2010,sma20_ratio_lag_29,0.0016375334535910825,0.026507218353058203,-0.019574642926485787,negative,0.019574642926485787
2010,mom24_lag_29,0.004021379497377977,0.0527797656823162,-0.0005127213739705018,negative,0.0005127213739705018
2010,xz_mom24_lag_29,7.422618841771806e-18,0.9428090415293364,0.0005136061278899724,positive,0.0005136061278899724
2010,xr_mom24_lag_29,0.0,0.6454972243679028,-3.667979225168409e-05,negative,3.667979225168409e-05
2010,carry_annual_lag_29,0.03547099172942853,0.0212969632824922,0.007179276210829491,positive,0.007179276210829491
2010,xz_carry_lag_29,-9.509404921842883e-19,0.9428090415360038,0.007271914817473015,positive,0.007271914817473015
2010,log_return_lag_28,0.00016537023648338032,0.011871042872296239,-0.005746408050465917,negative,0.005746408050465917
2010,volatility_lag_28,0.00940361399481626,0.007074398317115193,0.0009888196442726426,positive,0.0009888196442726426
2010,sma20_ratio_lag_28,0.0016426122929409604,0.02650925065774438,0.022844825533478164,positive,0.022844825533478164
2010,mom24_lag_28,0.004013938499647805,0.05278826636657964,0.00021419381107222482,positive,0.00021419381107222482
2010,xz_mom24_lag_28,7.449033855443592e-18,0.9428090415293744,-0.00043626974861711744,negative,0.00043626974861711744
2010,xr_mom24_lag_28,0.0,0.6454972243679028,-2.7558723154485956e-05,negative,2.7558723154485956e-05
2010,carry_annual_lag_28,0.035446536205596346,0.021309108344846416,-0.0007332330585424281,negative,0.0007332330585424281
2010,xz_carry_lag_28,-8.981104648407167e-19,0.9428090415359779,-0.010425708718107758,negative,0.010425708718107758
2010,log_return_lag_27,0.00015049214807246803,0.011880499421368174,0.0038425585815285977,positive,0.0038425585815285977
2010,volatility_lag_27,0.009413019212928777,0.007075191493597055,-9.705874941573619e-05,negative,9.705874941573619e-05
2010,sma20_ratio_lag_27,0.0016350989390381237,0.02651722693070229,-0.007993947363027422,negative,0.007993947363027422
2010,mom24_lag_27,0.00395725335191239,0.05283726289014174,-9.87063767409897e-05,negative,9.87063767409897e-05
2010,xz_mom24_lag_27,7.633938951146092e-18,0.9428090415294328,-7.226260184247735e-05,negative,7.226260184247735e-05
2010,xr_mom24_lag_27,0.0,0.6454972243679028,3.808694965421735e-05,positive,3.808694965421735e-05
2010,carry_annual_lag_27,0.03542208068176416,0.021321218438534205,-0.002566653577998932,negative,0.002566653577998932
2010,xz_carry_lag_27,-8.452804374971452e-19,0.9428090415359519,0.008829373281513033,positive,0.008829373281513033
2010,log_return_lag_26,0.00015271519274003058,0.011880423637025602,7.054329641948158e-05,positive,7.054329641948158e-05
2010,volatility_lag_26,0.009422321072713447,0.007075845000067949,0.0002457771552959702,positive,0.0002457771552959702
2010,sma20_ratio_lag_26,0.001632445743244638,0.026521431119474786,-0.008123320457220445,negative,0.008123320457220445
2010,mom24_lag_26,0.003912610414741397,0.052868249886237915,0.0001660169776723909,positive,0.0001660169776723909
2010,xz_mom24_lag_26,7.818844046848593e-18,0.9428090415294913,-0.0005000628838008831,negative,0.0005000628838008831
2010,xr_mom24_lag_26,0.0,0.6454972243679028,4.575309511541245e-05,positive,4.575309511541245e-05
2010,carry_annual_lag_26,0.03539762515793198,0.02133329362310708,-0.0012049100439744907,negative,0.0012049100439744907
2010,xz_carry_lag_26,-7.924504101535735e-19,0.942809041535926,0.006478750830395926,positive,0.006478750830395926
2010,log_return_lag_25,0.000154872034109006,0.01188059705340966,-0.003945966568931465,negative,0.003945966568931465
2010,volatility_lag_25,0.009431590107337353,0.0070765535273958485,0.00011779963602197329,positive,0.00011779963602197329
2010,sma20_ratio_lag_25,0.0016344295572270195,0.026523623382551556,0.00709730744318708,positive,0.00709730744318708
2010,mom24_lag_25,0.0038590724995397545,0.052907067503087914,-0.000867584494520785,negative,0.000867584494520785
2010,xz_mom24_lag_25,7.67356147165377e-18,0.9428090415295364,0.0009454218052432334,positive,0.0009454218052432334
2010,xr_mom24_lag_25,0.0,0.6454972243679028,-0.0002158578589602346,negative,0.0002158578589602346
2010,carry_annual_lag_25,0.03537316963409979,0.021345333957809215,0.0007544486072645473,positive,0.0007544486072645473
2010,xz_carry_lag_25,-7.39620382810002e-19,0.9428090415359002,-0.007835848358423695,negative,0.007835848358423695
2010,log_return_lag_24,0.00015495818105825375,0.011882818971014097,-0.0019647850057795263,negative,0.0019647850057795263
2010,volatility_lag_24,0.009440675699522545,0.007077306634945851,-0.0014374577278173538,negative,0.0014374577278173538
2010,sma20_ratio_lag_24,0.0016376067763971363,0.026525382957393817,0.01430554237914372,positive,0.01430554237914372
2010,mom24_lag_24,0.0038164303767856834,0.052929377343592515,0.0011655951628452288,positive,0.0011655951628452288
2010,xz_mom24_lag_24,7.70327836203453e-18,0.9428090415295994,-0.0002124467226357347,negative,0.0002124467226357347
2010,xr_mom24_lag_24,0.0,0.6454972243679028,0.00020801376599383819,positive,0.00020801376599383819
2010,carry_annual_lag_24,0.03534871411026759,0.021357339501581675,-0.005993916683150861,negative,0.005993916683150861
2010,xz_carry_lag_24,-6.867903554664304e-19,0.9428090415358743,0.010111562227764671,positive,0.010111562227764671
2010,log_return_lag_23,0.00013117912135112748,0.011900156960092615,0.003936067985775663,positive,0.003936067985775663
2010,volatility_lag_23,0.00944991708926284,0.007078085398923944,-0.0005519116460591887,negative,0.0005519116460591887
2010,sma20_ratio_lag_23,0.001618603535206052,0.02653883506008028,-0.01085888136734651,negative,0.01085888136734651
2010,mom24_lag_23,0.0037541667282001397,0.052967268035741824,0.00038120723508138074,positive,0.00038120723508138074
2010,xz_mom24_lag_23,7.71318399216145e-18,0.9428090415296665,-0.0005057111148004129,negative,0.0005057111148004129
2010,xr_mom24_lag_23,0.0,0.6454972243679028,-6.322980825951546e-05,negative,6.322980825951546e-05
2010,carry_annual_lag_23,0.03532425858643539,0.021369310313062242,0.0032717790688810925,positive,0.0032717790688810925
2010,xz_carry_lag_23,-6.339603281228588e-19,0.9428090415358483,-0.00824715637770731,negative,0.00824715637770731
2010,log_return_lag_22,0.00013124495853351808,0.011902293674812553,-0.0007078321313511602,negative,0.0007078321313511602
2010,volatility_lag_22,0.009459301403467997,0.007078814066171308,0.0005230891541589082,positive,0.0005230891541589082
2010,sma20_ratio_lag_22,0.0016006337831941037,0.026555928012209934,-0.005733487654692077,negative,0.005733487654692077
2010,mom24_lag_22,0.0036789891374345127,0.05304196404791953,-0.0008883376577807961,negative,0.0008883376577807961
2010,xz_mom24_lag_22,7.59101455392944e-18,0.9428090415297353,0.0005051355991141497,positive,0.0005051355991141497
2010,xr_mom24_lag_22,0.0,0.6454972243679028,0.00030803756947490706,positive,0.00030803756947490706
2010,carry_annual_lag_22,0.0352998030626032,0.021381246450588066,-0.0005274189631657058,negative,0.0005274189631657058
2010,xz_carry_lag_22,-5.811303007792873e-19,0.9428090415358225,0.0011604242599315112,positive,0.0011604242599315112
2010,log_return_lag_21,0.0001090851678096724,0.01192321991361436,-0.0036888104403438415,negative,0.0036888104403438415
2010,volatility_lag_21,0.009469141688710757,0.0070798090992913055,0.001546476442207354,positive,0.001546476442207354
2010,sma20_ratio_lag_21,0.0015625143062918214,0.026597247775785492,0.012900923147203642,positive,0.012900923147203642
2010,mom24_lag_21,0.003583724062604701,0.05315157560378511,0.0010406428679787534,positive,0.0010406428679787534
2010,xz_mom24_lag_21,7.364835999364775e-18,0.9428090415298003,-5.5045674334828305e-05,negative,5.5045674334828305e-05
2010,xr_mom24_lag_21,0.0,0.6454972243679028,-0.00031256651082559733,negative,0.00031256651082559733
2010,carry_annual_lag_21,0.03527467715230206,0.021393657546148213,0.0033318250240495784,positive,0.0033318250240495784
2010,xz_carry_lag_21,-3.566026845691081e-19,0.9428090415357934,-0.0011812382886699452,negative,0.0011812382886699452
2010,log_return_lag_20,0.00011117145921816948,0.011925872283821411,0.002532653766712646,positive,0.002532653766712646
2010,volatility_lag_20,0.009478946823729073,0.007080690563476353,0.00024148866812951763,positive,0.00024148866812951763
2010,sma20_ratio_lag_20,0.001527641213421446,0.026630559731554385,-0.00824440704345493,negative,0.00824440704345493
2010,mom24_lag_20,0.003517936640844894,0.05321657693898841,-0.0007715637188722981,negative,0.0007715637188722981
2010,xz_mom24_lag_20,7.50846763620511e-18,0.9428090415298843,0.0003813215636103689,positive,0.0003813215636103689
2010,xr_mom24_lag_20,0.0,0.6454972243679028,-0.00010346886256518747,negative,0.00010346886256518747
2010,carry_annual_lag_20,0.03524955124200092,0.021406031953639264,0.009660424493691826,positive,0.009660424493691826
2010,xz_carry_lag_20,-9.245254785125025e-20,0.9428090415357644,-0.013882973817980045,negative,0.013882973817980045
2010,log_return_lag_19,0.00013314496441739574,0.011936836778520461,-0.0013766037484275661,negative,0.0013766037484275661
2010,volatility_lag_19,0.009487995245511792,0.00708100266597185,0.0016474512618537209,positive,0.0016474512618537209
2010,sma20_ratio_lag_19,0.001514342591028651,0.026641763308073222,-0.004859275930985082,negative,0.004859275930985082
2010,mom24_lag_19,0.0034933713119997636,0.05324201824257742,-0.0004378263818374823,negative,0.0004378263818374823
2010,xz_mom24_lag_19,7.541486403294841e-18,0.9428090415299519,-5.898698245183909e-05,negative,5.898698245183909e-05
2010,xr_mom24_lag_19,0.0,0.6454972243679028,-1.1858840651713179e-05,negative,1.1858840651713179e-05
2010,carry_annual_lag_19,0.03522442533169978,0.02141836973664977,-0.007490698316122009,negative,0.007490698316122009
2010,xz_carry_lag_19,1.716975888666076e-19,0.9428090415357354,0.008228646420054206,positive,0.008228646420054206
2010,log_return_lag_18,0.00012340940896050283,0.011940258503167484,-0.0036301466202629733,negative,0.0036301466202629733
2010,volatility_lag_18,0.009496963809664827,0.00708124510223333,-0.00213092198803398,negative,0.00213092198803398
2010,sma20_ratio_lag_18,0.0014913815584360194,0.026656641938597427,0.010534532093245475,positive,0.010534532093245475
2010,mom24_lag_18,0.0034678708173028613,0.053261994446698005,-0.00034473359514990923,negative,0.00034473359514990923
2010,xz_mom24_lag_18,7.60092018405636e-18,0.9428090415299918,-0.0004445233208479368,negative,0.0004445233208479368
2010,xr_mom24_lag_18,0.0,0.6454972243679028,-4.420075587388442e-06,negative,4.420075587388442e-06
2010,carry_annual_lag_18,0.035199299421398635,0.021430670958435313,0.0036802706308828844,positive,0.0036802706308828844
2010,xz_carry_lag_18,4.358477255844654e-19,0.9428090415357065,0.0006425146585408301,positive,0.0006425146585408301
2010,log_return_lag_17,0.00011552636570396604,0.011945913097258846,0.0009495069566909974,positive,0.0009495069566909974
2010,volatility_lag_17,0.009506114740785011,0.007081318308174381,-0.0008061883640826468,negative,0.0008061883640826468
2010,sma20_ratio_lag_17,0.001460766823933695,0.02668166983133867,0.0009255503949612703,positive,0.0009255503949612703
2010,mom24_lag_17,0.003445816472042344,0.053280642014396744,0.00017326159286024665,positive,0.00017326159286024665
2010,xz_mom24_lag_17,7.633938951146092e-18,0.9428090415300192,-0.00041529733854031147,negative,0.00041529733854031147
2010,xr_mom24_lag_17,0.0,0.6454972243679028,0.0005633422446246669,positive,0.0005633422446246669
2010,carry_annual_lag_17,0.0351741735110975,0.021442935681917852,0.004198034832035203,positive,0.004198034832035203
2010,xz_carry_lag_17,6.999978623023233e-19,0.9428090415356775,-0.0019281757431688332,negative,0.0019281757431688332
2010,log_return_lag_16,0.00011896194311745707,0.011947621744418884,0.0018724924483245415,positive,0.0018724924483245415
2010,volatility_lag_16,0.009515335094826077,0.007081352147725334,0.0016948095756926622,positive,0.0016948095756926622
2010,sma20_ratio_lag_16,0.0014344733619548059,0.026697952224358935,-0.0018410057763032488,negative,0.0018410057763032488
2010,mom24_lag_16,0.0034252219101404617,0.05329536370927253,-0.0006906438633882891,negative,0.0006906438633882891
2010,xz_mom24_lag_16,7.409411334935912e-18,0.942809041530045,0.0005265664646191463,positive,0.0005265664646191463
2010,xr_mom24_lag_16,0.0,0.6454972243679028,-0.0003099983685613561,negative,0.0003099983685613561
2010,carry_annual_lag_16,0.03514875019418203,0.021455682378476556,-0.005205401973265803,negative,0.005205401973265803
2010,xz_carry_lag_16,8.188654238253593e-19,0.9428090415356497,-0.001212874561478187,negative,0.001212874561478187
2010,log_return_lag_15,0.00011583701754010332,0.01194937259621914,0.0011787104857878261,positive,0.0011787104857878261
2010,volatility_lag_15,0.009524532225300777,0.007081399994887094,-0.001761087879825142,negative,0.001761087879825142
2010,sma20_ratio_lag_15,0.0014066929967319396,0.02671292110993429,-0.007201608385934727,negative,0.007201608385934727
2010,mom24_lag_15,0.003404010740468244,0.05331050218305322,-0.0006406941126137875,negative,0.0006406941126137875
2010,xz_mom24_lag_15,7.330166293920555e-18,0.9428090415300637,-0.00019557226388319587,negative,0.00019557226388319587
2010,xr_mom24_lag_15,0.0,0.6454972243679028,1.0336975031090267e-05,positive,1.0336975031090267e-05
2010,carry_annual_lag_15,0.03512332687726657,0.021468391399990763,-0.00040632177830901973,negative,0.00040632177830901973
2010,xz_carry_lag_15,9.245254785125025e-19,0.9428090415356218,-0.0034081793814736035,negative,0.0034081793814736035
2010,log_return_lag_14,0.0001092665569969127,0.011951964644547631,-0.0022260198959990103,negative,0.0022260198959990103
2010,volatility_lag_14,0.0095332345944357,0.007080938763015414,-0.0016241893605680124,negative,0.0016241893605680124
2010,sma20_ratio_lag_14,0.0013755718152458042,0.02673154466946933,0.0042713694359412845,positive,0.0042713694359412845
2010,mom24_lag_14,0.003389679880753849,0.05332317959818877,0.0007472421317123493,positive,0.0007472421317123493
2010,xz_mom24_lag_14,7.409411334935912e-18,0.9428090415300976,-0.0001227261693091045,negative,0.0001227261693091045
2010,xr_mom24_lag_14,0.0,0.6454972243679028,0.00014325400116857695,positive,0.00014325400116857695
2010,carry_annual_lag_14,0.035097903560351106,0.02148106281332984,-0.0005645581067784758,negative,0.0005645581067784758
2010,xz_carry_lag_14,1.0301855331996456e-18,0.9428090415355942,0.01123631777954135,positive,0.01123631777954135
2010,log_return_lag_13,0.00010612250476454589,0.011954971316764838,-0.00015949912645212873,negative,0.00015949912645212873
2010,volatility_lag_13,0.009541932896441906,0.007080470021945339,0.001315643259436836,positive,0.001315643259436836
2010,sma20_ratio_lag_13,0.0013441294686928652,0.02675506701491252,-0.009612464749810298,negative,0.009612464749810298
2010,mom24_lag_13,0.0033804802924632623,0.05333436935899372,-0.0011946551917602667,negative,0.0011946551917602667
2010,xz_mom24_lag_13,7.449033855443592e-18,0.9428090415301339,-4.2270944134370145e-06,negative,4.2270944134370145e-06
2010,xr_mom24_lag_13,0.0,0.6454972243679028,-0.0002651538514831849,negative,0.0002651538514831849
2010,carry_annual_lag_13,0.035072480243435636,0.02149369668500914,-0.007102219879985973,negative,0.007102219879985973
2010,xz_carry_lag_13,1.1358455878867888e-18,0.9428090415355663,0.0009382134907663441,positive,0.0009382134907663441
2010,log_return_lag_12,0.00010812679084110484,0.011954878215906933,-0.004421782234816632,negative,0.004421782234816632
2010,volatility_lag_12,0.009550178717033106,0.007079739066469271,0.002576036481515634,positive,0.002576036481515634
2010,sma20_ratio_lag_12,0.001318348564973142,0.026772895583303872,0.001016953831700705,positive,0.001016953831700705
2010,mom24_lag_12,0.003346834183599202,0.05336211495169235,8.005526195970815e-05,positive,8.005526195970815e-05
2010,xz_mom24_lag_12,7.250921252905197e-18,0.9428090415301748,0.00016353457556385342,positive,0.00016353457556385342
2010,xr_mom24_lag_12,0.0,0.6454972243679028,-6.119627400051186e-05,negative,6.119627400051186e-05
2010,carry_annual_lag_12,0.03504705692652018,0.021506293081189714,0.0013021760963912725,positive,0.0013021760963912725
2010,xz_carry_lag_12,1.2415056425739319e-18,0.9428090415355386,0.0008304731857637426,positive,0.0008304731857637426
2010,log_return_lag_11,0.0001308541278014013,0.011975900824922801,-0.0039009270456698978,negative,0.0039009270456698978
2010,volatility_lag_11,0.009559051301789506,0.0070792742683527905,-0.0014237379070206949,negative,0.0014237379070206949
2010,sma20_ratio_lag_11,0.0013163155508639254,0.02677354699810209,0.0035939306209437794,positive,0.0035939306209437794
2010,mom24_lag_11,0.003328051710484899,0.05337498628361772,-0.0008951181402780501,negative,0.0008951181402780501
2010,xz_mom24_lag_11,7.316958787084663e-18,0.9428090415301993,-0.00010141851276431867,negative,0.00010141851276431867
2010,xr_mom24_lag_11,0.0,0.6454972243679028,2.1595392015994874e-05,positive,2.1595392015994874e-05
2010,carry_annual_lag_11,0.03502163360960471,0.02151885206768271,0.015486291615282581,positive,0.015486291615282581
2010,xz_carry_lag_11,1.3471656972610751e-18,0.9428090415355108,-0.016284962231850615,negative,0.016284962231850615
2010,log_return_lag_10,0.00014868325269968966,0.01198117242117585,-0.0028076495849732996,negative,0.0028076495849732996
2010,volatility_lag_10,0.009567979062917644,0.007078905984189386,-0.0003711409539055119,negative,0.0003711409539055119
2010,sma20_ratio_lag_10,0.0013327195654423368,0.02677201122945611,0.014853253689614938,positive,0.014853253689614938
2010,mom24_lag_10,0.003305138260485849,0.053393629451206626,-0.00040331828967903483,negative,0.00040331828967903483
2010,xz_mom24_lag_10,7.369788814428234e-18,0.9428090415302159,0.00014956262153051087,positive,0.00014956262153051087
2010,xr_mom24_lag_10,0.0,0.6454972243679028,-0.00026726246042531006,negative,0.00026726246042531006
2010,carry_annual_lag_10,0.03499583994447374,0.0215315767344199,-0.0030830908214877365,negative,0.0030830908214877365
2010,xz_carry_lag_10,1.6641458613225045e-18,0.9428090415354833,0.010635494331881731,positive,0.010635494331881731
2010,log_return_lag_9,0.00015559017662771332,0.01198154299360746,0.004054898356348381,positive,0.004054898356348381
2010,volatility_lag_9,0.009576967281184078,0.007078441952247643,-3.328258874619604e-05,negative,3.328258874619604e-05
2010,sma20_ratio_lag_9,0.0013568000431512532,0.026770369707048314,0.001167377748240161,positive,0.001167377748240161
2010,mom24_lag_9,0.003300759085972479,0.05339802107532882,0.0003345507003213793,positive,0.0003345507003213793
2010,xz_mom24_lag_9,7.554693910130735e-18,0.9428090415302262,0.0006146655521377066,positive,0.0006146655521377066
2010,xr_mom24_lag_9,0.0,0.6454972243679028,-0.00018574377413283307,negative,0.00018574377413283307
2010,carry_annual_lag_9,0.03497004627934277,0.021544263004412135,-0.010861213638263333,negative,0.010861213638263333
2010,xz_carry_lag_9,1.875465970696791e-18,0.9428090415354557,0.0023692017285534056,positive,0.0023692017285534056
2010,log_return_lag_8,0.00014699122375471695,0.011986772316655013,0.005065589952951537,positive,0.005065589952951537
2010,volatility_lag_8,0.009586033716376703,0.007078032747698171,0.0005937922615859286,positive,0.0005937922615859286
2010,sma20_ratio_lag_8,0.0013732173113281902,0.026768274197805246,-0.007251213844079545,negative,0.007251213844079545
2010,mom24_lag_8,0.0032645074160285595,0.0534309800831477,-0.0014404455657384264,negative,0.0014404455657384264
2010,xz_mom24_lag_8,7.818844046848593e-18,0.942809041530247,0.0001279604115216864,positive,0.0001279604115216864
2010,xr_mom24_lag_8,0.0,0.6454972243679028,-0.00011921773375861422,negative,0.00011921773375861422
2010,carry_annual_lag_8,0.0349442526142118,0.021556910945449627,0.00495053410929537,positive,0.00495053410929537
2010,xz_carry_lag_8,2.19244613475822e-18,0.9428090415354283,-0.00191673663834913,negative,0.00191673663834913
2010,log_return_lag_7,0.0001435735052343327,0.011986422214207327,0.001811464653260968,positive,0.001811464653260968
2010,volatility_lag_7,0.009595004085258037,0.007077691047694892,-0.0017937618486432616,negative,0.0017937618486432616
2010,sma20_ratio_lag_7,0.0013866744205082997,0.02676999785823632,-0.004697833648131672,negative,0.004697833648131672
2010,mom24_lag_7,0.003248537401455297,0.053448568190819466,-0.0011152939435324825,negative,0.0011152939435324825
2010,xz_mom24_lag_7,7.739599005833236e-18,0.9428090415302868,-0.0007236330249953704,negative,0.0007236330249953704
2010,xr_mom24_lag_7,0.0,0.6454972243679028,0.0004517550688860625,positive,0.0004517550688860625
2010,carry_annual_lag_7,0.03491845894908083,0.021569520624957764,-0.003433684060638363,negative,0.003433684060638363
2010,xz_carry_lag_7,2.5094262988196496e-18,0.9428090415354008,0.0020799520743665944,positive,0.0020799520743665944
2010,log_return_lag_6,0.00016662667907008555,0.012008024563024135,-0.00043829527712640906,negative,0.00043829527712640906
2010,volatility_lag_6,0.009604389591436597,0.00707767461430867,0.0018622225111764037,positive,0.0018622225111764037
2010,sma20_ratio_lag_6,0.0014227731794165504,0.026781418841123183,0.015679469189191823,positive,0.015679469189191823
2010,mom24_lag_6,0.0032540746322355448,0.053453137367312144,-0.0013929254257074248,negative,0.0013929254257074248
2010,xz_mom24_lag_6,7.607523937474306e-18,0.9428090415303225,-0.0002627329472152185,negative,0.0002627329472152185
2010,xr_mom24_lag_6,0.0,0.6454972243679028,0.00016417395273956008,positive,0.00016417395273956008
2010,carry_annual_lag_6,0.03489266528394986,0.02158209211000175,0.008639234042318157,positive,0.008639234042318157
2010,xz_carry_lag_6,2.826406462881079e-18,0.9428090415353733,-0.007679863383273268,negative,0.007679863383273268
2010,log_return_lag_5,0.00016563428590827555,0.012009164574184283,0.006671723444949243,positive,0.006671723444949243
2010,volatility_lag_5,0.00961360309744177,0.007077565738431514,-0.00034947202010019254,negative,0.00034947202010019254
2010,sma20_ratio_lag_5,0.0014572732808192704,0.02679028101100288,-0.011243514749156115,negative,0.011243514749156115
2010,mom24_lag_5,0.0032494373028138248,0.05345726220033512,-0.0006575219744667862,negative,0.0006575219744667862
2010,xz_mom24_lag_5,7.501863882787163e-18,0.9428090415303314,0.0010121388937491542,positive,0.0010121388937491542
2010,xr_mom24_lag_5,0.0,0.6454972243679028,-0.00040009534446511637,negative,0.00040009534446511637
2010,carry_annual_lag_5,0.03486687161881889,0.021594625467286556,-0.0032997894780544216,negative,0.0032997894780544216
2010,xz_carry_lag_5,3.0377265722553654e-18,0.9428090415353457,0.00965732396261637,positive,0.00965732396261637
2010,log_return_lag_4,0.00016348905408399797,0.012012891952915623,0.0019736875084223745,positive,0.0019736875084223745
2010,volatility_lag_4,0.00962255411974561,0.007077125457972108,-0.003248090160653917,negative,0.003248090160653917
2010,sma20_ratio_lag_4,0.0014891348330600775,0.026796308978147845,0.00048343010090002095,positive,0.00048343010090002095
2010,mom24_lag_4,0.0032475561204144444,0.053461325653194086,0.0010620055868618325,positive,0.0010620055868618325
2010,xz_mom24_lag_4,7.528278896458949e-18,0.9428090415303421,-0.0006768268244231386,negative,0.0006768268244231386
2010,xr_mom24_lag_4,0.0,0.6454972243679028,0.00019645780917719826,positive,0.00019645780917719826
2010,carry_annual_lag_4,0.03484107795368791,0.021607120763161815,-0.0010129707869657536,negative,0.0010129707869657536
2010,xz_carry_lag_4,3.3547067363167948e-18,0.942809041535318,-0.012575323714796974,negative,0.012575323714796974
2010,log_return_lag_3,0.00015914862541777238,0.01201321361229247,0.002505031664120955,positive,0.002505031664120955
2010,volatility_lag_3,0.009631423759319267,0.007076693726222246,0.0049414995132929795,positive,0.0049414995132929795
2010,sma20_ratio_lag_3,0.0015152002614845603,0.026800708160175657,-0.004142261039611604,negative,0.004142261039611604
2010,mom24_lag_3,0.003256212597759748,0.053462797912555066,0.0007709696015982181,positive,0.0007709696015982181
2010,xz_mom24_lag_3,7.39620382810002e-18,0.942809041530356,-0.0004311837150336086,negative,0.0004311837150336086
2010,xr_mom24_lag_3,0.0,0.6454972243679028,0.0004475687487295308,positive,0.0004475687487295308
2010,carry_annual_lag_3,0.034815284288556944,0.021619578063621005,0.00416525499769056,positive,0.00416525499769056
2010,xz_carry_lag_3,3.671686900378224e-18,0.9428090415352904,0.001089316617457411,positive,0.001089316617457411
2010,log_return_lag_2,0.00016264075038351946,0.012013691947802104,0.0010254343308469084,positive,0.0010254343308469084
2010,volatility_lag_2,0.0096396036760525,0.00707582599787683,-0.0036639098869127315,negative,0.0036639098869127315
2010,sma20_ratio_lag_2,0.0015431789031466647,0.02680490670018646,-0.000867888304629414,negative,0.000867888304629414
2010,mom24_lag_2,0.0032661381554032363,0.053463977153611855,0.0009856984595973538,positive,0.0009856984595973538
2010,xz_mom24_lag_2,7.264128759741091e-18,0.9428090415303721,0.000593151541167332,positive,0.000593151541167332
2010,xr_mom24_lag_2,0.0,0.6454972243679028,-0.0004621821508076613,negative,0.0004621821508076613
2010,carry_annual_lag_2,0.03478949062342597,0.021631997434306088,-0.0006691998495750983,negative,0.0006691998495750983
2010,xz_carry_lag_2,3.988667064439653e-18,0.9428090415352628,-0.004290327294100284,negative,0.004290327294100284
2010,log_return_lag_1,0.0001452828984982492,0.012022507223934612,0.001122321415615254,positive,0.001122321415615254
2010,volatility_lag_1,0.009647763026885707,0.007075032980852118,-0.0016852544273722213,negative,0.0016852544273722213
2010,sma20_ratio_lag_1,0.0015519134893210262,0.0268070125535164,0.002691353914312427,positive,0.002691353914312427
2010,mom24_lag_1,0.00325654901979248,0.05347094801580716,0.002114660768859096,positive,0.002114660768859096
2010,xz_mom24_lag_1,7.369788814428234e-18,0.9428090415303957,0.000312854461147117,positive,0.000312854461147117
2010,xr_mom24_lag_1,0.0,0.6454972243679028,0.0001857890450911886,positive,0.0001857890450911886
2010,carry_annual_lag_1,0.034763696958294996,0.021644378940508368,-0.00294866616817636,negative,0.00294866616817636
2010,xz_carry_lag_1,4.19998717381394e-18,0.9428090415352351,0.004033626188911866,positive,0.004033626188911866
2010,log_return_lag_0,0.00014793225586637264,0.012022545298343101,0.0027456714754559844,positive,0.0027456714754559844
2010,volatility_lag_0,0.009655456849559941,0.007073994824680639,0.003550588523871419,positive,0.003550588523871419
2010,sma20_ratio_lag_0,0.001561438778338646,0.02680829065895918,-0.008483628527347293,negative,0.008483628527347293
2010,mom24_lag_0,0.0032495230946006,0.05347722207576472,0.0031682659213561485,positive,0.0031682659213561485
2010,xz_mom24_lag_0,7.330166293920555e-18,0.9428090415304236,-0.0003952692060367985,negative,0.0003952692060367985
2010,xr_mom24_lag_0,0.0,0.6454972243679028,-0.0001393291343382893,negative,0.0001393291343382893
2010,carry_annual_lag_0,0.034737202426969656,0.021656982971777757,-0.0028462593957606815,negative,0.0028462593957606815
2010,xz_carry_lag_0,4.583004872054834e-18,0.9428090415352008,0.006919275973874348,positive,0.006919275973874348
2011,log_return_lag_31,0.00014989316112145373,0.011713949808784058,0.00044312373157266797,positive,0.00044312373157266797
2011,volatility_lag_31,0.00966057107287593,0.006429398738855345,-0.0004855934699025036,negative,0.0004855934699025036
2011,sma20_ratio_lag_31,0.001197400605363144,0.025769861251560656,-0.0009017208151051849,negative,0.0009017208151051849
2011,mom24_lag_31,0.0023844600970565474,0.05067185227072895,0.0001641014408982209,positive,0.0001641014408982209
2011,xz_mom24_lag_31,7.05050977051587e-18,0.9428090415296232,-0.00045371422390818813,negative,0.00045371422390818813
2011,xr_mom24_lag_31,0.0,0.6454972243679028,0.0004497320837096085,positive,0.0004497320837096085
2011,carry_annual_lag_31,0.02916506051738403,0.023126052135572586,0.002367030843872079,positive,0.002367030843872079
2011,xz_carry_lag_31,1.8581138487450318e-19,0.942809041530937,-0.0039932375992317885,negative,0.0039932375992317885
2011,log_return_lag_30,0.0001576076224364101,0.011716388825943464,0.0004719124137218891,positive,0.0004719124137218891
2011,volatility_lag_30,0.009667436995939638,0.006430180021804847,-0.0005327186038613769,negative,0.0005327186038613769
2011,sma20_ratio_lag_30,0.0012513100675266991,0.025819982416881698,0.0031367151071803752,positive,0.0031367151071803752
2011,mom24_lag_30,0.002458988700041426,0.05073259533335655,0.00012210772824725331,positive,0.00012210772824725331
2011,xz_mom24_lag_30,7.01954120637012e-18,0.9428090415296487,0.00022843342466757742,positive,0.00022843342466757742
2011,xr_mom24_lag_30,0.0,0.6454972243679028,-0.00019263351685638392,negative,0.00019263351685638392
2011,carry_annual_lag_30,0.029145839272703724,0.023130252161378248,-0.008772890316518041,negative,0.008772890316518041
2011,xz_carry_lag_30,3.096856414575053e-19,0.9428090415309212,0.0037506697956532875,positive,0.0037506697956532875
2011,log_return_lag_29,0.00019230076062504975,0.011773800434310951,0.002344024141875574,positive,0.002344024141875574
2011,volatility_lag_29,0.009675491019003626,0.006432094261204939,0.0007609420092703189,positive,0.0007609420092703189
2011,sma20_ratio_lag_29,0.0013370491002563712,0.025955160138363784,-0.015304818588007675,negative,0.015304818588007675
2011,mom24_lag_29,0.0025533641462348053,0.05082913888897653,-0.0003806826716604329,negative,0.0003806826716604329
2011,xz_mom24_lag_29,7.04018691580062e-18,0.9428090415296748,0.0003764656339530129,positive,0.0003764656339530129
2011,xr_mom24_lag_29,0.0,0.6454972243679028,1.7640387744496593e-05,positive,1.7640387744496593e-05
2011,carry_annual_lag_29,0.02912661802802341,0.023134435454710466,0.007073861469104253,positive,0.007073861469104253
2011,xz_carry_lag_29,4.3355989804050745e-19,0.9428090415309054,0.006268240698443106,positive,0.006268240698443106
2011,log_return_lag_28,0.00017170706889332694,0.0117868714224171,-0.0049116442351360605,negative,0.0049116442351360605
2011,volatility_lag_28,0.009684591970463242,0.006434095345352523,5.512267425108085e-05,positive,5.512267425108085e-05
2011,sma20_ratio_lag_28,0.0013962497428418544,0.026021554289729167,0.01761411120888698,positive,0.01761411120888698
2011,mom24_lag_28,0.002634059261271972,0.05089765615094678,9.594433025141334e-05,positive,9.594433025141334e-05
2011,xz_mom24_lag_28,7.00921835165487e-18,0.9428090415297052,-0.00024069864097123195,negative,0.00024069864097123195
2011,xr_mom24_lag_28,0.0,0.6454972243679028,-0.00022178321116759757,negative,0.00022178321116759757
2011,carry_annual_lag_28,0.0291073967833431,0.02313860202464458,-0.0026078345407417967,negative,0.0026078345407417967
2011,xz_carry_lag_28,5.5743415462350955e-19,0.9428090415308895,-0.0091022544563962,negative,0.0091022544563962
2011,log_return_lag_27,0.0001774361559838922,0.011788926116358829,0.0024642172523728924,positive,0.0024642172523728924
2011,volatility_lag_27,0.009693768163606313,0.0064360149119196495,0.00016114966553904358,positive,0.00016114966553904358
2011,sma20_ratio_lag_27,0.0014565255121664158,0.02609015053011424,-0.004283348125409275,negative,0.004283348125409275
2011,mom24_lag_27,0.0027252415599405095,0.0509948271824732,-7.270630494901742e-05,negative,7.270630494901742e-05
2011,xz_mom24_lag_27,6.936958368648119e-18,0.942809041529747,4.2176578456209945e-05,positive,4.2176578456209945e-05
2011,xr_mom24_lag_27,0.0,0.6454972243679028,3.8158241014098384e-05,positive,3.8158241014098384e-05
2011,carry_annual_lag_27,0.029088175538662792,0.023142751880213298,0.00038760130492638086,positive,0.00038760130492638086
2011,xz_carry_lag_27,6.8130841120651165e-19,0.9428090415308737,0.0062785414991947276,positive,0.0062785414991947276
2011,log_return_lag_26,0.00017827519451864748,0.011788963477513613,0.0003190342562060948,positive,0.0003190342562060948
2011,volatility_lag_26,0.009702938601446883,0.006437867155927442,0.0001710708249607934,positive,0.0001710708249607934
2011,sma20_ratio_lag_26,0.0015131554286817615,0.026146620296822357,-0.007194578299057166,negative,0.007194578299057166
2011,mom24_lag_26,0.0028120047836394367,0.05108577988069076,0.00019607592127903676,positive,0.00019607592127903676
2011,xz_mom24_lag_26,7.04018691580062e-18,0.942809041529791,-0.00032677700169180576,negative,0.00032677700169180576
2011,xr_mom24_lag_26,0.0,0.6454972243679028,7.098426860755071e-05,positive,7.098426860755071e-05
2011,carry_annual_lag_26,0.029068954293982485,0.023146885030406596,-0.0017303607055450306,negative,0.0017303607055450306
2011,xz_carry_lag_26,8.0518266778951385e-19,0.9428090415308579,0.005099414439991877,positive,0.005099414439991877
2011,log_return_lag_25,0.00019058499225497978,0.011791650647404802,-0.0032939782667165437,negative,0.0032939782667165437
2011,volatility_lag_25,0.00971206660163417,0.00643976682270643,0.0004178644892433281,positive,0.0004178644892433281
2011,sma20_ratio_lag_25,0.0015769783544446598,0.026208408991990374,0.005791656095905581,positive,0.005791656095905581
2011,mom24_lag_25,0.0029054643196985445,0.051191946306434165,-0.0005242259701547093,negative,0.0005242259701547093
2011,xz_mom24_lag_25,6.864698385641368e-18,0.9428090415298247,0.0007980634235725679,positive,0.0007980634235725679
2011,xr_mom24_lag_25,0.0,0.6454972243679028,-0.0002730545901755038,negative,0.0002730545901755038
2011,carry_annual_lag_25,0.029049733049302168,0.02315100148417162,-0.001368182913654134,negative,0.001368182913654134
2011,xz_carry_lag_25,9.290569243725159e-19,0.9428090415308421,-0.003332151479928183,negative,0.003332151479928183
2011,log_return_lag_24,0.00016464779144424068,0.01181592864063351,-0.001674890059456559,negative,0.001674890059456559
2011,volatility_lag_24,0.009721770040471424,0.00644253876207238,-0.001569755979879424,negative,0.001569755979879424
2011,sma20_ratio_lag_24,0.0016093499730436146,0.02622225594834995,0.012391882141578752,positive,0.012391882141578752
2011,mom24_lag_24,0.002983332125920171,0.05127320457734211,0.0011472857685060857,positive,0.0011472857685060857
2011,xz_mom24_lag_24,6.462107051746611e-18,0.9428090415298733,-0.0004768698204974273,negative,0.0004768698204974273
2011,xr_mom24_lag_24,0.0,0.6454972243679028,0.00016356018611559718,positive,0.00016356018611559718
2011,carry_annual_lag_24,0.029030511804621843,0.023155101250412664,-0.004183506332186347,negative,0.004183506332186347
2011,xz_carry_lag_24,1.0529311809555181e-18,0.9428090415308263,0.005850022500578919,positive,0.005850022500578919
2011,log_return_lag_23,0.00016298858937796048,0.011815983776516381,0.003462534158330386,positive,0.003462534158330386
2011,volatility_lag_23,0.009731415119513743,0.0064452299131272355,-0.0001255288796927216,negative,0.0001255288796927216
2011,sma20_ratio_lag_23,0.0016357144718398265,0.026233051253976437,-0.009736272977831278,negative,0.009736272977831278
2011,mom24_lag_23,0.003062379866988201,0.051357510805982436,0.0003191595758224544,positive,0.0003191595758224544
2011,xz_mom24_lag_23,6.255649957441607e-18,0.9428090415299265,-0.00019779709497546338,negative,0.00019779709497546338
2011,xr_mom24_lag_23,0.0,0.6454972243679028,-1.172466410740413e-05,negative,1.172466410740413e-05
2011,carry_annual_lag_23,0.029011290559941522,0.02315918433799246,0.001744634731002369,positive,0.001744634731002369
2011,xz_carry_lag_23,1.1768054375385202e-18,0.9428090415308106,-0.005339709947708154,negative,0.005339709947708154
2011,log_return_lag_22,0.0001621890920367184,0.011816471819225235,-0.0007940764391789499,negative,0.0007940764391789499
2011,volatility_lag_22,0.009741187903783824,0.006447929333069861,0.00017528925268421987,positive,0.00017528925268421987
2011,sma20_ratio_lag_22,0.0016566693142925435,0.026236315088334187,-0.004364558235645083,negative,0.004364558235645083
2011,mom24_lag_22,0.0031290841271968918,0.051403280428761904,-0.0006619339201634834,negative,0.0006619339201634834
2011,xz_mom24_lag_22,6.5137213253228616e-18,0.9428090415299711,0.00029333273119129977,positive,0.00029333273119129977
2011,xr_mom24_lag_22,0.0,0.6454972243679028,0.00033550881239852935,positive,0.00033550881239852935
2011,carry_annual_lag_22,0.028992822077485957,0.023162825841954338,0.001387760426869693,positive,0.001387760426869693
2011,xz_carry_lag_22,1.3006796941215223e-18,0.9428090415307966,-0.0008173415700757771,negative,0.0008173415700757771
2011,log_return_lag_21,0.00016523796377433263,0.011818825891107635,-0.003022196374109574,negative,0.003022196374109574
2011,volatility_lag_21,0.009750901909336146,0.006450480274575976,0.0011462040929459765,positive,0.0011462040929459765
2011,sma20_ratio_lag_21,0.001676532994400231,0.026241136357739177,0.01113356926641912,positive,0.01113356926641912
2011,mom24_lag_21,0.003208337058688213,0.05147155628539849,0.0010885503334622793,positive,0.0010885503334622793
2011,xz_mom24_lag_21,6.658241291336364e-18,0.9428090415300142,-0.00013650696508382855,negative,0.00013650696508382855
2011,xr_mom24_lag_21,0.0,0.6454972243679028,-0.00016618026455284492,negative,0.00016618026455284492
2011,carry_annual_lag_21,0.028974353595030394,0.02316645205029481,0.003101092068368558,positive,0.003101092068368558
2011,xz_carry_lag_21,1.4245539507045245e-18,0.9428090415307825,-0.0015493407599351347,negative,0.0015493407599351347
2011,log_return_lag_20,0.00014955825185053708,0.011828596332806286,0.0024588772996747502,positive,0.0024588772996747502
2011,volatility_lag_20,0.009760939247207617,0.0064532865716769834,0.0005854459504173764,positive,0.0005854459504173764
2011,sma20_ratio_lag_20,0.0016777913641252526,0.026241717406528874,-0.007977649275453287,negative,0.007977649275453287
2011,mom24_lag_20,0.003280222560656621,0.051526004352160946,-0.0005358950671438818,negative,0.0005358950671438818
2011,xz_mom24_lag_20,6.751146983773616e-18,0.942809041530072,0.0003325685148436567,positive,0.0003325685148436567
2011,xr_mom24_lag_20,0.0,0.6454972243679028,-0.00022599964849157826,negative,0.00022599964849157826
2011,carry_annual_lag_20,0.02895588511257483,0.02317006297019543,0.007686746568676888,positive,0.007686746568676888
2011,xz_carry_lag_20,1.5484282072875266e-18,0.9428090415307685,-0.009431851700395847,negative,0.009431851700395847
2011,log_return_lag_19,0.00015195188133504433,0.011827837287440905,-0.0013466300033056823,negative,0.0013466300033056823
2011,volatility_lag_19,0.009770859513751624,0.006455953725454427,0.0007894219745351801,positive,0.0007894219745351801
2011,sma20_ratio_lag_19,0.0016803319188404588,0.02624118032704228,-0.00401636380455409,negative,0.00401636380455409
2011,mom24_lag_19,0.0033559382092007164,0.0515706897485973,-0.0004812843450156152,negative,0.0004812843450156152
2011,xz_mom24_lag_19,6.5137213253228616e-18,0.9428090415301222,-2.8248052227365615e-05,negative,2.8248052227365615e-05
2011,xr_mom24_lag_19,0.0,0.6454972243679028,2.2959362423860815e-05,positive,2.2959362423860815e-05
2011,carry_annual_lag_19,0.028937416630119266,0.023173658608802862,-0.005019308027092907,negative,0.005019308027092907
2011,xz_carry_lag_19,1.6723024638705287e-18,0.9428090415307545,0.005090139687239243,positive,0.005090139687239243
2011,log_return_lag_18,0.00017005462295505914,0.011847763901103805,-0.0032370886857351513,negative,0.0032370886857351513
2011,volatility_lag_18,0.009781106813605122,0.006459082380339181,-0.0015663060945104459,negative,0.0015663060945104459
2011,sma20_ratio_lag_18,0.0016984775092121888,0.02624427216835831,0.009226756537371867,positive,0.009226756537371867
2011,mom24_lag_18,0.003454344661530057,0.05165947335393424,-0.0002894191015477651,negative,0.0002894191015477651
2011,xz_mom24_lag_18,6.6995327101973646e-18,0.9428090415301575,-0.00030840435578332925,negative,0.00030840435578332925
2011,xr_mom24_lag_18,0.0,0.6454972243679028,-1.5571135429806188e-05,negative,1.5571135429806188e-05
2011,carry_annual_lag_18,0.028918948147663697,0.023177238973229455,0.0021165374387973677,positive,0.0021165374387973677
2011,xz_carry_lag_18,1.796176720453531e-18,0.9428090415307405,0.0016664845008405606,positive,0.0016664845008405606
2011,log_return_lag_17,0.0001807177071596124,0.011853691489130493,0.0008512263204398899,positive,0.0008512263204398899
2011,volatility_lag_17,0.009791543946333468,0.006462205762149909,-0.00011126007120453869,negative,0.00011126007120453869
2011,sma20_ratio_lag_17,0.001723396423027849,0.02625366908800039,0.0008941661968610832,positive,0.0008941661968610832
2011,mom24_lag_17,0.003555110447463972,0.051741634285395806,0.00018037071812074932,positive,0.00018037071812074932
2011,xz_mom24_lag_17,6.6685641460516146e-18,0.9428090415301849,-0.0004250426414274507,negative,0.0004250426414274507
2011,xr_mom24_lag_17,0.0,0.6454972243679028,0.0004928749060040136,positive,0.0004928749060040136
2011,carry_annual_lag_17,0.02890047966520813,0.023180804070552258,0.0035705882322124294,positive,0.0035705882322124294
2011,xz_carry_lag_17,1.920050977036533e-18,0.9428090415307265,-0.0015254883229918726,negative,0.0015254883229918726
2011,log_return_lag_16,0.0001726270879223678,0.011855857291285224,0.0016334962416844922,positive,0.0016334962416844922
2011,volatility_lag_16,0.009801923684957727,0.006465190640608213,0.0008626759254913565,positive,0.0008626759254913565
2011,sma20_ratio_lag_16,0.0017371350298952823,0.0262569989364259,-0.0012498853028681388,negative,0.0012498853028681388
2011,mom24_lag_16,0.0036351957709986425,0.05179130103712543,-0.0006545400605625724,negative,0.0006545400605625724
2011,xz_mom24_lag_16,6.988572642224369e-18,0.9428090415302135,0.0005090809560664316,positive,0.0005090809560664316
2011,xr_mom24_lag_16,0.0,0.6454972243679028,-0.00014101136221881123,negative,0.00014101136221881123
2011,carry_annual_lag_16,0.028882011182752562,0.023184353907814786,-0.004557982609660863,negative,0.004557982609660863
2011,xz_carry_lag_16,2.043925233619535e-18,0.9428090415307125,-0.0014569524901424523,negative,0.0014569524901424523
2011,log_return_lag_15,0.00016972177902167257,0.011855940174446508,0.0012110848680956655,positive,0.0012110848680956655
2011,volatility_lag_15,0.00981230307820167,0.006468195078697624,-0.0010140307856695366,negative,0.0010140307856695366
2011,sma20_ratio_lag_15,0.001744792510495512,0.02625669148773285,-0.0060292302577229515,negative,0.0060292302577229515
2011,mom24_lag_15,0.0036746726282544215,0.05179512556572485,-0.0002250543734086655,negative,0.0002250543734086655
2011,xz_mom24_lag_15,7.15115760398956e-18,0.9428090415302323,-0.00014251323750477475,negative,0.00014251323750477475
2011,xr_mom24_lag_15,0.0,0.6454972243679028,-1.690236414307605e-05,negative,1.690236414307605e-05
2011,carry_annual_lag_15,0.028863542700296996,0.02318788849202502,-0.0012096832776376796,negative,0.0012096832776376796
2011,xz_carry_lag_15,2.167799490202537e-18,0.9428090415306986,-0.00142053620876515,negative,0.00142053620876515
2011,log_return_lag_14,0.00015895029509480839,0.011862303256123497,-0.0015524603661194805,negative,0.0015524603661194805
2011,volatility_lag_14,0.009822725055320553,0.006471010750532986,-0.0010638956727419503,negative,0.0010638956727419503
2011,sma20_ratio_lag_14,0.001739473707193065,0.026256903792925102,0.0019314775169765174,positive,0.0019314775169765174
2011,mom24_lag_14,0.0037159518163331355,0.05179875838658706,0.0006767284392137299,positive,0.0006767284392137299
2011,xz_mom24_lag_14,7.512457519023317e-18,0.9428090415302525,-0.00010775175073647069,negative,0.00010775175073647069
2011,xr_mom24_lag_14,0.0,0.6454972243679028,6.100622919875015e-05,positive,6.100622919875015e-05
2011,carry_annual_lag_14,0.028845074217841434,0.023191407830156996,-0.0006869333205154775,negative,0.0006869333205154775
2011,xz_carry_lag_14,2.2916737467855393e-18,0.9428090415306846,0.00858279551565856,positive,0.00858279551565856
2011,log_return_lag_13,0.00015954257761015183,0.011862927715831272,-0.0004971808385112378,negative,0.0004971808385112378
2011,volatility_lag_13,0.009833028070337002,0.006473674178393035,0.00039393233278634004,positive,0.00039393233278634004
2011,sma20_ratio_lag_13,0.0017331380032324757,0.02625816942226147,-0.00705741576523261,negative,0.00705741576523261
2011,mom24_lag_13,0.0037767808109432587,0.05181441113398572,-0.0009280444781172112,negative,0.0009280444781172112
2011,xz_mom24_lag_13,7.391163976119127e-18,0.9428090415302696,5.0090182551454696e-05,positive,5.0090182551454696e-05
2011,xr_mom24_lag_13,0.0,0.6454972243679028,-0.0002426622126865406,negative,0.0002426622126865406
2011,carry_annual_lag_13,0.028826605735385865,0.023194911929150904,-0.005694989173549442,negative,0.005694989173549442
2011,xz_carry_lag_13,2.4155480033685413e-18,0.9428090415306705,-0.00011467521756940734,negative,0.00011467521756940734
2011,log_return_lag_12,0.00015631102312948212,0.011863945522489327,-0.0036661696053516993,negative,0.0036661696053516993
2011,volatility_lag_12,0.009843349624674425,0.006476309168000314,0.0021310383550258677,positive,0.0021310383550258677
2011,sma20_ratio_lag_12,0.001722366557078121,0.02626292811273569,-0.001237033552417035,negative,0.001237033552417035
2011,mom24_lag_12,0.0038195035519327752,0.05181886318162707,7.717008644413162e-05,positive,7.717008644413162e-05
2011,xz_mom24_lag_12,7.55632965156313e-18,0.9428090415302731,5.969990423884614e-05,positive,5.969990423884614e-05
2011,xr_mom24_lag_12,0.0,0.6454972243679028,1.3727682192051287e-05,positive,1.3727682192051287e-05
2011,carry_annual_lag_12,0.0288081372529303,0.023198400795911997,0.0019737043675390536,positive,0.0019737043675390536
2011,xz_carry_lag_12,2.5394222599515436e-18,0.9428090415306566,-0.00021347513365988337,negative,0.00021347513365988337
2011,log_return_lag_11,0.0001518290433398078,0.011865381856502943,-0.004217605033891078,negative,0.004217605033891078
2011,volatility_lag_11,0.009853772764322326,0.006478926258533988,-0.0012154970885661872,negative,0.0012154970885661872
2011,sma20_ratio_lag_11,0.0017070965212537628,0.026271027342037376,0.005372846443364669,positive,0.005372846443364669
2011,mom24_lag_11,0.003864338280686684,0.051824766531214844,-0.0006540271997091554,negative,0.0006540271997091554
2011,xz_mom24_lag_11,7.31374256575475e-18,0.9428090415302667,-0.00018044124402486725,negative,0.00018044124402486725
2011,xr_mom24_lag_11,0.0,0.6454972243679028,0.00010555060275877897,positive,0.00010555060275877897
2011,carry_annual_lag_11,0.02878966877047473,0.023201874437311764,0.01336829387183379,positive,0.01336829387183379
2011,xz_carry_lag_11,2.663296516534546e-18,0.9428090415306425,-0.012275924614679024,negative,0.012275924614679024
2011,log_return_lag_10,0.0001577653413840168,0.01186463572449389,-0.002169033127968382,negative,0.002169033127968382
2011,volatility_lag_10,0.00986404963938896,0.0064814709277356075,-0.00015144329780808184,negative,0.00015144329780808184
2011,sma20_ratio_lag_10,0.0016976708537345202,0.026275772076036107,0.012382827182302152,positive,0.012382827182302152
2011,mom24_lag_10,0.003908124253748932,0.051824082220408574,-0.0002168912534286661,negative,0.0002168912534286661
2011,xz_mom24_lag_10,7.205352591244624e-18,0.9428090415302566,-2.580320327698074e-05,negative,2.580320327698074e-05
2011,xr_mom24_lag_10,0.0,0.6454972243679028,-0.00013081181906009827,negative,0.00013081181906009827
2011,carry_annual_lag_10,0.028770910827572903,0.023205402446358072,-0.0018023025391551825,negative,0.0018023025391551825
2011,xz_carry_lag_10,2.952336448561551e-18,0.9428090415306287,0.0071829203438604945,positive,0.0071829203438604945
2011,log_return_lag_9,0.0001596450977583561,0.011864864219489986,0.0036266817611690645,positive,0.0036266817611690645
2011,volatility_lag_9,0.009874299795670772,0.0064838268295917025,0.0005070407104162765,positive,0.0005070407104162765
2011,sma20_ratio_lag_9,0.0016917084602172882,0.026277969759837788,0.0008284483819211227,positive,0.0008284483819211227
2011,mom24_lag_9,0.003941529362200914,0.05181836173764416,0.0002598528049601881,positive,0.0002598528049601881
2011,xz_mom24_lag_9,7.21696580279928e-18,0.9428090415302408,0.0004996091066374072,positive,0.0004996091066374072
2011,xr_mom24_lag_9,0.0,0.6454972243679028,-0.00011453286737209366,negative,0.00011453286737209366
2011,carry_annual_lag_9,0.028752152884671076,0.02320891475854182,-0.0091097442105594,negative,0.0091097442105594
2011,xz_carry_lag_9,3.1587935428665542e-18,0.942809041530615,0.0016681385126491042,positive,0.0016681385126491042
2011,log_return_lag_8,0.00016000971793453161,0.011864670360352757,0.004371975092441941,positive,0.004371975092441941
2011,volatility_lag_8,0.009884336847561964,0.006485973739774259,-2.5983561273374578e-05,negative,2.5983561273374578e-05
2011,sma20_ratio_lag_8,0.0016867067562411386,0.02628059821262945,-0.006818732685685304,negative,0.006818732685685304
2011,mom24_lag_8,0.003971552818962453,0.051813704817955344,-0.001537216421671254,negative,0.001537216421671254
2011,xz_mom24_lag_8,7.282774001609e-18,0.9428090415302245,0.0002087468942267444,positive,0.0002087468942267444
2011,xr_mom24_lag_8,0.0,0.6454972243679028,-8.110719771238169e-05,negative,8.110719771238169e-05
2011,carry_annual_lag_8,0.028733394941769252,0.023212411380988014,0.0037802249103306854,positive,0.0037802249103306854
2011,xz_carry_lag_8,3.4478334748935592e-18,0.9428090415306012,-0.0015458824452620657,negative,0.0015458824452620657
2011,log_return_lag_7,0.00015921062833858121,0.011863594527340695,0.0012706531445496024,positive,0.0012706531445496024
2011,volatility_lag_7,0.009892378722056627,0.006486416722393972,-0.001088702590141297,negative,0.001088702590141297
2011,sma20_ratio_lag_7,0.0016818690970466735,0.026285130504276003,-0.0016798891533907215,negative,0.0016798891533907215
2011,mom24_lag_7,0.003980870286179579,0.05181077455212536,-0.0013465363936170885,negative,0.0013465363936170885
2011,xz_mom24_lag_7,7.267289719536125e-18,0.9428090415302227,-0.0006709539037699534,negative,0.0006709539037699534
2011,xr_mom24_lag_7,0.0,0.6454972243679028,0.00026243542122542454,positive,0.00026243542122542454
2011,carry_annual_lag_7,0.028714636998867418,0.023215892320785782,-0.0035859390463373465,negative,0.0035859390463373465
2011,xz_carry_lag_7,3.736873406920564e-18,0.9428090415305874,0.0035980115323877037,positive,0.0035980115323877037
2011,log_return_lag_6,0.00016572657761822234,0.01186508249754766,0.0002901896550805315,positive,0.0002901896550805315
2011,volatility_lag_6,0.009900225414427146,0.006486780342443714,0.0008754302096194372,positive,0.0008754302096194372
2011,sma20_ratio_lag_6,0.0016840941126398884,0.026285965828066842,0.012195849829353844,positive,0.012195849829353844
2011,mom24_lag_6,0.003988989241361391,0.05180988822305691,-0.0013868217213951375,negative,0.0013868217213951375
2011,xz_mom24_lag_6,7.287935428966625e-18,0.9428090415302351,8.963898960289924e-06,positive,8.963898960289924e-06
2011,xr_mom24_lag_6,0.0,0.6454972243679028,3.210340664307686e-05,positive,3.210340664307686e-05
2011,carry_annual_lag_6,0.02869587905596559,0.02321935758498914,0.009369781452402323,positive,0.009369781452402323
2011,xz_carry_lag_6,4.025913338947569e-18,0.9428090415305735,-0.006941473801359925,negative,0.006941473801359925
2011,log_return_lag_5,0.00017048944456800105,0.011866421332273773,0.005830896440431,positive,0.005830896440431
2011,volatility_lag_5,0.009907401549163702,0.00648668950331162,-0.000177368636116826,negative,0.000177368636116826
2011,sma20_ratio_lag_5,0.0016921009205839357,0.026286215381023794,-0.009857439377667686,negative,0.009857439377667686
2011,mom24_lag_5,0.00396717792530434,0.05182344189135402,-0.0005838530959608876,negative,0.0005838530959608876
2011,xz_mom24_lag_5,7.380841121403877e-18,0.9428090415302413,0.0006676093453000196,positive,0.0006676093453000196
2011,xr_mom24_lag_5,0.0,0.6454972243679028,-0.00015825879001344265,negative,0.00015825879001344265
2011,carry_annual_lag_5,0.028677121113063763,0.0232228071806152,-0.0021973617212064545,negative,0.0021973617212064545
2011,xz_carry_lag_5,4.2323704332525726e-18,0.9428090415305598,0.006203212061810311,positive,0.006203212061810311
2011,log_return_lag_4,0.00017608697205367287,0.01186735209724883,0.0016729466410668205,positive,0.0016729466410668205
2011,volatility_lag_4,0.009914535195426856,0.006486471685343894,-0.0017659434128537068,negative,0.0017659434128537068
2011,sma20_ratio_lag_4,0.001705123900154336,0.0262858714177626,0.00034363012891763036,positive,0.00034363012891763036
2011,mom24_lag_4,0.003971557828464688,0.05182194053746008,0.000916389630530918,positive,0.000916389630530918
2011,xz_mom24_lag_4,7.329226847827625e-18,0.9428090415302418,-0.0004898867468382988,negative,0.0004898867468382988
2011,xr_mom24_lag_4,0.0,0.6454972243679028,-2.5586822022555065e-05,negative,2.5586822022555065e-05
2011,carry_annual_lag_4,0.028658363170161932,0.02322624111464487,-0.0031228491295303973,negative,0.0031228491295303973
2011,xz_carry_lag_4,4.521410365279577e-18,0.9428090415305459,-0.00809373516002492,negative,0.00809373516002492
2011,log_return_lag_3,0.0001736455156206245,0.011867418499301995,0.0021281386745599013,positive,0.0021281386745599013
2011,volatility_lag_3,0.009921525814387197,0.006486202381627718,0.0027222316794390414,positive,0.0027222316794390414
2011,sma20_ratio_lag_3,0.0017151858906206217,0.026286290717789738,-0.003726581988731738,negative,0.003726581988731738
2011,mom24_lag_3,0.0039677671881014195,0.05182471244527694,0.0008431137188448135,positive,0.0008431137188448135
2011,xz_mom24_lag_3,7.251805437463249e-18,0.9428090415302468,-0.00040700449906101325,negative,0.00040700449906101325
2011,xr_mom24_lag_3,0.0,0.6454972243679028,0.0004347539843271602,positive,0.0004347539843271602
2011,carry_annual_lag_3,0.028639605227260105,0.023229659394023463,0.004599984159440356,positive,0.004599984159440356
2011,xz_carry_lag_3,4.8104502973065825e-18,0.9428090415305319,-0.001582942102839631,negative,0.001582942102839631
2011,log_return_lag_2,0.00017606283362696568,0.011868128667361042,0.0008034553034983124,positive,0.0008034553034983124
2011,volatility_lag_2,0.00992844928568742,0.006485899178749035,-0.0018083412790080831,negative,0.0018083412790080831
2011,sma20_ratio_lag_2,0.0017269604552740147,0.0262862287155589,-0.0012312125998636683,negative,0.0012312125998636683
2011,mom24_lag_2,0.003965554827209735,0.05182681651705365,0.0009544972479599074,positive,0.0009544972479599074
2011,xz_mom24_lag_2,7.102124044092122e-18,0.942809041530253,0.0004925931141331965,positive,0.0004925931141331965
2011,xr_mom24_lag_2,0.0,0.6454972243679028,-0.00037818452381103485,negative,0.00037818452381103485
2011,carry_annual_lag_2,0.028620847284358274,0.02323306202566218,-0.0018827171328120347,negative,0.0018827171328120347
2011,xz_carry_lag_2,5.099490229333587e-18,0.942809041530518,-0.0018710136781836444,negative,0.0018710136781836444
2011,log_return_lag_1,0.0001880177485550747,0.01188024995716322,0.0006620350232196196,positive,0.0006620350232196196
2011,volatility_lag_1,0.009935413610316452,0.006485790312176333,-0.0007715404217771518,negative,0.0007715404217771518
2011,sma20_ratio_lag_1,0.001749783676734938,0.02629497492324327,0.0043927251922077,positive,0.0043927251922077
2011,mom24_lag_1,0.00396298758350983,0.05182915333072926,0.0018556185117890981,positive,0.0018556185117890981
2011,xz_mom24_lag_1,7.065994052588746e-18,0.9428090415302656,0.00020325310740162758,positive,0.00020325310740162758
2011,xr_mom24_lag_1,0.0,0.6454972243679028,0.0002611429771856079,positive,0.0002611429771856079
2011,carry_annual_lag_1,0.02860208934145644,0.023236449016433673,-0.002552460664603829,negative,0.002552460664603829
2011,xz_carry_lag_1,5.305947323638591e-18,0.942809041530504,0.0027373059419563126,positive,0.0027373059419563126
2011,log_return_lag_0,0.00019257828381222922,0.011881824343835343,0.003059523908942584,positive,0.003059523908942584
2011,volatility_lag_0,0.009942440139331417,0.006485644238857591,0.0017276140720811131,positive,0.0017276140720811131
2011,sma20_ratio_lag_0,0.0017750932449468754,0.026307348774764008,-0.008978860302333667,negative,0.008978860302333667
2011,mom24_lag_0,0.003990918075877819,0.05183121402767906,0.002938735782517636,positive,0.002938735782517636
2011,xz_mom24_lag_0,6.957604078078619e-18,0.9428090415302884,-0.00034072062832243583,negative,0.00034072062832243583
2011,xr_mom24_lag_0,0.0,0.6454972243679028,-0.0001414103934972644,negative,0.0001414103934972644
2011,carry_annual_lag_0,0.028584017290000457,0.02323974188921705,-0.002371069399259204,negative,0.002371069399259204
2011,xz_carry_lag_0,5.502081563228344e-18,0.9428090415304927,0.0066525011663023026,positive,0.0066525011663023026
2012,log_return_lag_31,0.00010514190484780146,0.01133552905475546,0.00037034316351947685,positive,0.00037034316351947685
2012,volatility_lag_31,0.009607847123169174,0.006033917257169257,-0.0007262197715793778,negative,0.0007262197715793778
2012,sma20_ratio_lag_31,0.00106850251590925,0.025050795582407324,-0.0009053493371042623,negative,0.0009053493371042623
2012,mom24_lag_31,0.0022511224615210474,0.04899702872048168,0.00013340375555832422,positive,0.00013340375555832422
2012,xz_mom24_lag_31,5.7736684213037926e-18,0.9428090415305589,-0.0005018234651667777,negative,0.0005018234651667777
2012,xr_mom24_lag_31,0.0,0.6454972243679028,0.00048143884616543627,positive,0.00048143884616543627
2012,carry_annual_lag_31,0.02595743608341434,0.023025600205735054,0.0028653435491308764,positive,0.0028653435491308764
2012,xz_carry_lag_31,2.723628458654689e-18,0.942809041529852,-0.0035474348436070353,negative,0.0035474348436070353
2012,log_return_lag_30,0.00010654001359559838,0.01133444344561616,0.00034888303987141615,positive,0.00034888303987141615
2012,volatility_lag_30,0.009610040858364179,0.006033355069856899,0.00013381702567476613,positive,0.00013381702567476613
2012,sma20_ratio_lag_30,0.0010796171389643651,0.02504994066647247,0.0030528601740827718,positive,0.0030528601740827718
2012,mom24_lag_30,0.0022738292784453564,0.0490005814752254,8.530763956999057e-05,positive,8.530763956999057e-05
2012,xz_mom24_lag_30,5.7651902004208206e-18,0.9428090415305436,0.00044139192760109377,positive,0.00044139192760109377
2012,xr_mom24_lag_30,0.0,0.6454972243679028,-0.0003643096347468497,negative,0.0003643096347468497
2012,carry_annual_lag_30,0.025944847834306256,0.023024978200324252,-0.00966045832995786,negative,0.00966045832995786
2012,xz_carry_lag_30,2.859279992782238e-18,0.9428090415298411,0.0043613759612380915,positive,0.0043613759612380915
2012,log_return_lag_29,0.0001058219686370731,0.011334098459743529,0.0020959423975860795,positive,0.0020959423975860795
2012,volatility_lag_29,0.009612283157304178,0.0060327886852965685,0.0003637138128172254,positive,0.0003637138128172254
2012,sma20_ratio_lag_29,0.0010894934493324024,0.02504607834514717,-0.01493606345213821,negative,0.01493606345213821
2012,mom24_lag_29,0.002292433267788603,0.04900129288784751,-0.00022473376921682117,negative,0.00022473376921682117
2012,xz_mom24_lag_29,5.909319955431341e-18,0.9428090415305154,0.00010268648630114172,positive,0.00010268648630114172
2012,xr_mom24_lag_29,0.0,0.6454972243679028,8.1500451428576e-05,positive,8.1500451428576e-05
2012,carry_annual_lag_29,0.025932259585198174,0.023024349295656853,0.007477099044306212,positive,0.007477099044306212
2012,xz_carry_lag_29,2.9949315269097867e-18,0.9428090415298301,0.004036749775599915,positive,0.004036749775599915
2012,log_return_lag_28,0.00010500001596599904,0.011334346329694255,-0.0049702224118317855,negative,0.0049702224118317855
2012,volatility_lag_28,0.009614818526070408,0.006031937862036691,7.674711097186698e-05,positive,7.674711097186698e-05
2012,sma20_ratio_lag_28,0.001098196989982027,0.0250457801193006,0.016955870012482305,positive,0.016955870012482305
2012,mom24_lag_28,0.002301484534921657,0.04900050359533274,-2.24227553415353e-05,negative,2.24227553415353e-05
2012,xz_mom24_lag_28,5.9347546180802564e-18,0.9428090415305039,-2.895605846276207e-05,negative,2.895605846276207e-05
2012,xr_mom24_lag_28,0.0,0.6454972243679028,-0.00025757546401228043,negative,0.00025757546401228043
2012,carry_annual_lag_28,0.02591967133609009,0.023023713491168163,-0.0016893449656496587,negative,0.0016893449656496587
2012,xz_carry_lag_28,3.130583061037335e-18,0.9428090415298191,-0.008593533390746578,negative,0.008593533390746578
2012,log_return_lag_27,0.00010734633911253025,0.011334686903257058,0.0020402829515091354,positive,0.0020402829515091354
2012,volatility_lag_27,0.009617313428966342,0.00603104523605183,5.178814913634394e-05,positive,5.178814913634394e-05
2012,sma20_ratio_lag_27,0.0011086689967358325,0.02504636830711839,-0.0034540865784866135,negative,0.0034540865784866135
2012,mom24_lag_27,0.0023156719667710595,0.04900301351363715,-6.12819650153608e-05,negative,6.12819650153608e-05
2012,xz_mom24_lag_27,5.8414941883675665e-18,0.9428090415305169,-1.6461945065144364e-05,negative,1.6461945065144364e-05
2012,xr_mom24_lag_27,0.0,0.6454972243679028,0.00011232315462961044,positive,0.00011232315462961044
2012,carry_annual_lag_27,0.025907083086982013,0.02302307078628663,0.00031360182260589583,positive,0.00031360182260589583
2012,xz_carry_lag_27,3.266234595164884e-18,0.9428090415298083,0.005755637099305081,positive,0.005755637099305081
2012,log_return_lag_26,0.00010407367277698258,0.01133596843312457,0.00024196385510219433,positive,0.00024196385510219433
2012,volatility_lag_26,0.00961989116986017,0.006030131147077864,0.00025515684393487335,positive,0.00025515684393487335
2012,sma20_ratio_lag_26,0.0011150811939357435,0.025045762306096706,-0.006873062059171135,negative,0.006873062059171135
2012,mom24_lag_26,0.002329221262119732,0.049006052293852014,0.00024307126048188883,positive,0.00024307126048188883
2012,xz_mom24_lag_26,5.8499724092505385e-18,0.9428090415305338,-0.0002691510176587961,negative,0.0002691510176587961
2012,xr_mom24_lag_26,0.0,0.6454972243679028,6.286537602983493e-05,positive,6.286537602983493e-05
2012,carry_annual_lag_26,0.025894494837873934,0.023022421180433354,-0.002454456037805777,negative,0.002454456037805777
2012,xz_carry_lag_26,3.4018861292924326e-18,0.9428090415297974,0.00646582401733152,positive,0.00646582401733152
2012,log_return_lag_25,0.00010689731575878024,0.011335072322078504,-0.003224633811715221,negative,0.003224633811715221
2012,volatility_lag_25,0.009622301553633578,0.006029223377055757,0.00043841216522229364,positive,0.00043841216522229364
2012,sma20_ratio_lag_25,0.0011230466117055113,0.025043729292928345,0.005101052307805847,positive,0.005101052307805847
2012,mom24_lag_25,0.002339208240692398,0.0490080519701551,-0.0004473862502382764,negative,0.0004473862502382764
2012,xz_mom24_lag_25,5.883885292782426e-18,0.9428090415305439,0.0006181715422124048,positive,0.0006181715422124048
2012,xr_mom24_lag_25,0.0,0.6454972243679028,-0.00022467754355719237,negative,0.00022467754355719237
2012,carry_annual_lag_25,0.025881906588765845,0.023021764673025462,-0.0012349936953633242,negative,0.0012349936953633242
2012,xz_carry_lag_25,3.5375376634199814e-18,0.9428090415297865,-0.0032795338285928266,negative,0.0032795338285928266
2012,log_return_lag_24,0.000105346601646233,0.011335027785737585,-0.0018748346060760315,negative,0.0018748346060760315
2012,volatility_lag_24,0.009624601877061385,0.006028347415140633,-0.0012502384218153406,negative,0.0012502384218153406
2012,sma20_ratio_lag_24,0.0011283585572354818,0.02504380867305948,0.011633736650118269,positive,0.011633736650118269
2012,mom24_lag_24,0.002348347380160861,0.049011592112249085,0.0010973289026526946,positive,0.0010973289026526946
2012,xz_mom24_lag_24,5.7651902004208206e-18,0.9428090415305714,-0.00045158175893594534,negative,0.00045158175893594534
2012,xr_mom24_lag_24,0.0,0.6454972243679028,0.00020589557621755893,positive,0.00020589557621755893
2012,carry_annual_lag_24,0.025869318339657752,0.02302110126347156,-0.004467031394338924,negative,0.004467031394338924
2012,xz_carry_lag_24,3.67318919754753e-18,0.9428090415297756,0.005415696818107092,positive,0.005415696818107092
2012,log_return_lag_23,0.0001008579375763644,0.011335823559200996,0.0029010737758430965,positive,0.0029010737758430965
2012,volatility_lag_23,0.009626729019027966,0.006027517256281227,-1.54462125551605e-05,negative,1.54462125551605e-05
2012,sma20_ratio_lag_23,0.0011282194732217656,0.02504573301850884,-0.00836792697286412,negative,0.00836792697286412
2012,mom24_lag_23,0.002353886002781777,0.049014396321160836,0.0001769985843970822,positive,0.0001769985843970822
2012,xz_mom24_lag_23,5.671929770708131e-18,0.942809041530604,-5.7587575679197566e-05,negative,5.7587575679197566e-05
2012,xr_mom24_lag_23,0.0,0.6454972243679028,-0.00014587933503223472,negative,0.00014587933503223472
2012,carry_annual_lag_23,0.025856730090549663,0.02302043095117555,0.00249228843482324,positive,0.00249228843482324
2012,xz_carry_lag_23,3.808840731675079e-18,0.9428090415297646,-0.00536111118373015,negative,0.00536111118373015
2012,log_return_lag_22,0.00010283180237743217,0.011335248859048257,-0.0007722610146642645,negative,0.0007722610146642645
2012,volatility_lag_22,0.009628894743478769,0.0060266609611244444,0.00018714762434904905,positive,0.00018714762434904905
2012,sma20_ratio_lag_22,0.0011290334311258403,0.025046916294190927,-0.003826715707555224,negative,0.003826715707555224
2012,mom24_lag_22,0.0023678190440642663,0.049016435651963244,-0.0005392271715738389,negative,0.0005392271715738389
2012,xz_mom24_lag_22,5.71432087512299e-18,0.942809041530628,0.00013326479611205228,positive,0.00013326479611205228
2012,xr_mom24_lag_22,0.0,0.6454972243679028,0.0002780192578776973,positive,0.0002780192578776973
2012,carry_annual_lag_22,0.02584421421252764,0.023019719507836496,0.001310128683107693,positive,0.001310128683107693
2012,xz_carry_lag_22,3.846992725648452e-18,0.9428090415297538,-0.001069446779966471,negative,0.001069446779966471
2012,log_return_lag_21,9.435972230512593e-05,0.011339863444904959,-0.0027067993642625647,negative,0.0027067993642625647
2012,volatility_lag_21,0.009631267474873749,0.006025767692413314,0.0007664015031889767,positive,0.0007664015031889767
2012,sma20_ratio_lag_21,0.0011209658002382776,0.025052356150794982,0.010763227959118219,positive,0.010763227959118219
2012,mom24_lag_21,0.00238033820378587,0.04901871628415592,0.0009253061951023768,positive,0.0009253061951023768
2012,xz_mom24_lag_21,5.866928851016482e-18,0.9428090415306508,-0.00017836067758766894,negative,0.00017836067758766894
2012,xr_mom24_lag_21,0.0,0.6454972243679028,-4.467227297493025e-05,negative,4.467227297493025e-05
2012,carry_annual_lag_21,0.025831698334505618,0.02301900123738339,0.001977639685317835,positive,0.001977639685317835
2012,xz_carry_lag_21,3.8809056091803394e-18,0.9428090415297428,-0.0012813381589445916,negative,0.0012813381589445916
2012,log_return_lag_20,0.00010145318229319298,0.011346716831424682,0.002545684553586439,positive,0.002545684553586439
2012,volatility_lag_20,0.009633526289005911,0.006024854530980521,0.0004540728683364633,positive,0.0004540728683364633
2012,sma20_ratio_lag_20,0.0011193247483073593,0.025054305110951275,-0.007755918808828727,negative,0.007755918808828727
2012,mom24_lag_20,0.002399784486988812,0.04902529179625073,-0.00034522664677291617,negative,0.00034522664677291617
2012,xz_mom24_lag_20,5.9517110598462e-18,0.9428090415306952,0.00017932822108161892,positive,0.00017932822108161892
2012,xr_mom24_lag_20,0.0,0.6454972243679028,-6.228428484234363e-05,negative,6.228428484234363e-05
2012,carry_annual_lag_20,0.025819182456483597,0.023018276139178354,0.008216898860580534,positive,0.008216898860580534
2012,xz_carry_lag_20,3.914818492712226e-18,0.9428090415297319,-0.008485690234722842,negative,0.008485690234722842
2012,log_return_lag_19,0.00010262910987469022,0.011346693822213412,-0.001100500442880267,negative,0.001100500442880267
2012,volatility_lag_19,0.009635698847357963,0.006023966885210701,9.64836029822647e-05,positive,9.64836029822647e-05
2012,sma20_ratio_lag_19,0.0011186456584526625,0.025055836274343952,-0.004008277754178379,negative,0.004008277754178379
2012,mom24_lag_19,0.0024217982194445486,0.04902578816480259,-0.0005820561083149207,negative,0.0005820561083149207
2012,xz_mom24_lag_19,6.1297536983886075e-18,0.9428090415307233,6.890663297229131e-05,positive,6.890663297229131e-05
2012,xr_mom24_lag_19,0.0,0.6454972243679028,-3.989031207086535e-05,negative,3.989031207086535e-05
2012,carry_annual_lag_19,0.025806666578461576,0.02301754421257586,-0.005123758511425726,negative,0.005123758511425726
2012,xz_carry_lag_19,3.948731376244113e-18,0.942809041529721,0.0035639722689304303,positive,0.0035639722689304303
2012,log_return_lag_18,0.00010386781067068595,0.011346858679617561,-0.0030131286554727433,negative,0.0030131286554727433
2012,volatility_lag_18,0.009637806601581339,0.006023076797374983,-0.0010298237021239844,negative,0.0010298237021239844
2012,sma20_ratio_lag_18,0.0011188534271102822,0.02505696622812133,0.009006056334994841,positive,0.009006056334994841
2012,mom24_lag_18,0.0024431097888238523,0.04902706944759736,-0.0003077104726122309,negative,0.0003077104726122309
2012,xz_mom24_lag_18,6.061927931324834e-18,0.9428090415307374,-4.057881986831158e-05,negative,4.057881986831158e-05
2012,xr_mom24_lag_18,0.0,0.6454972243679028,-0.00014574818866488928,negative,0.00014574818866488928
2012,carry_annual_lag_18,0.02579415070043955,0.02301680545692323,0.0017100725990320978,positive,0.0017100725990320978
2012,xz_carry_lag_18,3.982644259776001e-18,0.9428090415297101,0.003383492212268377,positive,0.003383492212268377
2012,log_return_lag_17,0.00010863534280174965,0.0113476265382584,0.0009967917020111715,positive,0.0009967917020111715
2012,volatility_lag_17,0.009640025912589827,0.006022111849415789,0.00023539275666661604,positive,0.00023539275666661604
2012,sma20_ratio_lag_17,0.0011233556637838724,0.02505711120295131,0.0010710072675955953,positive,0.0010710072675955953
2012,mom24_lag_17,0.0024675690561368068,0.049026177986891815,8.618295770009693e-05,positive,8.618295770009693e-05
2012,xz_mom24_lag_17,6.078884373090777e-18,0.9428090415307444,-0.0004445999754726465,negative,0.0004445999754726465
2012,xr_mom24_lag_17,0.0,0.6454972243679028,0.000510860037141566,positive,0.000510860037141566
2012,carry_annual_lag_17,0.025781634822417528,0.023016059871564534,0.0040308700789020374,positive,0.0040308700789020374
2012,xz_carry_lag_17,4.016557143307888e-18,0.9428090415296991,-0.002404415256636628,negative,0.002404415256636628
2012,log_return_lag_16,0.00010313595176594764,0.011348302934857932,0.0018213353709918868,positive,0.0018213353709918868
2012,volatility_lag_16,0.009642330870156564,0.006021111644636865,0.0003741910997210789,positive,0.0003741910997210789
2012,sma20_ratio_lag_16,0.001122002618907946,0.02505825287852893,-0.0007858638747182319,negative,0.0007858638747182319
2012,mom24_lag_16,0.002480941675473926,0.04902417836289673,-0.0008504160841227961,negative,0.0008504160841227961
2012,xz_mom24_lag_16,6.121275477505636e-18,0.9428090415307501,0.000516518006363631,positive,0.000516518006363631
2012,xr_mom24_lag_16,0.0,0.6454972243679028,-0.00022427716363221693,negative,0.00022427716363221693
2012,carry_annual_lag_16,0.0257691189443955,0.023015307455834702,-0.004719201229183354,negative,0.004719201229183354
2012,xz_carry_lag_16,4.050470026839775e-18,0.9428090415296883,-0.0014772907353956472,negative,0.0014772907353956472
2012,log_return_lag_15,0.00010824295237391775,0.011349732209421958,0.0015569574002755467,positive,0.0015569574002755467
2012,volatility_lag_15,0.009644682172792355,0.006020119897386779,-0.0005953739627856417,negative,0.0005953739627856417
2012,sma20_ratio_lag_15,0.0011254246993743127,0.02505794958846911,-0.006238108197977322,negative,0.006238108197977322
2012,mom24_lag_15,0.0024905613680994165,0.049022010488297844,-0.00024340270855461514,negative,0.00024340270855461514
2012,xz_mom24_lag_15,6.191220799790153e-18,0.9428090415307563,-0.00015188755489114396,negative,0.00015188755489114396
2012,xr_mom24_lag_15,0.0,0.6454972243679028,-9.755166375758294e-06,negative,9.755166375758294e-06
2012,carry_annual_lag_15,0.02575660306637348,0.023014548209065105,-0.001761749081306096,negative,0.001761749081306096
2012,xz_carry_lag_15,4.0843829103716626e-18,0.9428090415296774,-0.0014265416892687193,negative,0.0014265416892687193
2012,log_return_lag_14,0.00010567602622587586,0.011350366611915486,-0.0012906617322031005,negative,0.0012906617322031005
2012,volatility_lag_14,0.009647176069490908,0.006019018801907279,-0.0011400987113006575,negative,0.0011400987113006575
2012,sma20_ratio_lag_14,0.00112603879309834,0.025057469792790756,0.002214260482044492,positive,0.002214260482044492
2012,mom24_lag_14,0.0024991130170202132,0.04902055547323003,0.0005429540004864347,positive,0.0005429540004864347
2012,xz_mom24_lag_14,6.3258125563073306e-18,0.9428090415307694,-0.00016249424426908543,negative,0.00016249424426908543
2012,xr_mom24_lag_14,0.0,0.6454972243679028,0.00016975420358648235,positive,0.00016975420358648235
2012,carry_annual_lag_14,0.025744087188351458,0.023013782130578416,0.0007301661324459589,positive,0.0007301661324459589
2012,xz_carry_lag_14,4.118295793903549e-18,0.9428090415296665,0.007733634510301856,positive,0.007733634510301856
2012,log_return_lag_13,0.00011386210984456788,0.011352612783098145,-0.00010860060885549156,negative,0.00010860060885549156
2012,volatility_lag_13,0.009649543876304052,0.0060179633690302554,0.0007089302799049145,positive,0.0007089302799049145
2012,sma20_ratio_lag_13,0.0011346954938636154,0.0250579249010872,-0.007032655332335214,negative,0.007032655332335214
2012,mom24_lag_13,0.002513334294778939,0.049018365075348035,-0.0009571575316615463,negative,0.0009571575316615463
2012,xz_mom24_lag_13,6.324752778696959e-18,0.942809041530784,-3.9017960713017084e-05,negative,3.9017960713017084e-05
2012,xr_mom24_lag_13,0.0,0.6454972243679028,-0.00029295301064577255,negative,0.00029295301064577255
2012,carry_annual_lag_13,0.025731762222891478,0.02301279924846069,-0.006681687113081735,negative,0.006681687113081735
2012,xz_carry_lag_13,4.177643340084352e-18,0.9428090415296548,0.0022244373428747283,positive,0.0022244373428747283
2012,log_return_lag_12,0.00011313154448248292,0.011352882993719459,-0.0032970756197631124,negative,0.0032970756197631124
2012,volatility_lag_12,0.009651929076155415,0.006016916405229225,0.001523384403885958,positive,0.001523384403885958
2012,sma20_ratio_lag_12,0.0011425759574414623,0.025057638350959473,-0.0007803350169858184,negative,0.0007803350169858184
2012,mom24_lag_12,0.0025308027035272026,0.04901847875117223,-0.00019032649156719693,negative,0.00019032649156719693
2012,xz_mom24_lag_12,6.350187441345875e-18,0.9428090415308059,3.5644369677248055e-05,positive,3.5644369677248055e-05
2012,xr_mom24_lag_12,0.0,0.6454972243679028,9.134352795792523e-05,positive,9.134352795792523e-05
2012,carry_annual_lag_12,0.0257194372574315,0.023011809723196774,0.0018574658348173721,positive,0.0018574658348173721
2012,xz_carry_lag_12,4.245469107148126e-18,0.9428090415296434,-0.0013497890926586977,negative,0.0013497890926586977
2012,log_return_lag_11,0.00010873722200448145,0.011354977369112514,-0.003704039735706856,negative,0.003704039735706856
2012,volatility_lag_11,0.009654466888094326,0.006015809174376435,-0.0010290799141261001,negative,0.0010290799141261001
2012,sma20_ratio_lag_11,0.001145850252581566,0.02505615217005156,0.004640100077533758,positive,0.004640100077533758
2012,mom24_lag_11,0.002537318845706875,0.04901753703992568,-0.0007585508280463526,negative,0.0007585508280463526
2012,xz_mom24_lag_11,6.307796336931015e-18,0.9428090415308148,1.1463488325305941e-05,positive,1.1463488325305941e-05
2012,xr_mom24_lag_11,0.0,0.6454972243679028,-3.389558947238707e-05,negative,3.389558947238707e-05
2012,carry_annual_lag_11,0.025707112291971524,0.02301081355393037,0.013614426470221,positive,0.013614426470221
2012,xz_carry_lag_11,4.313294874211901e-18,0.9428090415296317,-0.012152690281466906,negative,0.012152690281466906
2012,log_return_lag_10,0.00011883367630510405,0.011358932043608288,-0.0019480900743327383,negative,0.0019480900743327383
2012,volatility_lag_10,0.009657097265580296,0.006014755795937825,0.000279023262206711,positive,0.000279023262206711
2012,sma20_ratio_lag_10,0.0011586385506084096,0.025055544109360877,0.011498457815936041,positive,0.011498457815936041
2012,mom24_lag_10,0.0025551574429899205,0.04901332396231551,-0.0003961372099091727,negative,0.0003961372099091727
2012,xz_mom24_lag_10,6.307796336931015e-18,0.942809041530815,-0.0001120973210664406,negative,0.0001120973210664406
2012,xr_mom24_lag_10,0.0,0.6454972243679028,-5.942569382512235e-05,negative,5.942569382512235e-05
2012,carry_annual_lag_10,0.025694549590956024,0.023009836592043906,-0.0021106744236362098,negative,0.0021106744236362098
2012,xz_carry_lag_10,4.516772175403223e-18,0.9428090415296203,0.006073234482181075,positive,0.006073234482181075
2012,log_return_lag_9,0.000122128237746529,0.011358741689617195,0.003393786120920449,positive,0.003393786120920449
2012,volatility_lag_9,0.009659735842097046,0.006013674897578239,-8.068384091583828e-05,negative,8.068384091583828e-05
2012,sma20_ratio_lag_9,0.0011738855046693286,0.025054009405158516,0.00046889389222293595,positive,0.00046889389222293595
2012,mom24_lag_9,0.0025670234400377843,0.04900914274911575,0.0001408484536544255,positive,0.0001408484536544255
2012,xz_mom24_lag_9,6.316274557813987e-18,0.942809041530814,0.00039268820420076223,positive,0.00039268820420076223
2012,xr_mom24_lag_9,0.0,0.6454972243679028,-5.2017478469575714e-05,negative,5.2017478469575714e-05
2012,carry_annual_lag_9,0.025681986889940528,0.023008852729513994,-0.009227530442982829,negative,0.009227530442982829
2012,xz_carry_lag_9,4.6524237095307726e-18,0.9428090415296089,0.002737042893622844,positive,0.002737042893622844
2012,log_return_lag_8,0.00012557101550543916,0.011359034739184384,0.003930789855923306,positive,0.003930789855923306
2012,volatility_lag_8,0.009662295427140009,0.006012586711074062,0.00020939454454384525,positive,0.00020939454454384525
2012,sma20_ratio_lag_8,0.0011915823591805788,0.02505386803481943,-0.007062426134689466,negative,0.007062426134689466
2012,mom24_lag_8,0.0025801214764945776,0.04900558703371329,-0.0013338213008024478,negative,0.0013338213008024478
2012,xz_mom24_lag_8,6.37562210399479e-18,0.9428090415308131,0.00039607608438410906,positive,0.00039607608438410906
2012,xr_mom24_lag_8,0.0,0.6454972243679028,-0.00021288564706803252,negative,0.00021288564706803252
2012,carry_annual_lag_8,0.02566942418892503,0.023007861965455352,0.003125753742577227,positive,0.003125753742577227
2012,xz_carry_lag_8,4.855901010722096e-18,0.9428090415295977,-0.0008318631135154581,negative,0.0008318631135154581
2012,log_return_lag_7,0.00012351096542225263,0.011358049116015992,0.0007169031862894132,positive,0.0007169031862894132
2012,volatility_lag_7,0.009664485747331026,0.006011567172260943,-0.0009789253691327297,negative,0.0009789253691327297
2012,sma20_ratio_lag_7,0.001206411007106605,0.025053832631034556,-0.00046650191258170684,negative,0.00046650191258170684
2012,mom24_lag_7,0.0025984905370690287,0.049003693990763986,-0.0012533771422308883,negative,0.0012533771422308883
2012,xz_mom24_lag_7,6.324752778696959e-18,0.9428090415308201,-0.0007841527218744354,negative,0.0007841527218744354
2012,xr_mom24_lag_7,0.0,0.6454972243679028,0.0002393374610969608,positive,0.0002393374610969608
2012,carry_annual_lag_7,0.025656861487909532,0.023006864298976436,-0.002555473722311651,negative,0.002555473722311651
2012,xz_carry_lag_7,5.059378311913419e-18,0.9428090415295862,0.002799090899784312,positive,0.002799090899784312
2012,log_return_lag_6,0.00012203418713921725,0.011357643618512164,0.0003075925853854994,positive,0.0003075925853854994
2012,volatility_lag_6,0.009666580396800285,0.006010598223019238,0.0005543411146250188,positive,0.0005543411146250188
2012,sma20_ratio_lag_6,0.0012188487385744436,0.025053272892235873,0.01149110853403504,positive,0.01149110853403504
2012,mom24_lag_6,0.0026139847106126488,0.049002926409307,-0.001262801685272294,negative,0.001262801685272294
2012,xz_mom24_lag_6,6.290839895165072e-18,0.9428090415308281,0.00014286831075008082,positive,0.00014286831075008082
2012,xr_mom24_lag_6,0.0,0.6454972243679028,5.2097863066162455e-05,positive,5.2097863066162455e-05
2012,carry_annual_lag_6,0.025644298786894035,0.02300585972917974,0.010775276466672663,positive,0.010775276466672663
2012,xz_carry_lag_6,5.262855613104742e-18,0.9428090415295748,-0.008767439959210943,negative,0.008767439959210943
2012,log_return_lag_5,0.00012200019849994715,0.011358095259726331,0.0055482085541091256,positive,0.0055482085541091256
2012,volatility_lag_5,0.0096686703424063,0.006009648188019721,-6.333466750270476e-05,negative,6.333466750270476e-05
2012,sma20_ratio_lag_5,0.0012304837439005604,0.025052166451725706,-0.009831582004779146,negative,0.009831582004779146
2012,mom24_lag_5,0.002630162940475521,0.049001972784826195,-0.00046160415569535245,negative,0.00046160415569535245
2012,xz_mom24_lag_5,6.2230141281012974e-18,0.9428090415308261,0.0004940346027019604,positive,0.0004940346027019604
2012,xr_mom24_lag_5,0.0,0.6454972243679028,2.4461917201784502e-05,positive,2.4461917201784502e-05
2012,carry_annual_lag_5,0.025631736085878536,0.023004848255160006,-0.0036975101415153665,negative,0.0036975101415153665
2012,xz_carry_lag_5,5.3985071472322905e-18,0.9428090415295634,0.007767950021660374,positive,0.007767950021660374
2012,log_return_lag_4,0.00012320625167586933,0.011358058171275675,0.0013959910933048015,positive,0.0013959910933048015
2012,volatility_lag_4,0.009670592746380713,0.006008708371628488,-0.0014884632548411146,negative,0.0014884632548411146
2012,sma20_ratio_lag_4,0.0012424384866528994,0.025051355670560597,-0.0002965937723011223,negative,0.0002965937723011223
2012,mom24_lag_4,0.0026483691761853925,0.04899881720609276,0.0010116663778310555,positive,0.0010116663778310555
2012,xz_mom24_lag_4,6.087362593973749e-18,0.9428090415308238,-0.00042133156086939785,negative,0.00042133156086939785
2012,xr_mom24_lag_4,0.0,0.6454972243679028,-0.0001641618603956947,negative,0.0001641618603956947
2012,carry_annual_lag_4,0.025619173384863036,0.023003829876006816,-0.003052525676723348,negative,0.003052525676723348
2012,xz_carry_lag_4,5.6019844484236136e-18,0.9428090415295519,-0.008310164680964637,negative,0.008310164680964637
2012,log_return_lag_3,0.00012661491754885625,0.011359617597742918,0.0015514385839822966,positive,0.0015514385839822966
2012,volatility_lag_3,0.009672438764088112,0.006007794356115803,0.0024548044299279137,positive,0.0024548044299279137
2012,sma20_ratio_lag_3,0.0012565705381514163,0.025052888327144793,-0.0032330865612276776,negative,0.0032330865612276776
2012,mom24_lag_3,0.0026676377546217176,0.04899755017126694,0.0008993967322423932,positive,0.0008993967322423932
2012,xz_mom24_lag_3,6.002580385144031e-18,0.9428090415308272,-0.0003342912250309327,negative,0.0003342912250309327
2012,xr_mom24_lag_3,0.0,0.6454972243679028,0.00036467856481023873,positive,0.00036467856481023873
2012,carry_annual_lag_3,0.02560661068384754,0.023002804590803595,0.0038094267608241414,positive,0.0038094267608241414
2012,xz_carry_lag_3,5.805461749614937e-18,0.9428090415295404,-0.0010389253957717782,negative,0.0010389253957717782
2012,log_return_lag_2,0.00012185976066971335,0.011362487986131738,0.0004406907512139284,positive,0.0004406907512139284
2012,volatility_lag_2,0.009674422299123537,0.006006852968500434,-0.0012880166746444951,negative,0.0012880166746444951
2012,sma20_ratio_lag_2,0.0012649271187145927,0.02505186414968797,-0.00082060764447338,negative,0.00082060764447338
2012,mom24_lag_2,0.002685423842514446,0.0489954493311581,0.0009456528287274567,positive,0.0009456528287274567
2012,xz_mom24_lag_2,5.833015967484595e-18,0.9428090415308293,0.0003813863189174769,positive,0.0003813863189174769
2012,xr_mom24_lag_2,0.0,0.6454972243679028,-0.0002018762041696839,negative,0.0002018762041696839
2012,carry_annual_lag_2,0.02559404798283204,0.023001772398625962,-0.001185753654333784,negative,0.001185753654333784
2012,xz_carry_lag_2,6.00893905080626e-18,0.9428090415295288,-0.0014460224382476655,negative,0.0014460224382476655
2012,log_return_lag_1,0.00011614205702869221,0.011363235301484375,0.00047202104423380064,positive,0.00047202104423380064
2012,volatility_lag_1,0.009676173591067637,0.006005997454786224,-0.0009219091552282932,negative,0.0009219091552282932
2012,sma20_ratio_lag_1,0.0012665059983547465,0.02505207998852814,0.004559128090338182,positive,0.004559128090338182
2012,mom24_lag_1,0.002694668583784357,0.04899551557648214,0.001801140938662414,positive,0.001801140938662414
2012,xz_mom24_lag_1,5.8499724092505385e-18,0.9428090415308377,0.00019417576698594003,positive,0.00019417576698594003
2012,xr_mom24_lag_1,0.0,0.6454972243679028,0.00017044608223220194,positive,0.00017044608223220194
2012,carry_annual_lag_1,0.025581485281816536,0.023000733298544806,-0.0022789860874449057,negative,0.0022789860874449057
2012,xz_carry_lag_1,6.144590584933808e-18,0.9428090415295173,0.0026370843053999575,positive,0.0026370843053999575
2012,log_return_lag_0,0.0001122894526334238,0.011365250464648384,0.0029669364189280423,positive,0.0029669364189280423
2012,volatility_lag_0,0.009678030717753451,0.006005088848301545,0.0014261020593583145,positive,0.0014261020593583145
2012,sma20_ratio_lag_0,0.0012637070629247184,0.025053316225926287,-0.008678158561399764,negative,0.008678158561399764
2012,mom24_lag_0,0.0027016114347715487,0.048994331675254736,0.0029231770673455388,positive,0.0029231770673455388
2012,xz_mom24_lag_0,5.866928851016482e-18,0.9428090415308449,-0.00031573233284583183,negative,0.00031573233284583183
2012,xr_mom24_lag_0,0.0,0.6454972243679028,-0.00013723775937429393,negative,0.00013723775937429393
2012,carry_annual_lag_0,0.025569097422918276,0.022999741863212627,-0.0023470270491926398,negative,0.0023470270491926398
2012,xz_carry_lag_0,6.362904772670332e-18,0.9428090415295067,0.005864818801316597,positive,0.005864818801316597
2013,log_return_lag_31,0.00013160190505841834,0.011012977910267398,9.808712211213387e-05,positive,9.808712211213387e-05
2013,volatility_lag_31,0.009467796641424355,0.005676618880315104,-0.0003357693169276808,negative,0.0003357693169276808
2013,sma20_ratio_lag_31,0.0012408152099746632,0.024488554572092727,-9.660961971724084e-05,negative,9.660961971724084e-05
2013,mom24_lag_31,0.0026929195435207534,0.04782321821474255,0.0001192950127934404,positive,0.0001192950127934404
2013,xz_mom24_lag_31,3.0497866047364197e-18,0.9428090415299708,-0.0005466906829724712,negative,0.0005466906829724712
2013,xr_mom24_lag_31,0.0,0.6454972243679028,0.00043584218483420884,positive,0.00043584218483420884
2013,carry_annual_lag_31,0.023952166985957594,0.02248739775744612,-0.00014995482022312734,negative,0.00014995482022312734
2013,xz_carry_lag_31,4.420875626128001e-18,0.9428090415286658,-0.0003542716697402084,negative,0.0003542716697402084
2013,log_return_lag_30,0.0001344950586363529,0.011011922012529119,0.0001623214807093691,positive,0.0001623214807093691
2013,volatility_lag_30,0.00946886120479643,0.005676147529031342,-4.584216714304391e-05,negative,4.584216714304391e-05
2013,sma20_ratio_lag_30,0.001261473723329417,0.024496370678862643,-6.491194541702448e-05,negative,6.491194541702448e-05
2013,mom24_lag_30,0.002720417687117087,0.0478348017250288,0.00016641811617780096,positive,0.00016641811617780096
2013,xz_mom24_lag_30,3.1936444634504017e-18,0.9428090415299846,0.0003125724410117058,positive,0.0003125724410117058
2013,xr_mom24_lag_30,0.0,0.6454972243679028,-0.0003639086828669688,negative,0.0003639086828669688
2013,carry_annual_lag_30,0.02394101837751513,0.02248568700102388,-0.0012192073446810818,negative,0.0012192073446810818
2013,xz_carry_lag_30,4.478418769613594e-18,0.9428090415286534,-2.6654307896217605e-05,negative,2.6654307896217605e-05
2013,log_return_lag_29,0.00014565062125287132,0.011017214555685908,0.00018393885720401128,positive,0.00018393885720401128
2013,volatility_lag_29,0.00947000449129332,0.005675652163007081,7.778253046034944e-05,positive,7.778253046034944e-05
2013,sma20_ratio_lag_29,0.0012916626853396122,0.024511876848411333,-0.0018286214209455385,negative,0.0018286214209455385
2013,mom24_lag_29,0.00275301270436747,0.0478491582337018,-0.0003080431148965811,negative,0.0003080431148965811
2013,xz_mom24_lag_29,3.1217155340934107e-18,0.9428090415299941,0.00023815286728252191,positive,0.00023815286728252191
2013,xr_mom24_lag_29,0.0,0.6454972243679028,0.00019884662794931565,positive,0.00019884662794931565
2013,carry_annual_lag_29,0.02392986976907267,0.022483970586431458,0.0007522253963498812,positive,0.0007522253963498812
2013,xz_carry_lag_29,4.535961913099186e-18,0.942809041528641,0.0014790105380506448,positive,0.0014790105380506448
2013,log_return_lag_28,0.00014350288518120047,0.011016635753218757,-0.0008097915161055531,negative,0.0008097915161055531
2013,volatility_lag_28,0.00947156688044258,0.005674855852356308,0.00039471904035033643,positive,0.00039471904035033643
2013,sma20_ratio_lag_28,0.0013179016084920348,0.024528342825878693,0.0028072887110081788,positive,0.0028072887110081788
2013,mom24_lag_28,0.002784860729269873,0.04786366233790082,-3.4760819890063495e-05,negative,3.4760819890063495e-05
2013,xz_mom24_lag_28,3.1217155340934107e-18,0.9428090415300105,-0.00011372900261178356,negative,0.00011372900261178356
2013,xr_mom24_lag_28,0.0,0.6454972243679028,-0.00024773100714693187,negative,0.00024773100714693187
2013,carry_annual_lag_28,0.023918721160630204,0.022482248512372162,-0.001323123305754657,negative,0.001323123305754657
2013,xz_carry_lag_28,4.5935050565847795e-18,0.9428090415286284,-0.00018444782024914345,negative,0.00018444782024914345
2013,log_return_lag_27,0.00013905447382142437,0.011018412569023025,0.00015615199177392141,positive,0.00015615199177392141
2013,volatility_lag_27,0.009473279216793752,0.005673998555419276,-0.00016892821980860545,negative,0.00016892821980860545
2013,sma20_ratio_lag_27,0.001338113811440088,0.024535898066494553,-0.00013203901237351291,negative,0.00013203901237351291
2013,mom24_lag_27,0.00281628360113527,0.04788002089143216,-2.6772281108962317e-06,negative,2.6772281108962317e-06
2013,xz_mom24_lag_27,3.12890842702911e-18,0.9428090415300299,5.2091625736503634e-05,positive,5.2091625736503634e-05
2013,xr_mom24_lag_27,0.0,0.6454972243679028,7.049044690504515e-05,positive,7.049044690504515e-05
2013,carry_annual_lag_27,0.023907572552187745,0.0224805207775467,0.0006907829138442477,positive,0.0006907829138442477
2013,xz_carry_lag_27,4.6510482000703726e-18,0.942809041528616,0.0016537929525125158,positive,0.0016537929525125158
2013,log_return_lag_26,0.0001412012754847917,0.011019209018380096,-0.00010415743686483603,negative,0.00010415743686483603
2013,volatility_lag_26,0.00947492137267818,0.0056731473818989395,0.0001674552701527186,positive,0.0001674552701527186
2013,sma20_ratio_lag_26,0.0013586165896772398,0.024543808268273147,-0.0013072408981476974,negative,0.0013072408981476974
2013,mom24_lag_26,0.0028487829460326123,0.04789979676716358,-7.712142522968725e-05,negative,7.712142522968725e-05
2013,xz_mom24_lag_26,3.085751069414915e-18,0.9428090415300551,-3.734484402773195e-05,negative,3.734484402773195e-05
2013,xr_mom24_lag_26,0.0,0.6454972243679028,-2.108089052076703e-05,negative,2.108089052076703e-05
2013,carry_annual_lag_26,0.023896423943745283,0.022478787380647673,0.00012643296623745693,positive,0.00012643296623745693
2013,xz_carry_lag_26,4.708591343555965e-18,0.9428090415286036,0.001182284869026815,positive,0.001182284869026815
2013,log_return_lag_25,0.00015069260866450014,0.011021527623597765,-0.0009185815560008066,negative,0.0009185815560008066
2013,volatility_lag_25,0.009476551133853442,0.005672302990185018,9.931914929558124e-05,positive,9.931914929558124e-05
2013,sma20_ratio_lag_25,0.0013863481211144105,0.024555511746957616,0.001509592274435138,positive,0.001509592274435138
2013,mom24_lag_25,0.002889805554691586,0.047930507510596417,6.047169460717096e-05,positive,6.047169460717096e-05
2013,xz_mom24_lag_25,2.992243461250827e-18,0.9428090415300716,0.00040754361173391196,positive,0.00040754361173391196
2013,xr_mom24_lag_25,0.0,0.6454972243679028,-0.00021276383282763236,negative,0.00021276383282763236
2013,carry_annual_lag_25,0.023885275335302818,0.022477048320366136,-0.000993939030320981,negative,0.000993939030320981
2013,xz_carry_lag_25,4.766134487041558e-18,0.9428090415285911,-0.00026981634893328475,negative,0.00026981634893328475
2013,log_return_lag_24,0.00014574816244740756,0.011021201079955868,-0.0006338274948913042,negative,0.0006338274948913042
2013,volatility_lag_24,0.009477852325415141,0.005671592954300685,-0.00038182040078929184,negative,0.00038182040078929184
2013,sma20_ratio_lag_24,0.001406961356027404,0.024563733565008895,0.0030583434059722643,positive,0.0030583434059722643
2013,mom24_lag_24,0.0029282849109691237,0.04796200229404968,0.00022102398549348482,positive,0.00022102398549348482
2013,xz_mom24_lag_24,2.517512527494686e-18,0.9428090415301007,-0.000520496696119982,negative,0.000520496696119982
2013,xr_mom24_lag_24,0.0,0.6454972243679028,0.0002241531776057542,positive,0.0002241531776057542
2013,carry_annual_lag_24,0.023874126726860345,0.02247530359538863,-0.001232665710866985,negative,0.001232665710866985
2013,xz_carry_lag_24,4.8236776305271504e-18,0.9428090415285787,-0.0001910069564527483,negative,0.0001910069564527483
2013,log_return_lag_23,0.00014272144242770816,0.011021044264580535,0.0004637354780188245,positive,0.0004637354780188245
2013,volatility_lag_23,0.009479066210303812,0.005670910500993606,0.00015615327991682444,positive,0.00015615327991682444
2013,sma20_ratio_lag_23,0.0014225101968047234,0.02456895533668135,-0.001247557786539517,negative,0.001247557786539517
2013,mom24_lag_23,0.0029590715023161676,0.04798273695294731,2.9837001717103425e-05,positive,2.9837001717103425e-05
2013,xz_mom24_lag_23,2.229796810066722e-18,0.9428090415301269,0.00011327927768122056,positive,0.00011327927768122056
2013,xr_mom24_lag_23,0.0,0.6454972243679028,-4.208149227181138e-05,negative,4.208149227181138e-05
2013,carry_annual_lag_23,0.023862978118417876,0.022473553204394085,-2.698473450614308e-06,negative,2.698473450614308e-06
2013,xz_carry_lag_23,4.8812207740127435e-18,0.9428090415285663,-0.0008131663548324805,negative,0.0008131663548324805
2013,log_return_lag_22,0.00014620205963489208,0.011020660714695714,-9.11712097982266e-05,negative,9.11712097982266e-05
2013,volatility_lag_22,0.009480245169521487,0.005670229001291737,-0.0006157941503753207,negative,0.0006157941503753207
2013,sma20_ratio_lag_22,0.0014396485738080074,0.024573191469768562,-0.0003782259998565857,negative,0.0003782259998565857
2013,mom24_lag_22,0.003001438411743788,0.048009471415088094,-0.00023506910910263244,negative,0.00023506910910263244
2013,xz_mom24_lag_22,2.1290963089669344e-18,0.9428090415301518,-4.831925676974476e-05,negative,4.831925676974476e-05
2013,xr_mom24_lag_22,0.0,0.6454972243679028,0.00023519444622728292,positive,0.00023519444622728292
2013,carry_annual_lag_22,0.023851829509975407,0.02247179714605972,0.0008917509375640443,positive,0.0008917509375640443
2013,xz_carry_lag_22,4.938763917498337e-18,0.9428090415285538,-0.0009430685498164079,negative,0.0009430685498164079
2013,log_return_lag_21,0.00014685259975580383,0.011020879749641766,-0.0003445496579459996,negative,0.0003445496579459996
2013,volatility_lag_21,0.009481400265421469,0.0056695461569490485,0.0007811124246385587,positive,0.0007811124246385587
2013,sma20_ratio_lag_21,0.0014553554270084548,0.024577429255192053,0.001809280557549956,positive,0.001809280557549956
2013,mom24_lag_21,0.003044866082827324,0.0480388626931264,0.0002522459089019862,positive,0.0002522459089019862
2013,xz_mom24_lag_21,1.9133095208959613e-18,0.9428090415301743,-0.0002000519198807572,negative,0.0002000519198807572
2013,xr_mom24_lag_21,0.0,0.6454972243679028,-0.00016011544074929254,negative,0.00016011544074929254
2013,carry_annual_lag_21,0.023840680901532938,0.022470035419055585,0.0011939160938394479,positive,0.0011939160938394479
2013,xz_carry_lag_21,4.996307060983929e-18,0.9428090415285414,-0.0008011723087258794,negative,0.0008011723087258794
2013,log_return_lag_20,0.00015382433392900337,0.011026539743762208,0.0006240448915830543,positive,0.0006240448915830543
2013,volatility_lag_20,0.009482800061561639,0.005668760273351499,0.0001456448214341756,positive,0.0001456448214341756
2013,sma20_ratio_lag_20,0.001475910128931089,0.024589434334835396,-0.0016111022880689401,negative,0.0016111022880689401
2013,mom24_lag_20,0.0030947579116197502,0.048077400081082584,-0.00034146371478776735,negative,0.00034146371478776735
2013,xz_mom24_lag_20,1.834187698603271e-18,0.9428090415302093,0.00031302311112011224,positive,0.00031302311112011224
2013,xr_mom24_lag_20,0.0,0.6454972243679028,4.215647953810012e-05,positive,4.215647953810012e-05
2013,carry_annual_lag_20,0.02382928626107449,0.02246818236621582,0.0013645619454238217,positive,0.0013645619454238217
2013,xz_carry_lag_20,5.1349388334243174e-18,0.9428090415285271,-0.0009683233712763452,negative,0.0009683233712763452
2013,log_return_lag_19,0.0001622132365647439,0.011027108859920177,-0.00015960735787578907,negative,0.00015960735787578907
2013,volatility_lag_19,0.009483984723301078,0.005668062806292081,0.00023582508092480524,positive,0.00023582508092480524
2013,sma20_ratio_lag_19,0.0015021252972194153,0.024603934848232402,-0.000659573382583012,negative,0.000659573382583012
2013,mom24_lag_19,0.0031536704346429374,0.04811851262277196,-1.8710930403449453e-05,negative,1.8710930403449453e-05
2013,xz_mom24_lag_19,1.8917308420888643e-18,0.9428090415302397,8.279860266998112e-05,positive,8.279860266998112e-05
2013,xr_mom24_lag_19,0.0,0.6454972243679028,-0.0001530086595347487,negative,0.0001530086595347487
2013,carry_annual_lag_19,0.02381789162061604,0.022466323381313446,0.00023079508441025282,positive,0.00023079508441025282
2013,xz_carry_lag_19,5.2787966921382995e-18,0.9428090415285127,-6.43942391610182e-05,negative,6.43942391610182e-05
2013,log_return_lag_18,0.00016538609037472615,0.011028227258891807,-0.00035909420559769275,negative,0.00035909420559769275
2013,volatility_lag_18,0.009485170074524592,0.005667368805155103,-0.0008980456138010393,negative,0.0008980456138010393
2013,sma20_ratio_lag_18,0.0015290442742618812,0.02462154370449033,0.0021424734456541696,positive,0.0021424734456541696
2013,mom24_lag_18,0.0032103986430310205,0.04815916552574324,-0.0004193344303511869,negative,0.0004193344303511869
2013,xz_mom24_lag_18,1.5824364458538026e-18,0.9428090415302577,3.632432578318631e-05,positive,3.632432578318631e-05
2013,xr_mom24_lag_18,0.0,0.6454972243679028,-1.3776797045379648e-06,negative,1.3776797045379648e-06
2013,carry_annual_lag_18,0.023806496980157583,0.022464458462876726,0.0008654298443502143,positive,0.0008654298443502143
2013,xz_carry_lag_18,5.4226545508522815e-18,0.9428090415284985,0.0005235221000314316,positive,0.0005235221000314316
2013,log_return_lag_17,0.00015968295466415732,0.011032275134604447,0.0005287385146147195,positive,0.0005287385146147195
2013,volatility_lag_17,0.009486653278989924,0.005666545539816799,0.0003553114737515304,positive,0.0003553114737515304
2013,sma20_ratio_lag_17,0.0015475864084954192,0.024627190718303642,0.0008389758513745438,positive,0.0008389758513745438
2013,mom24_lag_17,0.0032650703304602895,0.048188223093745805,-0.0002625176114391234,negative,0.0002625176114391234
2013,xz_mom24_lag_17,1.1580557626475556e-18,0.9428090415302642,-0.000561464909175683,negative,0.000561464909175683
2013,xr_mom24_lag_17,0.0,0.6454972243679028,0.0003773668612587085,positive,0.0003773668612587085
2013,carry_annual_lag_17,0.023795102339699132,0.02246258760942786,0.00027075717344368514,positive,0.00027075717344368514
2013,xz_carry_lag_17,5.5665124095662635e-18,0.9428090415284843,0.00010975213255309036,positive,0.00010975213255309036
2013,log_return_lag_16,0.00015652812820813531,0.011032457739386135,0.0010318846989389552,positive,0.0010318846989389552
2013,volatility_lag_16,0.00948816093278939,0.005665695351290006,0.0004056268965020265,positive,0.0004056268965020265
2013,sma20_ratio_lag_16,0.0015610827946799946,0.024631208314843122,-0.0011442315882043497,negative,0.0011442315882043497
2013,mom24_lag_16,0.0033140731176049348,0.04821192408353404,-0.0001749036269439058,negative,0.0001749036269439058
2013,xz_mom24_lag_16,1.0645481544834672e-18,0.9428090415302728,0.0004461427772919693,positive,0.0004461427772919693
2013,xr_mom24_lag_16,0.0,0.6454972243679028,-8.540641143916188e-05,negative,8.540641143916188e-05
2013,carry_annual_lag_16,0.02378370769924068,0.02246071081948332,-0.0012811938976699285,negative,0.0012811938976699285
2013,xz_carry_lag_16,5.7103702682802456e-18,0.94280904152847,-0.0007687148734340935,negative,0.0007687148734340935
2013,log_return_lag_15,0.0001476261691593231,0.011038801890432758,0.0005625285547957209,positive,0.0005625285547957209
2013,volatility_lag_15,0.009489972776889838,0.005664772333570406,-0.0006414555274057956,negative,0.0006414555274057956
2013,sma20_ratio_lag_15,0.0015643026182481125,0.02462994369918075,-0.0023516508748728914,negative,0.0023516508748728914
2013,mom24_lag_15,0.0033553149618032714,0.04822336239560437,-0.0005608892461494364,negative,0.0005608892461494364
2013,xz_mom24_lag_15,1.4529643730112188e-18,0.942809041530274,-0.00014470344500820177,negative,0.00014470344500820177
2013,xr_mom24_lag_15,0.0,0.6454972243679028,-7.620035867732735e-05,negative,7.620035867732735e-05
2013,carry_annual_lag_15,0.02377231305878223,0.022458828091555364,-0.0009801663362085304,negative,0.0009801663362085304
2013,xz_carry_lag_15,5.854228126994228e-18,0.9428090415284558,-0.00011231652379113912,negative,0.00011231652379113912
2013,log_return_lag_14,0.00014353660278492065,0.011039707624141996,-0.0006108973501402751,negative,0.0006108973501402751
2013,volatility_lag_14,0.009491888687246154,0.005663758222085572,-0.0003151275623059554,negative,0.0003151275623059554
2013,sma20_ratio_lag_14,0.0015623609547072157,0.02462920165319927,-2.3615334900444287e-05,negative,2.3615334900444287e-05
2013,mom24_lag_14,0.0033839465625995105,0.04822420822514733,-1.9364565370264056e-07,negative,1.9364565370264056e-07
2013,xz_mom24_lag_14,1.3450709789757323e-18,0.9428090415302656,-6.872192816687076e-05,negative,6.872192816687076e-05
2013,xr_mom24_lag_14,0.0,0.6454972243679028,0.00014495343273440172,positive,0.00014495343273440172
2013,carry_annual_lag_14,0.023760918418323777,0.02245693942415016,0.0004410007514677586,positive,0.0004410007514677586
2013,xz_carry_lag_14,5.99808598570821e-18,0.9428090415284416,0.0016593239084656904,positive,0.0016593239084656904
2013,log_return_lag_13,0.0001427480226742745,0.01104045638710298,-0.0005834267680503283,negative,0.0005834267680503283
2013,volatility_lag_13,0.009493873250185655,0.0056627346658161834,0.0005171895569649079,positive,0.0005171895569649079
2013,sma20_ratio_lag_13,0.0015586586951592402,0.024629728780057328,-0.0015156339235575195,negative,0.0015156339235575195
2013,mom24_lag_13,0.003414669782194365,0.048225221432232096,-0.0004485527383375622,negative,0.0004485527383375622
2013,xz_mom24_lag_13,1.3091065142972368e-18,0.9428090415302558,0.00010676827570223993,positive,0.00010676827570223993
2013,xr_mom24_lag_13,0.0,0.6454972243679028,-0.00034648476005633095,negative,0.00034648476005633095
2013,carry_annual_lag_13,0.023749523777865322,0.022455044815769647,-0.0008402757361928951,negative,0.0008402757361928951
2013,xz_carry_lag_13,6.141943844422192e-18,0.9428090415284273,4.5400924832367554e-05,positive,4.5400924832367554e-05
2013,log_return_lag_12,0.00015067325731426417,0.011044170249728699,-0.001266895812153931,negative,0.001266895812153931
2013,volatility_lag_12,0.009495982757219124,0.005661687251290917,0.0007298474280197426,positive,0.0007298474280197426
2013,sma20_ratio_lag_12,0.0015617706813067882,0.02462866205973986,-0.0003114604805628679,negative,0.0003114604805628679
2013,mom24_lag_12,0.0034458317969825957,0.0482296672302854,-0.000190149013691737,negative,0.000190149013691737
2013,xz_mom24_lag_12,1.2623527102151926e-18,0.942809041530257,1.2576400856039134e-05,positive,1.2576400856039134e-05
2013,xr_mom24_lag_12,0.0,0.6454972243679028,0.00017841228001219263,positive,0.00017841228001219263
2013,carry_annual_lag_12,0.023738129137406874,0.022453144264908704,0.0006449867480303713,positive,0.0006449867480303713
2013,xz_carry_lag_12,6.285801703136174e-18,0.942809041528413,-0.00038092611720522807,negative,0.00038092611720522807
2013,log_return_lag_11,0.0001465749255528899,0.011045639761397961,-0.0013779445615590758,negative,0.0013779445615590758
2013,volatility_lag_11,0.009498216210489234,0.005660604905288151,-0.0005901164118752269,negative,0.0005901164118752269
2013,sma20_ratio_lag_11,0.0015600581266413008,0.024628464325127115,0.0020603383617340608,positive,0.0020603383617340608
2013,mom24_lag_11,0.0034696299842109637,0.04822995035933939,-0.0005637000594617863,negative,0.0005637000594617863
2013,xz_mom24_lag_11,1.0573552615477682e-18,0.9428090415302511,-7.544847222216106e-05,negative,7.544847222216106e-05
2013,xr_mom24_lag_11,0.0,0.6454972243679028,-2.655115748715389e-06,negative,2.655115748715389e-06
2013,carry_annual_lag_11,0.02372673449694842,0.022451237770059165,0.0020220034746347092,positive,0.0020220034746347092
2013,xz_carry_lag_11,6.429659561850156e-18,0.9428090415283987,-0.0006185193008918883,negative,0.0006185193008918883
2013,log_return_lag_10,0.00014935921391708007,0.011045185958184664,-0.0006587827276635751,negative,0.0006587827276635751
2013,volatility_lag_10,0.009500379540234753,0.005659562633627785,-1.4304954674085964e-07,negative,1.4304954674085964e-07
2013,sma20_ratio_lag_10,0.0015603789106594676,0.024627496179323374,0.0029846692271501924,positive,0.0029846692271501924
2013,mom24_lag_10,0.003497232820190455,0.04822784091679254,-0.00033502868530060605,negative,0.00033502868530060605
2013,xz_mom24_lag_10,1.0645481544834672e-18,0.9428090415302359,-0.0002012023330057514,negative,0.0002012023330057514
2013,xr_mom24_lag_10,0.0,0.6454972243679028,-3.9636698739343686e-05,negative,3.9636698739343686e-05
2013,carry_annual_lag_10,0.02371513816247639,0.02244933002625476,0.0004964478677319553,positive,0.0004964478677319553
2013,xz_carry_lag_10,6.688603707535323e-18,0.9428090415283846,0.00028822910510752423,positive,0.00028822910510752423
2013,log_return_lag_9,0.00014755848088785693,0.011045401423763835,0.0007045367157357532,positive,0.0007045367157357532
2013,volatility_lag_9,0.009502609595387585,0.005658489124535055,-0.00030985358989904396,negative,0.00030985358989904396
2013,sma20_ratio_lag_9,0.0015588123963156464,0.024627060555104652,0.0011150643108999746,positive,0.0011150643108999746
2013,mom24_lag_9,0.0035222917048799937,0.04822406394606157,0.00016817828019270595,positive,0.00016817828019270595
2013,xz_mom24_lag_9,9.85426332190777e-19,0.9428090415302193,0.0005084312846929529,positive,0.0005084312846929529
2013,xr_mom24_lag_9,0.0,0.6454972243679028,-0.00018248710672383523,negative,0.00018248710672383523
2013,carry_annual_lag_9,0.023703541828004365,0.022447416129652148,-0.0012725663795588491,negative,0.0012725663795588491
2013,xz_carry_lag_9,6.8900047097348984e-18,0.9428090415283706,-0.00036403295934289633,negative,0.00036403295934289633
2013,log_return_lag_8,0.00014739285848651602,0.011045530898284679,0.0012798600599465005,positive,0.0012798600599465005
2013,volatility_lag_8,0.009504836631339759,0.005657413839682076,0.0003453031828450136,positive,0.0003453031828450136
2013,sma20_ratio_lag_8,0.0015569112483576001,0.024627748394890885,-0.0019728817146503737,negative,0.0019728817146503737
2013,mom24_lag_8,0.003540827366883274,0.04822041051550915,-0.00048573577896516266,negative,0.00048573577896516266
2013,xz_mom24_lag_8,1.0645481544834672e-18,0.942809041530211,0.00021734026918053038,positive,0.00021734026918053038
2013,xr_mom24_lag_8,0.0,0.6454972243679028,-0.00013643470155889908,negative,0.00013643470155889908
2013,carry_annual_lag_8,0.02369194549353234,0.0224454960786755,0.0002808179845560144,positive,0.0002808179845560144
2013,xz_carry_lag_8,7.148948855420066e-18,0.9428090415283565,-0.00013428192309372923,negative,0.00013428192309372923
2013,log_return_lag_7,0.00015033529030355632,0.011045161918948767,0.0004676693470582362,positive,0.0004676693470582362
2013,volatility_lag_7,0.00950702141703463,0.00565638305421759,-0.0005782440364250171,negative,0.0005782440364250171
2013,sma20_ratio_lag_7,0.001557393655834792,0.024628497650822437,0.00039672273712146983,positive,0.00039672273712146983
2013,mom24_lag_7,0.003559560752128412,0.04821898871240446,-0.00040102720581079005,negative,0.00040102720581079005
2013,xz_mom24_lag_7,1.0213907968692725e-18,0.9428090415302165,-0.0005763052129440611,negative,0.0005763052129440611
2013,xr_mom24_lag_7,0.0,0.6454972243679028,0.00020701887120561912,positive,0.00020701887120561912
2013,carry_annual_lag_7,0.023680349159060306,0.022443569871747324,0.00025544529754924667,positive,0.00025544529754924667
2013,xz_carry_lag_7,7.407893001105233e-18,0.9428090415283424,-6.234728106315902e-06,negative,6.234728106315902e-06
2013,log_return_lag_6,0.00014743527139496763,0.011045415416873799,0.0006666133450495174,positive,0.0006666133450495174
2013,volatility_lag_6,0.009508954450045565,0.005655402608946636,5.2666514109312624e-05,positive,5.2666514109312624e-05
2013,sma20_ratio_lag_6,0.001554701730083643,0.02463103694642409,0.0021067835172562757,positive,0.0021067835172562757
2013,mom24_lag_6,0.0035725009648870255,0.04821807701384902,-0.00028540284745133505,negative,0.00028540284745133505
2013,xz_mom24_lag_6,1.0789339403548655e-18,0.9428090415302237,-0.0002278663624931429,negative,0.0002278663624931429
2013,xr_mom24_lag_6,0.0,0.6454972243679028,0.00013377298140763386,positive,0.00013377298140763386
2013,carry_annual_lag_6,0.02366875282458828,0.02244163750728061,0.001469077962630925,positive,0.001469077962630925
2013,xz_carry_lag_6,7.666837146790401e-18,0.9428090415283282,0.0001293340317970917,positive,0.0001293340317970917
2013,log_return_lag_5,0.00014443514039645113,0.011046275103060983,0.0016023169213882525,positive,0.0016023169213882525
2013,volatility_lag_5,0.009510853960600984,0.0056544350797240635,0.00027088171363442445,positive,0.00027088171363442445
2013,sma20_ratio_lag_5,0.0015493654702410575,0.02463567330142097,-0.002496503626771905,negative,0.002496503626771905
2013,mom24_lag_5,0.003571285484030604,0.04821754893503129,3.964455316726152e-05,positive,3.964455316726152e-05
2013,xz_mom24_lag_5,1.0070050109978744e-18,0.9428090415302187,0.0006555720234763768,positive,0.0006555720234763768
2013,xr_mom24_lag_5,0.0,0.6454972243679028,-2.2159921198480333e-05,negative,2.2159921198480333e-05
2013,carry_annual_lag_5,0.023657156490116252,0.022439698983686373,-0.0005229725868685297,negative,0.0005229725868685297
2013,xz_carry_lag_5,7.868238148989977e-18,0.9428090415283141,-0.00012499651581369267,negative,0.00012499651581369267
2013,log_return_lag_4,0.00014668301495390158,0.011046733703335988,0.000674428154222044,positive,0.000674428154222044
2013,volatility_lag_4,0.009512779734288308,0.005653417001617815,-0.00047245102703004696,negative,0.00047245102703004696
2013,sma20_ratio_lag_4,0.0015461669248873803,0.024637829195158435,-0.00021708891454672513,negative,0.00021708891454672513
2013,mom24_lag_4,0.003574465613803306,0.04821564225941113,0.0003791916630553043,positive,0.0003791916630553043
2013,xz_mom24_lag_4,9.638476533836798e-19,0.942809041530215,-0.00028047074490806557,negative,0.00028047074490806557
2013,xr_mom24_lag_4,0.0,0.6454972243679028,-0.00013152568549850072,negative,0.00013152568549850072
2013,carry_annual_lag_4,0.023645560155644223,0.02243775429936681,-0.00123948609380203,negative,0.00123948609380203
2013,xz_carry_lag_4,8.127182294675144e-18,0.9428090415282999,-0.0015612529249859446,negative,0.0015612529249859446
2013,log_return_lag_3,0.00014204069339507182,0.01104778089633089,0.0007142662445057688,positive,0.0007142662445057688
2013,volatility_lag_3,0.00951473243522821,0.005652400244071668,0.000892154668327047,positive,0.000892154668327047
2013,sma20_ratio_lag_3,0.001538424337072235,0.024643148564161232,-0.000693210373537017,negative,0.000693210373537017
2013,mom24_lag_3,0.003577451833376953,0.048213602871333056,0.0005071904611836295,positive,0.0005071904611836295
2013,xz_mom24_lag_3,9.566547604479807e-19,0.9428090415302076,-0.00037158619567923034,negative,0.00037158619567923034
2013,xr_mom24_lag_3,0.0,0.6454972243679028,0.0003205352563131081,positive,0.0003205352563131081
2013,carry_annual_lag_3,0.023633963821172194,0.022435803452720938,0.0001310672580008808,positive,0.0001310672580008808
2013,xz_carry_lag_3,8.386126440360312e-18,0.9428090415282857,-0.0004782747801324544,negative,0.0004782747801324544
2013,log_return_lag_2,0.00015110694324547326,0.011052412004256666,0.0005867405411852214,positive,0.0005867405411852214
2013,volatility_lag_2,0.00951688787893949,0.0056513270692918095,-0.0008136944328841639,negative,0.0008136944328841639
2013,sma20_ratio_lag_2,0.0015393748026609085,0.02464284992743079,-0.0010217089197228982,negative,0.0010217089197228982
2013,mom24_lag_2,0.003587357501137633,0.04821111321660758,0.0006655334860220552,positive,0.0006655334860220552
2013,xz_mom24_lag_2,8.271826876053968e-19,0.9428090415302078,0.00015779085203315827,positive,0.00015779085203315827
2013,xr_mom24_lag_2,0.0,0.6454972243679028,-0.00014927458465188742,negative,0.00014927458465188742
2013,carry_annual_lag_2,0.023622367486700165,0.02243384644214046,-0.0007583695945501852,negative,0.0007583695945501852
2013,xz_carry_lag_2,8.64507058604548e-18,0.9428090415282716,-0.000297210669023984,negative,0.000297210669023984
2013,log_return_lag_1,0.0001502593655309251,0.011052143402061862,0.00039766071778284557,positive,0.00039766071778284557
2013,volatility_lag_1,0.009519006649429475,0.00565028258994452,-0.00046629397088533545,negative,0.00046629397088533545
2013,sma20_ratio_lag_1,0.001539318954704794,0.02464315095925908,-4.454902796721133e-05,negative,4.454902796721133e-05
2013,mom24_lag_1,0.003586924258004058,0.04821200750335948,0.0009666738211044754,positive,0.0009666738211044754
2013,xz_mom24_lag_1,8.163933482018482e-19,0.9428090415302144,0.0002514957377652725,positive,0.0002514957377652725
2013,xr_mom24_lag_1,0.0,0.6454972243679028,0.00015791364581567628,positive,0.00015791364581567628
2013,carry_annual_lag_1,0.023610771152228132,0.02243188326601291,-0.0002926587055716167,negative,0.0002926587055716167
2013,xz_carry_lag_1,8.846471588245054e-18,0.9428090415282573,0.0007530459772438322,positive,0.0007530459772438322
2013,log_return_lag_0,0.00014887976089578077,0.011052175485605597,0.0005383045319113279,positive,0.0005383045319113279
2013,volatility_lag_0,0.00952111777914073,0.005649213029889061,0.0010337109102854858,positive,0.0010337109102854858
2013,sma20_ratio_lag_0,0.0015381411363817382,0.02464385258493631,-0.002278169361325841,negative,0.002278169361325841
2013,mom24_lag_0,0.003590055856452431,0.04821189938898552,0.0012349702603155904,positive,0.0012349702603155904
2013,xz_mom24_lag_0,8.127969017339986e-19,0.9428090415302237,-0.00010425577361037525,negative,0.00010425577361037525
2013,xr_mom24_lag_0,0.0,0.6454972243679028,-0.00023615815711911797,negative,0.00023615815711911797
2013,carry_annual_lag_0,0.023599174817756106,0.02242991392271729,5.329154282197533e-05,positive,5.329154282197533e-05
2013,xz_carry_lag_0,9.105415733930223e-18,0.9428090415282431,0.001604878326837051,positive,0.001604878326837051
2014,log_return_lag_31,-1.3156512964876397e-05,0.010718888135618804,8.431177131728798e-05,positive,8.431177131728798e-05
2014,volatility_lag_31,0.00927475234757336,0.005393706654107893,-0.0003519512087666054,negative,0.0003519512087666054
2014,sma20_ratio_lag_31,1.5935648453330558e-05,0.024032881027781037,-5.728544433005022e-05,negative,5.728544433005022e-05
2014,mom24_lag_31,-0.00016765679055882613,0.04724569353944137,7.661298945290687e-05,positive,7.661298945290687e-05
2014,xz_mom24_lag_31,1.874743371538596e-20,0.9428090415272122,-0.00047956923363453566,negative,0.00047956923363453566
2014,xr_mom24_lag_31,0.0,0.6454972243679028,0.000388550597712757,positive,0.000388550597712757
2014,carry_annual_lag_31,0.022014179683837273,0.02196215983191576,-8.821663836184042e-05,negative,8.821663836184042e-05
2014,xz_carry_lag_31,2.3949846571405564e-18,0.9428090415256395,-0.00031718394412665724,negative,0.00031718394412665724
2014,log_return_lag_30,-9.807327895591637e-06,0.010718454729797953,0.00016132819002127066,positive,0.00016132819002127066
2014,volatility_lag_30,0.009277881334169054,0.005393535981444691,9.768537975060435e-06,positive,9.768537975060435e-06
2014,sma20_ratio_lag_30,1.4900777077311555e-05,0.024034139238535746,-1.668643701417826e-05,negative,1.668643701417826e-05
2014,mom24_lag_30,-0.00017034007314828428,0.04724759461458612,0.00015140016101914387,positive,0.00015140016101914387
2014,xz_mom24_lag_30,2.4996578287181278e-20,0.9428090415272221,0.00025286776542174556,positive,0.00025286776542174556
2014,xr_mom24_lag_30,0.0,0.6454972243679028,-0.00031353378272171254,negative,0.00031353378272171254
2014,carry_annual_lag_30,0.022002978214879836,0.02195975954203933,-0.001277249112281295,negative,0.001277249112281295
2014,xz_carry_lag_30,2.444977813714919e-18,0.9428090415256198,-1.0303958507676612e-05,negative,1.0303958507676612e-05
2014,log_return_lag_29,-8.070074895154207e-06,0.010717577641488061,0.00020486218009027355,positive,0.00020486218009027355
2014,volatility_lag_29,0.009280995950828931,0.005393340456925508,2.6585292655684446e-05,positive,2.6585292655684446e-05
2014,sma20_ratio_lag_29,1.583713633459374e-05,0.024033954506361338,-0.0017800066843988323,negative,0.0017800066843988323
2014,mom24_lag_29,-0.000184272703262737,0.0472540566870025,-0.0002072990719897061,negative,0.0002072990719897061
2014,xz_mom24_lag_29,5.624230114615788e-20,0.9428090415272271,0.00016353052488121594,positive,0.00016353052488121594
2014,xr_mom24_lag_29,0.0,0.6454972243679028,0.0002077564612381033,positive,0.0002077564612381033
2014,carry_annual_lag_29,0.021991776745922398,0.021957353275381095,0.0007366404175242114,positive,0.0007366404175242114
2014,xz_carry_lag_29,2.4949709702892817e-18,0.9428090415256002,0.0015727156612488418,positive,0.0015727156612488418
2014,log_return_lag_28,-1.0869006562295116e-05,0.010716445936956859,-0.0007210016042419888,negative,0.0007210016042419888
2014,volatility_lag_28,0.009283444023622009,0.005392555303744066,0.0003171945380838299,positive,0.0003171945380838299
2014,sma20_ratio_lag_28,1.454875547367827e-05,0.024034827261171867,0.002807972292987535,positive,0.002807972292987535
2014,mom24_lag_28,-0.00019113588842457465,0.04725701535271859,-4.863110263146864e-05,negative,4.863110263146864e-05
2014,xz_mom24_lag_28,1.1873374686411107e-19,0.942809041527238,-0.00016296591300430166,negative,0.00016296591300430166
2014,xr_mom24_lag_28,0.0,0.6454972243679028,-0.00022611977359706905,negative,0.00022611977359706905
2014,carry_annual_lag_28,0.021980575276964957,0.02195494102997857,-0.0013283350700241821,negative,0.0013283350700241821
2014,xz_carry_lag_28,2.544964126863644e-18,0.9428090415255805,-5.553930738566095e-05,negative,5.553930738566095e-05
2014,log_return_lag_27,-1.2317052063858025e-05,0.01071684277521555,0.00024696620787763556,positive,0.00024696620787763556
2014,volatility_lag_27,0.009285345609353483,0.005391730383761855,-5.6388969123818226e-05,negative,5.6388969123818226e-05
2014,sma20_ratio_lag_27,1.2425284961764436e-05,0.02403661276762617,-0.00014612737569026025,negative,0.00014612737569026025
2014,mom24_lag_27,-0.00020441716157537345,0.04726215894885408,6.513205841103083e-07,positive,6.513205841103083e-07
2014,xz_mom24_lag_27,4.374401200256724e-20,0.9428090415272518,0.00011677840319055837,positive,0.00011677840319055837
2014,xr_mom24_lag_27,0.0,0.6454972243679028,2.8309853537136087e-05,positive,2.8309853537136087e-05
2014,carry_annual_lag_27,0.021969373808007522,0.021952522803858787,0.0006925751870944081,positive,0.0006925751870944081
2014,xz_carry_lag_27,2.5949572834380066e-18,0.942809041525561,0.0016424940582039458,positive,0.0016424940582039458
2014,log_return_lag_26,-1.0729811894405577e-05,0.010717311063006881,8.850748719941433e-06,positive,8.850748719941433e-06
2014,volatility_lag_26,0.009287225203207487,0.005390888934334887,0.00018637062783303927,positive,0.00018637062783303927
2014,sma20_ratio_lag_26,1.220990028904676e-05,0.024038516785267593,-0.0014388836775270858,negative,0.0014388836775270858
2014,mom24_lag_26,-0.00021712772494793722,0.04726719641093666,-7.65151055034674e-05,negative,7.65151055034674e-05
2014,xz_mom24_lag_26,4.6868584288464897e-20,0.9428090415272716,3.470450255087978e-05,positive,3.470450255087978e-05
2014,xr_mom24_lag_26,0.0,0.6454972243679028,2.7663409113748507e-05,positive,2.7663409113748507e-05
2014,carry_annual_lag_26,0.021958172339050085,0.021950098595046097,5.527495994061059e-05,positive,5.527495994061059e-05
2014,xz_carry_lag_26,2.644950440012369e-18,0.9428090415255413,0.0011554237839493935,positive,0.0011554237839493935
2014,log_return_lag_25,-6.118741498310755e-06,0.010717070213044397,-0.0008364321202584894,negative,0.0008364321202584894
2014,volatility_lag_25,0.009289095446299894,0.005390067972279993,8.840266803462836e-05,positive,8.840266803462836e-05
2014,sma20_ratio_lag_25,1.6593520869372948e-05,0.02403790913338507,0.0014726127673096486,positive,0.0014726127673096486
2014,mom24_lag_25,-0.00022062331906056316,0.04726840872234983,2.615976605312928e-05,positive,2.615976605312928e-05
2014,xz_mom24_lag_25,4.374401200256724e-20,0.9428090415272824,0.0003612308171653055,positive,0.0003612308171653055
2014,xr_mom24_lag_25,0.0,0.6454972243679028,-0.0002416403090003272,negative,0.0002416403090003272
2014,carry_annual_lag_25,0.02194697087009264,0.02194766840155757,-0.000940594095203824,negative,0.000940594095203824
2014,xz_carry_lag_25,2.6949435965867315e-18,0.9428090415255218,-0.00019737550699326702,negative,0.00019737550699326702
2014,log_return_lag_24,-2.8503572922662927e-06,0.01071996223159336,-0.0005551491556502869,negative,0.0005551491556502869
2014,volatility_lag_24,0.009290984065627245,0.005389282620027653,-0.0004704204439156529,negative,0.0004704204439156529
2014,sma20_ratio_lag_24,2.4388009597319376e-05,0.02403910521088693,0.0030165275343441477,positive,0.0030165275343441477
2014,mom24_lag_24,-0.00022363307138838917,0.047269864045671094,0.0002428769350431484,positive,0.0002428769350431484
2014,xz_mom24_lag_24,-3.046457978750218e-20,0.942809041527305,-0.0005672155409336661,negative,0.0005672155409336661
2014,xr_mom24_lag_24,0.0,0.6454972243679028,0.0002569126085591077,positive,0.0002569126085591077
2014,carry_annual_lag_24,0.021935769401135195,0.021945232221405007,-0.001322782244857614,negative,0.001322782244857614
2014,xz_carry_lag_24,2.7449367531610944e-18,0.9428090415255022,-0.0003744129967480026,negative,0.0003744129967480026
2014,log_return_lag_23,-3.891110897810252e-06,0.010719513911334362,0.0005321738021866702,positive,0.0005321738021866702
2014,volatility_lag_23,0.00929284291097982,0.0053884949254834,0.0002205663283749831,positive,0.0002205663283749831
2014,sma20_ratio_lag_23,3.107782357789491e-05,0.024040742692804606,-0.001351698420644871,negative,0.001351698420644871
2014,mom24_lag_23,-0.00022708161818909807,0.047271816782199896,-1.2848697542321774e-05,negative,1.2848697542321774e-05
2014,xz_mom24_lag_23,-8.123887943333916e-20,0.9428090415273327,0.00013052604416812,positive,0.00013052604416812
2014,xr_mom24_lag_23,0.0,0.6454972243679028,-2.7183847657821427e-05,negative,2.7183847657821427e-05
2014,carry_annual_lag_23,0.021924567932177747,0.021942790052594717,-2.8541961775080092e-05,negative,2.8541961775080092e-05
2014,xz_carry_lag_23,2.794929909735457e-18,0.9428090415254825,-0.0008051020842833636,negative,0.0008051020842833636
2014,log_return_lag_22,-4.834381817329394e-06,0.010720287831153577,-6.597678640499088e-05,negative,6.597678640499088e-05
2014,volatility_lag_22,0.009294595406691114,0.005387702774637016,-0.0004338439594193115,negative,0.0004338439594193115
2014,sma20_ratio_lag_22,3.684378861758128e-05,0.024040928373032493,-0.0003515124464343926,negative,0.0003515124464343926
2014,mom24_lag_22,-0.0002275742107354494,0.0472738310638298,-0.00024892182580938966,negative,0.00024892182580938966
2014,xz_mom24_lag_22,-1.093600300064181e-19,0.9428090415273566,1.0920674555662127e-05,positive,1.0920674555662127e-05
2014,xr_mom24_lag_22,0.0,0.6454972243679028,0.0001700707978327236,positive,0.0001700707978327236
2014,carry_annual_lag_22,0.021913366463220306,0.02194034189312695,0.0009914841233440652,positive,0.0009914841233440652
2014,xz_carry_lag_22,2.8449230663098193e-18,0.942809041525463,-0.0008921500949455224,negative,0.0008921500949455224
2014,log_return_lag_21,-1.2633679919436003e-06,0.010722167826783762,-0.0003057883433961942,negative,0.0003057883433961942
2014,volatility_lag_21,0.009295881902906379,0.0053869894299874935,0.0005927099262542722,positive,0.0005927099262542722
2014,sma20_ratio_lag_21,4.6046198842373576e-05,0.024042506124109107,0.001770767443277191,positive,0.001770767443277191
2014,mom24_lag_21,-0.000223675090022498,0.04727563623289225,0.00023295143464305062,positive,0.00023295143464305062
2014,xz_mom24_lag_21,-1.1248460229231577e-19,0.9428090415273769,-0.00015466622530670068,negative,0.00015466622530670068
2014,xr_mom24_lag_21,0.0,0.6454972243679028,-0.00018889223347340347,negative,0.00018889223347340347
2014,carry_annual_lag_21,0.02190216499426286,0.021937887740995955,0.0012234692081049333,positive,0.0012234692081049333
2014,xz_carry_lag_21,2.8949162228841818e-18,0.9428090415254433,-0.0008683530642648379,negative,0.0008683530642648379
2014,log_return_lag_20,-6.428317869391544e-06,0.010723718610838642,0.0006289200144760959,positive,0.0006289200144760959
2014,volatility_lag_20,0.009297075287183307,0.005386300999082553,-8.295054345867715e-05,negative,8.295054345867715e-05
2014,sma20_ratio_lag_20,5.00432352719725e-05,0.02404332036782776,-0.001688159399758759,negative,0.001688159399758759
2014,mom24_lag_20,-0.00022916601713920007,0.047279008574490675,-0.00031043364546143814,negative,0.00031043364546143814
2014,xz_mom24_lag_20,-1.4373032515129236e-19,0.9428090415274071,0.0003168630307607533,positive,0.0003168630307607533
2014,xr_mom24_lag_20,0.0,0.6454972243679028,7.198830636020657e-05,positive,7.198830636020657e-05
2014,carry_annual_lag_20,0.02189104934462688,0.02193535960270266,0.001349319992471824,positive,0.001349319992471824
2014,xz_carry_lag_20,2.9745928161745723e-18,0.9428090415254234,-0.00106840663675804,negative,0.00106840663675804
2014,log_return_lag_19,2.775432769496741e-06,0.010726156837595221,-0.0001706521541471206,negative,0.0001706521541471206
2014,volatility_lag_19,0.009298342292910025,0.005385597554703632,0.0003864074251427678,positive,0.0003864074251427678
2014,sma20_ratio_lag_19,6.238509347896326e-05,0.024046227133088016,-0.0007795702130788281,negative,0.0007795702130788281
2014,mom24_lag_19,-0.00022096356307976393,0.04728039031705758,-2.186362498143193e-05,negative,2.186362498143193e-05
2014,xz_mom24_lag_19,-1.499794697230877e-19,0.9428090415274339,-4.427928826373035e-05,negative,4.427928826373035e-05
2014,xr_mom24_lag_19,0.0,0.6454972243679028,-0.0001524516266929065,negative,0.0001524516266929065
2014,carry_annual_lag_19,0.021879933694990895,0.021932825539539676,0.00025935495908627226,positive,0.00025935495908627226
2014,xz_carry_lag_19,3.0495825510361162e-18,0.9428090415254036,-7.73534767858233e-05,negative,7.73534767858233e-05
2014,log_return_lag_18,1.1813796089099429e-06,0.010725944229795488,-0.00043030195568030433,negative,0.00043030195568030433
2014,volatility_lag_18,0.009299616973619407,0.005384897923437634,-0.0007168624421487591,negative,0.0007168624421487591
2014,sma20_ratio_lag_18,7.226418442522701e-05,0.024047675209789558,0.002210971690909712,positive,0.002210971690909712
2014,mom24_lag_18,-0.00021592591742909702,0.04728093825490571,-0.00040054802871256447,negative,0.00040054802871256447
2014,xz_mom24_lag_18,-1.6247775886667833e-19,0.9428090415274467,5.730077870529158e-06,positive,5.730077870529158e-06
2014,xr_mom24_lag_18,0.0,0.6454972243679028,3.8040551586313843e-05,positive,3.8040551586313843e-05
2014,carry_annual_lag_18,0.02186881804535491,0.021930285549452762,0.0009111319324420801,positive,0.0009111319324420801
2014,xz_carry_lag_18,3.12457228589766e-18,0.9428090415253837,0.0004426821207072346,positive,0.0004426821207072346
2014,log_return_lag_17,1.2378880396459606e-06,0.010726283252714835,0.0004976874522723406,positive,0.0004976874522723406
2014,volatility_lag_17,0.009300722511753238,0.005384232221877871,0.0001952874216589608,positive,0.0001952874216589608
2014,sma20_ratio_lag_17,8.16072323425837e-05,0.024048908591878238,0.0007480280806833723,positive,0.0007480280806833723
2014,mom24_lag_17,-0.00020999974983502455,0.04728050034435665,-0.0002973439375677913,negative,0.0002973439375677913
2014,xz_mom24_lag_17,-1.406057528653947e-19,0.9428090415274548,-0.00038404883720902385,negative,0.00038404883720902385
2014,xr_mom24_lag_17,0.0,0.6454972243679028,0.00030903800971081725,positive,0.00030903800971081725
2014,carry_annual_lag_17,0.021857702395718926,0.021927739630383105,0.00035548728728514807,positive,0.00035548728728514807
2014,xz_carry_lag_17,3.1995620207592036e-18,0.9428090415253638,0.00011800233319257795,positive,0.00011800233319257795
2014,log_return_lag_16,6.7114883266175084e-06,0.010731495333024574,0.0009444972056925192,positive,0.0009444972056925192
2014,volatility_lag_16,0.009302033931334022,0.0053834953224678305,0.0003597128780709705,positive,0.0003597128780709705
2014,sma20_ratio_lag_16,9.571793746022562e-05,0.024057311176877115,-0.0011545366502047907,negative,0.0011545366502047907
2014,mom24_lag_16,-0.00019635974869073428,0.047282813306811305,-0.0001488105941634406,negative,0.0001488105941634406
2014,xz_mom24_lag_16,-9.061259629103214e-20,0.9428090415274702,0.00028187578368450586,positive,0.00028187578368450586
2014,xr_mom24_lag_16,0.0,0.6454972243679028,-7.672526349061723e-05,negative,7.672526349061723e-05
2014,carry_annual_lag_16,0.02184658674608294,0.02192518778026471,-0.001248390626620242,negative,0.001248390626620242
2014,xz_carry_lag_16,3.2745517556207475e-18,0.942809041525344,-0.0008396849982132418,negative,0.0008396849982132418
2014,log_return_lag_15,1.1441180182954561e-05,0.01073337251349443,0.00046681516029287124,positive,0.00046681516029287124
2014,volatility_lag_15,0.009303374012166696,0.0053827586869698955,-0.000443049524700429,negative,0.000443049524700429
2014,sma20_ratio_lag_15,0.00011328330219672162,0.024069849880875446,-0.0022418655856165184,negative,0.0022418655856165184
2014,mom24_lag_15,-0.00016961494752817743,0.04729076686404264,-0.0004948962610379167,negative,0.0004948962610379167
2014,xz_mom24_lag_15,-2.812115057307894e-20,0.9428090415274849,-8.68728297940522e-05,negative,8.68728297940522e-05
2014,xr_mom24_lag_15,0.0,0.6454972243679028,-1.3060697883611706e-05,negative,1.3060697883611706e-05
2014,carry_annual_lag_15,0.021835471096446957,0.021922629997026304,-0.0010729632172187954,negative,0.0010729632172187954
2014,xz_carry_lag_15,3.3495414904822914e-18,0.9428090415253241,-7.947626838852795e-05,negative,7.947626838852795e-05
2014,log_return_lag_14,8.823031808461894e-06,0.010735030358489994,-0.000621701232776101,negative,0.000621701232776101
2014,volatility_lag_14,0.009304871318889518,0.005381926790011724,-0.00035965465030604913,negative,0.00035965465030604913
2014,sma20_ratio_lag_14,0.00012678287553448495,0.024079991806796867,5.938803672346552e-05,positive,5.938803672346552e-05
2014,mom24_lag_14,-0.00014533635485488517,0.04729922850955077,-1.7712532775066643e-06,negative,1.7712532775066643e-06
2014,xz_mom24_lag_14,6.874059028974852e-20,0.9428090415275059,-0.00010347996439899896,negative,0.00010347996439899896
2014,xr_mom24_lag_14,0.0,0.6454972243679028,0.0001382357946966895,positive,0.0001382357946966895
2014,carry_annual_lag_14,0.021824355446810974,0.021920066278592366,0.00034197021364032004,positive,0.00034197021364032004
2014,xz_carry_lag_14,3.4245312253438353e-18,0.9428090415253042,0.0017167975733611222,positive,0.0017167975733611222
2014,log_return_lag_13,6.289168352900567e-06,0.010736582266917554,-0.0005586753085153756,negative,0.0005586753085153756
2014,volatility_lag_13,0.009306457506667205,0.005381068052726163,0.0004626337485834845,positive,0.0004626337485834845
2014,sma20_ratio_lag_13,0.00013643969261467763,0.024084100880517018,-0.0015104410481145266,negative,0.0015104410481145266
2014,mom24_lag_13,-0.0001285593206568269,0.04730239150038125,-0.00038108838254617016,negative,0.00038108838254617016
2014,xz_mom24_lag_13,9.373716857692979e-20,0.942809041527525,0.00013099985218847408,positive,0.00013099985218847408
2014,xr_mom24_lag_13,0.0,0.6454972243679028,-0.00033224758665361385,negative,0.00033224758665361385
2014,carry_annual_lag_13,0.021813239797174984,0.021917496622878223,-0.0008549973037944188,negative,0.0008549973037944188
2014,xz_carry_lag_13,3.499520960205379e-18,0.9428090415252842,6.761948139454497e-05,positive,6.761948139454497e-05
2014,log_return_lag_12,2.0137810218508364e-05,0.010752073913032864,-0.001217880565524741,negative,0.001217880565524741
2014,volatility_lag_12,0.009308536043847772,0.005380122830897721,0.0005940577952547141,positive,0.0005940577952547141
2014,sma20_ratio_lag_12,0.00015852078344537362,0.02410241785771586,-0.0003956905220023209,negative,0.0003956905220023209
2014,mom24_lag_12,-9.784301483321406e-05,0.047315710146229845,-0.00016864775977321902,negative,0.00016864775977321902
2014,xz_mom24_lag_12,-2.3434292144232448e-20,0.9428090415275469,7.819654621661981e-06,positive,7.819654621661981e-06
2014,xr_mom24_lag_12,0.0,0.6454972243679028,0.00015110532971614475,positive,0.00015110532971614475
2014,carry_annual_lag_12,0.021802124147539,0.02191492102779593,0.0006379561699782712,positive,0.0006379561699782712
2014,xz_carry_lag_12,3.574510695066923e-18,0.9428090415252645,-0.00046857345907189645,negative,0.00046857345907189645
2014,log_return_lag_11,1.984765109422892e-05,0.010752017546750384,-0.001357588896369678,negative,0.001357588896369678
2014,volatility_lag_11,0.00931063415850053,0.005379146232061186,-0.0005622006570819911,negative,0.0005622006570819911
2014,sma20_ratio_lag_11,0.00017855591474056406,0.024116626899655744,0.002007466822752427,positive,0.002007466822752427
2014,mom24_lag_11,-6.230986868102487e-05,0.04733420536875334,-0.0005136504270570896,negative,0.0005136504270570896
2014,xz_mom24_lag_11,-1.718514757243713e-19,0.9428090415275636,-3.502684389624937e-05,negative,3.502684389624937e-05
2014,xr_mom24_lag_11,0.0,0.6454972243679028,-7.757703388856202e-06,negative,7.757703388856202e-06
2014,carry_annual_lag_11,0.021791008497903015,0.021912339491251782,0.0020975072836043646,positive,0.0020975072836043646
2014,xz_carry_lag_11,3.6495004299284666e-18,0.9428090415252445,-0.0005334344867954859,negative,0.0005334344867954859
2014,log_return_lag_10,2.1960973202608358e-05,0.010752387758287962,-0.0006522145273905568,negative,0.0006522145273905568
2014,volatility_lag_10,0.009312743716432018,0.005378201562367297,0.00011898099956486422,positive,0.00011898099956486422
2014,sma20_ratio_lag_10,0.0001989992367736411,0.02412605955343055,0.0028877391213437778,positive,0.0028877391213437778
2014,mom24_lag_10,-2.1556740386316514e-05,0.04735105011525153,-0.00031536476548243026,negative,0.00031536476548243026
2014,xz_mom24_lag_10,-2.1247091544104087e-19,0.9428090415275702,-0.00013973988195650528,negative,0.00013973988195650528
2014,xr_mom24_lag_10,0.0,0.6454972243679028,-8.985436891689607e-05,negative,8.985436891689607e-05
2014,carry_annual_lag_10,0.0217797176176524,0.021909740712681192,0.0004855750295750679,positive,0.0004855750295750679
2014,xz_carry_lag_10,3.824476477938736e-18,0.9428090415252248,0.00029705610917862303,positive,0.00029705610917862303
2014,log_return_lag_9,2.9564853672682694e-05,0.010756346932962717,0.0006590999920842375,positive,0.0006590999920842375
2014,volatility_lag_9,0.00931503197531302,0.0053772114739450046,-0.00017769736448118714,negative,0.00017769736448118714
2014,sma20_ratio_lag_9,0.00022531845738186455,0.024142792922795038,0.0010557928640268187,positive,0.0010557928640268187
2014,mom24_lag_9,2.503955115881774e-05,0.047375405035276444,0.00017089402388960744,positive,0.00017089402388960744
2014,xz_mom24_lag_9,-3.2495551773335666e-19,0.9428090415275757,0.00037845880591953816,positive,0.00037845880591953816
2014,xr_mom24_lag_9,0.0,0.6454972243679028,-0.00010254753287820098,negative,0.00010254753287820098
2014,carry_annual_lag_9,0.021768426737401786,0.021907135806535673,-0.0011890887063826631,negative,0.0011890887063826631
2014,xz_carry_lag_9,3.949459369374642e-18,0.9428090415252051,-0.0003147973754390662,negative,0.0003147973754390662
2014,log_return_lag_8,2.915435454877449e-05,0.01075635943461307,0.0012138310874601752,positive,0.0012138310874601752
2014,volatility_lag_8,0.009317296542349687,0.005376218077523326,0.00021615018861726351,positive,0.00021615018861726351
2014,sma20_ratio_lag_8,0.00024912433046045564,0.024155447559224007,-0.0020515099675705094,negative,0.0020515099675705094
2014,mom24_lag_8,6.878914818255503e-05,0.04739911963012305,-0.00041774288203140606,negative,0.00041774288203140606
2014,xz_mom24_lag_8,-3.8744696345130984e-19,0.9428090415275838,0.0002737427374707975,positive,0.0002737427374707975
2014,xr_mom24_lag_8,0.0,0.6454972243679028,-0.00016439944012502117,negative,0.00016439944012502117
2014,carry_annual_lag_8,0.02175713585715117,0.021904524770630217,0.00023089291315689587,positive,0.00023089291315689587
2014,xz_carry_lag_8,4.1244354173849114e-18,0.9428090415251853,-0.0002439263630151893,negative,0.0002439263630151893
2014,log_return_lag_7,2.5145211262831953e-05,0.010757061186225974,0.0003726810746324364,positive,0.0003726810746324364
2014,volatility_lag_7,0.00931937469435788,0.005375272316832638,-0.0005207459026237033,negative,0.0005207459026237033
2014,sma20_ratio_lag_7,0.00026690827141275273,0.024161881002846643,0.00043365696539694217,positive,0.00043365696539694217
2014,mom24_lag_7,0.00010709087241026362,0.04741938513695188,-0.00035208006417741344,negative,0.00035208006417741344
2014,xz_mom24_lag_7,-5.311772886026022e-19,0.9428090415276011,-0.0005917129196676435,negative,0.0005917129196676435
2014,xr_mom24_lag_7,0.0,0.6454972243679028,0.00021031842306337906,positive,0.00021031842306337906
2014,carry_annual_lag_7,0.02174584497690055,0.021901907602770915,0.00022501286034197422,positive,0.00022501286034197422
2014,xz_carry_lag_7,4.29941146539518e-18,0.9428090415251655,-0.00024350004043340468,negative,0.00024350004043340468
2014,log_return_lag_6,2.4095855186897455e-05,0.010757576475905754,0.0005968440050927562,positive,0.0005968440050927562
2014,volatility_lag_6,0.00932145849952141,0.005374343524218255,0.00016059996472178638,positive,0.00016059996472178638
2014,sma20_ratio_lag_6,0.0002818755952594153,0.024166922370993642,0.0022445532861816945,positive,0.0022445532861816945
2014,mom24_lag_6,0.00014099405549275216,0.04743781843721865,-0.00025304734555309916,negative,0.00025304734555309916
2014,xz_mom24_lag_6,-6.811567583256899e-19,0.9428090415276192,-9.891605133796193e-05,negative,9.891605133796193e-05
2014,xr_mom24_lag_6,0.0,0.6454972243679028,6.022276862878953e-05,positive,6.022276862878953e-05
2014,carry_annual_lag_6,0.021734554096649934,0.02189928430076099,0.001590134531189392,positive,0.001590134531189392
2014,xz_carry_lag_6,4.474387513405449e-18,0.9428090415251458,0.00033025737735361703,positive,0.00033025737735361703
2014,log_return_lag_5,2.6312214809050103e-05,0.01076053101522644,0.0015980213164324387,positive,0.0015980213164324387
2014,volatility_lag_5,0.00932359665721901,0.005373441716056758,0.00018926550005866953,positive,0.00018926550005866953
2014,sma20_ratio_lag_5,0.0002974678312461392,0.0241729901133419,-0.002430125350908295,negative,0.002430125350908295
2014,mom24_lag_5,0.00017537634519695523,0.04745786245156794,6.312795031185985e-05,positive,6.312795031185985e-05
2014,xz_mom24_lag_5,-7.81143071474415e-19,0.9428090415276265,0.0006328461759517182,positive,0.0006328461759517182
2014,xr_mom24_lag_5,0.0,0.6454972243679028,-2.1240988399886768e-05,negative,2.1240988399886768e-05
2014,carry_annual_lag_5,0.021723263216399318,0.021896654862394286,-0.0006362776229141529,negative,0.0006362776229141529
2014,xz_carry_lag_5,4.5993704048413554e-18,0.942809041525126,-0.00011210534434742525,negative,0.00011210534434742525
2014,log_return_lag_4,2.422629348457583e-05,0.010762121937483606,0.0007064715227677735,positive,0.0007064715227677735
2014,volatility_lag_4,0.009325793540593848,0.0053725065088721016,-0.0005478899444815431,negative,0.0005478899444815431
2014,sma20_ratio_lag_4,0.000309539295267512,0.024175503570314356,-0.00024224158116800692,negative,0.00024224158116800692
2014,mom24_lag_4,0.00021047164524382682,0.047472601444667153,0.00038602529482177384,positive,0.00038602529482177384
2014,xz_mom24_lag_4,-8.123887943333916e-19,0.9428090415276327,-0.0003285061461077794,negative,0.0003285061461077794
2014,xr_mom24_lag_4,0.0,0.6454972243679028,-0.00010580023672517143,negative,0.00010580023672517143
2014,carry_annual_lag_4,0.0217119723361487,0.021894019285461405,-0.001349565653032847,negative,0.001349565653032847
2014,xz_carry_lag_4,4.7743464528516246e-18,0.9428090415251061,-0.0014986792754866636,negative,0.0014986792754866636
2014,log_return_lag_3,2.859185056886438e-05,0.010764512621081117,0.0007316749578545539,positive,0.0007316749578545539
2014,volatility_lag_3,0.0093278849094309,0.0053715870437553125,0.0008186594302227169,positive,0.0008186594302227169
2014,sma20_ratio_lag_3,0.00032443876811992105,0.024181693501555964,-0.0006602812827015556,negative,0.0006602812827015556
2014,mom24_lag_3,0.0002513805478765487,0.047496951612913715,0.0004959276430659745,positive,0.0004959276430659745
2014,xz_mom24_lag_3,-9.889271284866094e-19,0.9428090415276419,-0.00031540150209066027,negative,0.00031540150209066027
2014,xr_mom24_lag_3,0.0,0.6454972243679028,0.0002720937516332264,positive,0.0002720937516332264
2014,carry_annual_lag_3,0.021700681455898086,0.02189137756774408,0.0002134677042471562,positive,0.0002134677042471562
2014,xz_carry_lag_3,4.949322500861893e-18,0.9428090415250864,-0.000332805107457964,negative,0.000332805107457964
2014,log_return_lag_2,2.6605526235805552e-05,0.010765488621587861,0.0006310582040118931,positive,0.0006310582040118931
2014,volatility_lag_2,0.009330004403599804,0.005370665486336861,-0.0007709693889158244,negative,0.0007709693889158244
2014,sma20_ratio_lag_2,0.00033569322761587854,0.024183700976633363,-0.0009538586410369721,negative,0.0009538586410369721
2014,mom24_lag_2,0.00028871588600675867,0.04751507665610865,0.0006367209543378988,positive,0.0006367209543378988
2014,xz_mom24_lag_2,-1.0646980064196276e-18,0.9428090415276504,0.00017012518239140114,positive,0.00017012518239140114
2014,xr_mom24_lag_2,0.0,0.6454972243679028,-0.00013125550765414581,negative,0.00013125550765414581
2014,carry_annual_lag_2,0.021689390575647467,0.021888729707018523,-0.0008377211683660306,negative,0.0008377211683660306
2014,xz_carry_lag_2,5.124298548872162e-18,0.9428090415250666,-0.0004142705362915894,negative,0.0004142705362915894
2014,log_return_lag_1,2.7823030002711925e-05,0.010766041849223761,0.00046674737931664927,positive,0.00046674737931664927
2014,volatility_lag_1,0.009332122778191544,0.005369759576284679,-0.0003317029118165016,negative,0.0003317029118165016
2014,sma20_ratio_lag_1,0.00034674476205497176,0.024186887654009618,2.419315955597298e-05,positive,2.419315955597298e-05
2014,mom24_lag_1,0.0003226576575077806,0.047534387129503794,0.000930757104611991,positive,0.000930757104611991
2014,xz_mom24_lag_1,-1.2338154813938386e-18,0.9428090415276618,0.00018994686509627703,positive,0.00018994686509627703
2014,xr_mom24_lag_1,0.0,0.6454972243679028,0.00016322339885837796,positive,0.00016322339885837796
2014,carry_annual_lag_1,0.021678099695396847,0.02188607570105665,-0.0002032068388205415,negative,0.0002032068388205415
2014,xz_carry_lag_1,5.249281440308069e-18,0.9428090415250467,0.0008425305304182852,positive,0.0008425305304182852
2014,log_return_lag_0,2.3854424172450655e-05,0.010767595735007282,0.0006347990101014986,positive,0.0006347990101014986
2014,volatility_lag_0,0.009334357781538532,0.005368838562159766,0.0008936543522664835,positive,0.0008936543522664835
2014,sma20_ratio_lag_0,0.00035225920232857675,0.024187205947916735,-0.0024520044333180423,negative,0.0024520044333180423
2014,mom24_lag_0,0.0003493624389724977,0.047541894539373165,0.0011995610646563116,positive,0.0011995610646563116
2014,xz_mom24_lag_0,-1.1717146072116225e-18,0.9428090415276721,-9.916123554277071e-05,negative,9.916123554277071e-05
2014,xr_mom24_lag_0,0.0,0.6454972243679028,-0.00021992062267841384,negative,0.00021992062267841384
2014,carry_annual_lag_0,0.02166680881514623,0.021883415547621632,3.569652572418471e-05,positive,3.569652572418471e-05
2014,xz_carry_lag_0,5.424257488318338e-18,0.9428090415250269,0.0015560916475634316,positive,0.0015560916475634316
2015,log_return_lag_31,-1.6623567271472776e-05,0.010335467589617148,7.522585728896174e-05,positive,7.522585728896174e-05
2015,volatility_lag_31,0.00898947170647279,0.005170464189766619,-0.0003665098234366077,negative,0.0003665098234366077
2015,sma20_ratio_lag_31,-9.871747510765322e-05,0.023163639178181417,-4.813074590081578e-06,negative,4.813074590081578e-06
2015,mom24_lag_31,-0.0005135035695273352,0.045505492264082244,4.131646001786235e-05,positive,4.131646001786235e-05
2015,xz_mom24_lag_31,-2.613905422669519e-18,0.9428090415258037,-0.00039262714025423265,negative,0.00039262714025423265
2015,xr_mom24_lag_31,0.0,0.6454972243679028,0.00037660113836833833,positive,0.00037660113836833833
2015,carry_annual_lag_31,0.02042299410498812,0.021394909848507466,-4.809237294341295e-05,negative,4.809237294341295e-05
2015,xz_carry_lag_31,1.4108325016996295e-18,0.9428090415221321,-0.00023603536649439177,negative,0.00023603536649439177
2015,log_return_lag_30,-1.4874510291537778e-05,0.0103344664268963,0.00016260043401467343,positive,0.00016260043401467343
2015,volatility_lag_30,0.008988550988927927,0.005171168693578624,0.0001005937794726465,positive,0.0001005937794726465
2015,sma20_ratio_lag_30,-9.195895658811837e-05,0.023162959043272393,7.335812403579413e-07,positive,7.335812403579413e-07
2015,mom24_lag_30,-0.000509049802462985,0.04550465598459919,0.0001295311264780712,positive,0.0001295311264780712
2015,xz_mom24_lag_30,-2.6173565784955944e-18,0.9428090415257709,0.0002392550266003217,positive,0.0002392550266003217
2015,xr_mom24_lag_30,0.0,0.6454972243679028,-0.00030554199347833334,negative,0.00030554199347833334
2015,carry_annual_lag_30,0.020413009258081684,0.021392050922630905,-0.0013018642676370172,negative,0.0013018642676370172
2015,xz_carry_lag_30,1.3887451044127467e-18,0.9428090415221149,7.370787195191741e-06,positive,7.370787195191741e-06
2015,log_return_lag_29,-1.2702628797261665e-05,0.010333650172760939,0.00019877089339891672,positive,0.00019877089339891672
2015,volatility_lag_29,0.00898762981567616,0.00517187745740832,3.6857291162071724e-05,positive,3.6857291162071724e-05
2015,sma20_ratio_lag_29,-8.320903433553837e-05,0.02316107477729373,-0.0017462976276409992,negative,0.0017462976276409992
2015,mom24_lag_29,-0.0005045927813039183,0.045503564606520136,-0.00014203200959374165,negative,0.00014203200959374165
2015,xz_mom24_lag_29,-2.622878427817315e-18,0.9428090415257364,8.535499429247062e-05,positive,8.535499429247062e-05
2015,xr_mom24_lag_29,0.0,0.6454972243679028,0.00017663098126121274,positive,0.00017663098126121274
2015,carry_annual_lag_29,0.020403024411175245,0.021389186953522932,0.0007459820060371905,positive,0.0007459820060371905
2015,xz_carry_lag_29,1.3666577071258642e-18,0.9428090415220978,0.001455548792564003,positive,0.001455548792564003
2015,log_return_lag_28,-1.3154670884961618e-05,0.010333354905741254,-0.0006971978025367337,negative,0.0006971978025367337
2015,volatility_lag_28,0.008987060210162056,0.005172353201323649,0.00018141745127963642,positive,0.00018141745127963642
2015,sma20_ratio_lag_28,-7.504580080621638e-05,0.023161448672766795,0.0028957792729584595,positive,0.0028957792729584595
2015,mom24_lag_28,-0.0004964132899205693,0.04550359641214129,-5.1069360913415577e-05,negative,5.1069360913415577e-05
2015,xz_mom24_lag_28,-2.622878427817315e-18,0.9428090415257131,-0.00017469014687789908,negative,0.00017469014687789908
2015,xr_mom24_lag_28,0.0,0.6454972243679028,-0.00017274826582459939,negative,0.00017274826582459939
2015,carry_annual_lag_28,0.020393039564268807,0.021386317939158676,-0.0013136067921510452,negative,0.0013136067921510452
2015,xz_carry_lag_28,1.3445703098389814e-18,0.9428090415220807,-5.6983481650086815e-06,negative,5.6983481650086815e-06
2015,log_return_lag_27,-1.3885178709730755e-05,0.010333276897004947,0.00029238587769475887,positive,0.00029238587769475887
2015,volatility_lag_27,0.00898653728986094,0.0051727876897841515,-3.370031659497382e-07,negative,3.370031659497382e-07
2015,sma20_ratio_lag_27,-6.775238879173252e-05,0.023161576260655414,-0.00017893396240598592,negative,0.00017893396240598592
2015,mom24_lag_27,-0.0004909617308035356,0.04550381539918156,-3.5207777558143228e-06,negative,3.5207777558143228e-06
2015,xz_mom24_lag_27,-2.506919592061181e-18,0.9428090415256967,0.00014512493300267553,positive,0.00014512493300267553
2015,xr_mom24_lag_27,0.0,0.6454972243679028,1.3867758607670975e-06,positive,1.3867758607670975e-06
2015,carry_annual_lag_27,0.020383054717362372,0.021383443877505796,0.0007420986989415995,positive,0.0007420986989415995
2015,xz_carry_lag_27,1.3224829125520988e-18,0.9428090415220636,0.0016545432074557727,positive,0.0016545432074557727
2015,log_return_lag_26,-1.4461861137705168e-05,0.010333316654011484,3.300936219378047e-05,positive,3.300936219378047e-05
2015,volatility_lag_26,0.008985964624472062,0.005173281449519732,0.00014733461762803644,positive,0.00014733461762803644
2015,sma20_ratio_lag_26,-6.128796481604083e-05,0.023161183216266937,-0.0014712303503950563,negative,0.0014712303503950563
2015,mom24_lag_26,-0.0004869119020866432,0.04550402580551724,-6.884955020816865e-05,negative,6.884955020816865e-05
2015,xz_mom24_lag_26,-2.506919592061181e-18,0.9428090415256849,8.111568663139261e-05,positive,8.111568663139261e-05
2015,xr_mom24_lag_26,0.0,0.6454972243679028,-3.013051522804125e-05,negative,3.013051522804125e-05
2015,carry_annual_lag_26,0.020373069870455937,0.02138056476652929,4.87792259382074e-05,positive,4.87792259382074e-05
2015,xz_carry_lag_26,1.300395515265216e-18,0.9428090415220465,0.001165857930375367,positive,0.001165857930375367
2015,log_return_lag_25,-1.2218638421302766e-05,0.010332632372324081,-0.0008270906954593712,negative,0.0008270906954593712
2015,volatility_lag_25,0.008985302820957441,0.005173858431104793,0.00012601254053366795,positive,0.00012601254053366795
2015,sma20_ratio_lag_25,-5.290153855497353e-05,0.02315978445544519,0.0014710460776665053,positive,0.0014710460776665053
2015,mom24_lag_25,-0.00048341208300767394,0.045503962378151,5.932018583661822e-06,positive,5.932018583661822e-06
2015,xz_mom24_lag_25,-2.3937216809659074e-18,0.9428090415256694,0.00026607916882587267,positive,0.00026607916882587267
2015,xr_mom24_lag_25,0.0,0.6454972243679028,-0.00017410210304672733,negative,0.00017410210304672733
2015,carry_annual_lag_25,0.0203630850235495,0.021377680604189906,-0.0009183948612415546,negative,0.0009183948612415546
2015,xz_carry_lag_25,1.2783081179783335e-18,0.9428090415220295,-0.00034261145312454824,negative,0.00034261145312454824
2015,log_return_lag_24,-1.5058155682690335e-05,0.01033193516181948,-0.0005554641946487562,negative,0.0005554641946487562
2015,volatility_lag_24,0.008984439920156054,0.005174631199304636,-0.000399826130078191,negative,0.000399826130078191
2015,sma20_ratio_lag_24,-4.767331300187284e-05,0.02315931595893438,0.0030780878771326137,positive,0.0030780878771326137
2015,mom24_lag_24,-0.0004816172475926029,0.045504162400497136,0.00023091632440164404,positive,0.00023091632440164404
2015,xz_mom24_lag_24,-2.437896475539673e-18,0.9428090415256628,-0.0004970046527230403,negative,0.0004970046527230403
2015,xr_mom24_lag_24,0.0,0.6454972243679028,0.0002003955917659436,positive,0.0002003955917659436
2015,carry_annual_lag_24,0.020353100176643053,0.021374791388442102,-0.0013213597436970343,negative,0.0013213597436970343
2015,xz_carry_lag_24,1.256220720691451e-18,0.9428090415220123,-0.0003763404847810077,negative,0.0003763404847810077
2015,log_return_lag_23,-1.645522003067231e-05,0.010331528033551729,0.0005439399566709563,positive,0.0005439399566709563
2015,volatility_lag_23,0.008983567132588553,0.005175412806551356,0.00015732794426738812,positive,0.00015732794426738812
2015,sma20_ratio_lag_23,-4.422912728652308e-05,0.02315925567526787,-0.0012838848233583053,negative,0.0012838848233583053
2015,mom24_lag_23,-0.00048155009097782133,0.04550417052163764,-4.576930356505659e-05,negative,4.576930356505659e-05
2015,xz_mom24_lag_23,-2.4682666468091364e-18,0.9428090415256625,0.00012460901490797354,positive,0.00012460901490797354
2015,xr_mom24_lag_23,0.0,0.6454972243679028,2.110018451920796e-05,positive,2.110018451920796e-05
2015,carry_annual_lag_23,0.02034311532973661,0.02137189711723613,-1.5050453385191029e-05,negative,1.5050453385191029e-05
2015,xz_carry_lag_23,1.2341333234045682e-18,0.9428090415219952,-0.0007046824457648132,negative,0.0007046824457648132
2015,log_return_lag_22,-1.2139910114460963e-05,0.010331962179601674,-2.2526226956213128e-05,negative,2.2526226956213128e-05
2015,volatility_lag_22,0.00898277314976243,0.005176141646728034,-0.00041493743601657586,negative,0.00041493743601657586
2015,sma20_ratio_lag_22,-3.7056473949623016e-05,0.023159399860149955,-0.0003975179357143742,negative,0.0003975179357143742
2015,mom24_lag_22,-0.00047441859317807794,0.045504689216857276,-0.00019407176746995012,negative,0.00019407176746995012
2015,xz_mom24_lag_22,-2.523485140026343e-18,0.9428090415256613,3.866941040185205e-05,positive,3.866941040185205e-05
2015,xr_mom24_lag_22,0.0,0.6454972243679028,9.740899998115593e-05,positive,9.740899998115593e-05
2015,carry_annual_lag_22,0.02033313048283017,0.021368997788519008,0.0009519303640510295,positive,0.0009519303640510295
2015,xz_carry_lag_22,1.2120459261176857e-18,0.9428090415219782,-0.0009682607599446714,negative,0.0009682607599446714
2015,log_return_lag_21,-1.3066163602161727e-05,0.010332131560409321,-0.00027668719760097027,negative,0.00027668719760097027
2015,volatility_lag_21,0.008981993201938036,0.005176860731214749,0.0006092380391653173,positive,0.0006092380391653173
2015,sma20_ratio_lag_21,-3.1446068897808686e-05,0.023159493711066025,0.0017816833776738586,positive,0.0017816833776738586
2015,mom24_lag_21,-0.0004692902301369997,0.045504983444492754,0.00018405185996565052,positive,0.00018405185996565052
2015,xz_mom24_lag_21,-2.5345288386697843e-18,0.942809041525662,-0.00017508685939528331,negative,0.00017508685939528331
2015,xr_mom24_lag_21,0.0,0.6454972243679028,-8.826994801929022e-05,negative,8.826994801929022e-05
2015,carry_annual_lag_21,0.020323145635923728,0.021366093400230126,0.0012644748529784347,positive,0.0012644748529784347
2015,xz_carry_lag_21,1.1899585288308029e-18,0.942809041521961,-0.0008101967510619514,negative,0.0008101967510619514
2015,log_return_lag_20,-1.4987473353442833e-05,0.010332084584046873,0.0006374819906536527,positive,0.0006374819906536527
2015,volatility_lag_20,0.0089812265142601,0.005177580337455397,-0.0001699613499944298,negative,0.0001699613499944298
2015,sma20_ratio_lag_20,-2.8322469521196232e-05,0.0231595770808434,-0.0016353160888639383,negative,0.0016353160888639383
2015,mom24_lag_20,-0.0004623849487102339,0.045505733912564475,-0.0002915849907082464,negative,0.0002915849907082464
2015,xz_mom24_lag_20,-2.5621380852783876e-18,0.9428090415256722,0.00022982339353319487,positive,0.00022982339353319487
2015,xr_mom24_lag_20,0.0,0.6454972243679028,0.00010084057475707985,positive,0.00010084057475707985
2015,carry_annual_lag_20,0.020313331813921368,0.021363192932983138,0.0013765373459641796,positive,0.0013765373459641796
2015,xz_carry_lag_20,1.3059173645869368e-18,0.9428090415219452,-0.0009769889883092743,negative,0.0009769889883092743
2015,log_return_lag_19,-1.3094093930892939e-05,0.010331304180691003,-0.00011444432320982008,negative,0.00011444432320982008
2015,volatility_lag_19,0.008980471761115404,0.005178284614965763,0.0003593172114147597,positive,0.0003593172114147597
2015,sma20_ratio_lag_19,-2.401095175117457e-05,0.023158824858002677,-0.000816305978318414,negative,0.000816305978318414
2015,mom24_lag_19,-0.00045109124634411875,0.04550482333531305,-6.723047013011467e-05,negative,6.723047013011467e-05
2015,xz_mom24_lag_19,-2.5179632907046224e-18,0.942809041525666,-8.345866918481486e-05,negative,8.345866918481486e-05
2015,xr_mom24_lag_19,0.0,0.6454972243679028,-0.00014525545952236371,negative,0.00014525545952236371
2015,carry_annual_lag_19,0.020303517991919005,0.02136028756300264,0.00024531375657474506,positive,0.00024531375657474506
2015,xz_carry_lag_19,1.4163543510213502e-18,0.9428090415219296,-0.00012016988480615875,negative,0.00012016988480615875
2015,log_return_lag_18,-1.4625911660519787e-05,0.010330783339747535,-0.00041916844020328705,negative,0.00041916844020328705
2015,volatility_lag_18,0.008979713146588499,0.005178987466328773,-0.0005194825712923688,negative,0.0005194825712923688
2015,sma20_ratio_lag_18,-2.189883883759274e-05,0.023157722929667352,0.0022251508364182567,positive,0.0022251508364182567
2015,mom24_lag_18,-0.0004417532976367904,0.04550406399055959,-0.0004487880228528091,negative,0.0004487880228528091
2015,xz_mom24_lag_18,-2.529006989348064e-18,0.942809041525657,9.9048984340564e-05,positive,9.9048984340564e-05
2015,xr_mom24_lag_18,0.0,0.6454972243679028,-4.661614899659174e-06,negative,4.661614899659174e-06
2015,carry_annual_lag_18,0.02029370416991664,0.021357377288287866,0.0009185948006855497,positive,0.0009185948006855497
2015,xz_carry_lag_18,1.5267913374557634e-18,0.9428090415219138,0.00043985002201093223,positive,0.00043985002201093223
2015,log_return_lag_17,-1.4421599090709302e-05,0.01033078276731311,0.0005098400607791339,positive,0.0005098400607791339
2015,volatility_lag_17,0.008979026957113424,0.005179632191076611,2.4302606454260822e-05,positive,2.4302606454260822e-05
2015,sma20_ratio_lag_17,-2.020348990223857e-05,0.023156529092298966,0.0007913583977654364,positive,0.0007913583977654364
2015,mom24_lag_17,-0.0004304147880673441,0.045501956643054925,-0.0003021095687100822,negative,0.0003021095687100822
2015,xz_mom24_lag_17,-2.5345288386697843e-18,0.9428090415256418,-0.0003510726020620393,negative,0.0003510726020620393
2015,xr_mom24_lag_17,0.0,0.6454972243679028,0.0002579532623754219,positive,0.0002579532623754219
2015,carry_annual_lag_17,0.020283890347914276,0.021354462106833026,0.000255685626498806,positive,0.000255685626498806
2015,xz_carry_lag_17,1.6372283238901766e-18,0.942809041521898,0.00012609534372997269,positive,0.00012609534372997269
2015,log_return_lag_16,-1.6117388051426307e-05,0.010330605225205859,0.0009739091934659878,positive,0.0009739091934659878
2015,volatility_lag_16,0.00897836206610907,0.0051802562655642705,0.0003953717218834994,positive,0.0003953717218834994
2015,sma20_ratio_lag_16,-2.05171177555852e-05,0.023155927058079628,-0.0011295323132536324,negative,0.0011295323132536324
2015,mom24_lag_16,-0.0004202464095978409,0.04550045596017584,-0.0001656440653010339,negative,0.0001656440653010339
2015,xz_mom24_lag_16,-2.5179632907046224e-18,0.9428090415256305,0.0003615385580616802,positive,0.0003615385580616802
2015,xr_mom24_lag_16,0.0,0.6454972243679028,-0.00012677874713588387,negative,0.00012677874713588387
2015,carry_annual_lag_16,0.02027407652591191,0.021351542016628637,-0.001288566814659716,negative,0.001288566814659716
2015,xz_carry_lag_16,1.7476653103245897e-18,0.9428090415218823,-0.0007779635894927223,negative,0.0007779635894927223
2015,log_return_lag_15,-1.6475869902579787e-05,0.010330247645437123,0.0005084549741299241,positive,0.0005084549741299241
2015,volatility_lag_15,0.008977659402133562,0.005180913414066622,-0.00035407925619072985,negative,0.00035407925619072985
2015,sma20_ratio_lag_15,-2.1472771633409974e-05,0.02315460755524751,-0.0022727654253391323,negative,0.0022727654253391323
2015,mom24_lag_15,-0.0004099211806892508,0.04549819043549556,-0.0005395289637693633,negative,0.0005395289637693633
2015,xz_mom24_lag_15,-2.5096805167220413e-18,0.9428090415256134,-0.00014597899172640906,negative,0.00014597899172640906
2015,xr_mom24_lag_15,0.0,0.6454972243679028,4.699642845922455e-05,positive,4.699642845922455e-05
2015,carry_annual_lag_15,0.020264262703909547,0.021348617015660133,-0.0011231092791304362,negative,0.0011231092791304362
2015,xz_carry_lag_15,1.858102296759003e-18,0.9428090415218666,9.648325779302894e-06,positive,9.648325779302894e-06
2015,log_return_lag_14,-1.6442487788880163e-05,0.010330359855421524,-0.0005995316431744479,negative,0.0005995316431744479
2015,volatility_lag_14,0.008977040082261422,0.005181503923165289,-0.00043039338542029317,negative,0.00043039338542029317
2015,sma20_ratio_lag_14,-2.274892032322459e-05,0.02315370714795255,0.00010136844419674995,positive,0.00010136844419674995
2015,mom24_lag_14,-0.00039855837459234583,0.04549642178508292,-3.195986978435721e-05,negative,3.195986978435721e-05
2015,xz_mom24_lag_14,-2.407526304270209e-18,0.9428090415256082,-4.393889592624273e-05,negative,4.393889592624273e-05
2015,xr_mom24_lag_14,0.0,0.6454972243679028,8.688411281129477e-05,positive,8.688411281129477e-05
2015,carry_annual_lag_14,0.020254448881907184,0.02134568710190943,0.00033335509679300983,positive,0.00033335509679300983
2015,xz_carry_lag_14,1.9685392831934165e-18,0.9428090415218509,0.0017519169572884946,positive,0.0017519169572884946
2015,log_return_lag_13,-1.3639417626007315e-05,0.010330226962565924,-0.0005314595910686544,negative,0.0005314595910686544
2015,volatility_lag_13,0.008976435024050707,0.005182076906075597,0.0003356984719905896,positive,0.0003356984719905896
2015,sma20_ratio_lag_13,-2.17017844566419e-05,0.02315259694312735,-0.001584628745970287,negative,0.001584628745970287
2015,mom24_lag_13,-0.0003853971413555375,0.04549459852121728,-0.0004270921388899408,negative,0.0004270921388899408
2015,xz_mom24_lag_13,-2.4517010988439746e-18,0.9428090415256044,0.00011372102985660785,positive,0.00011372102985660785
2015,xr_mom24_lag_13,0.0,0.6454972243679028,-0.000285371937693375,negative,0.000285371937693375
2015,carry_annual_lag_13,0.02024463505990482,0.0213427522733527,-0.000873271705144547,negative,0.000873271705144547
2015,xz_carry_lag_13,2.0789762696278295e-18,0.9428090415218351,7.401101148591585e-05,positive,7.401101148591585e-05
2015,log_return_lag_12,-1.2076472789815698e-05,0.010330153174328676,-0.0012382592208979224,negative,0.0012382592208979224
2015,volatility_lag_12,0.00897580394588562,0.005182683199696929,0.0007197315075280636,positive,0.0007197315075280636
2015,sma20_ratio_lag_12,-1.9459366391074687e-05,0.02315182157849693,-0.000487291238695281,negative,0.000487291238695281
2015,mom24_lag_12,-0.0003748114195526275,0.04549332650354478,-0.00021140816182295747,negative,0.00021140816182295747
2015,xz_mom24_lag_12,-2.462744797487416e-18,0.9428090415255962,-4.745137004469859e-05,negative,4.745137004469859e-05
2015,xr_mom24_lag_12,0.0,0.6454972243679028,0.000127374023123278,positive,0.000127374023123278
2015,carry_annual_lag_12,0.020234821237902458,0.021339812527962437,0.0005904279494596061,positive,0.0005904279494596061
2015,xz_carry_lag_12,2.189413256062243e-18,0.9428090415218193,-0.0005077881487452823,negative,0.0005077881487452823
2015,log_return_lag_11,-1.211750456441265e-05,0.010330128209251976,-0.0014377657923019414,negative,0.0014377657923019414
2015,volatility_lag_11,0.00897520842265364,0.0051832620496486915,-0.0006166943819814987,negative,0.0006166943819814987
2015,sma20_ratio_lag_11,-1.7483641401695277e-05,0.02315101141930969,0.002053140196927281,positive,0.002053140196927281
2015,mom24_lag_11,-0.0003650998120932428,0.0454918420145854,-0.0004931045069626305,negative,0.0004931045069626305
2015,xz_mom24_lag_11,-2.5179632907046224e-18,0.9428090415255839,-4.0911434804486295e-05,negative,4.0911434804486295e-05
2015,xr_mom24_lag_11,0.0,0.6454972243679028,5.569170340505076e-06,positive,5.569170340505076e-06
2015,carry_annual_lag_11,0.020225007415900092,0.02133686786370566,0.0021171982248767477,positive,0.0021171982248767477
2015,xz_carry_lag_11,2.2998502424966563e-18,0.9428090415218037,-0.0006281086852481394,negative,0.0006281086852481394
2015,log_return_lag_10,-1.1079782566408597e-05,0.01032975148970766,-0.0006884956915775982,negative,0.0006884956915775982
2015,volatility_lag_10,0.008974574735666865,0.005183875935998205,0.0002068733816382661,positive,0.0002068733816382661
2015,sma20_ratio_lag_10,-1.4675594797069895e-05,0.023149498959053084,0.002906507320345271,positive,0.002906507320345271
2015,mom24_lag_10,-0.0003524589549575011,0.04548863758535397,-0.0003356904994528825,negative,0.0003356904994528825
2015,xz_mom24_lag_10,-2.506919592061181e-18,0.9428090415255617,-0.00017551696213218498,negative,0.00017551696213218498
2015,xr_mom24_lag_10,0.0,0.6454972243679028,-6.966605387652704e-05,negative,6.966605387652704e-05
2015,carry_annual_lag_10,0.02021503875717737,0.02133389666939904,0.0005345400864797444,positive,0.0005345400864797444
2015,xz_carry_lag_10,2.4986368180786e-18,0.942809041521788,0.00024283135027791338,positive,0.00024283135027791338
2015,log_return_lag_9,-1.0506991212962214e-05,0.010329311175058791,0.0006098847467487538,positive,0.0006098847467487538
2015,volatility_lag_9,0.008973975633408786,0.005184463794866853,-0.0002607997139402843,negative,0.0002607997139402843
2015,sma20_ratio_lag_9,-1.142404855346183e-05,0.023147150723641655,0.0010673615228348407,positive,0.0010673615228348407
2015,mom24_lag_9,-0.00033981833797878025,0.045484867859691816,9.10930933498752e-05,positive,9.10930933498752e-05
2015,xz_mom24_lag_9,-2.4848321947742983e-18,0.9428090415255309,0.00038073178719350345,positive,0.00038073178719350345
2015,xr_mom24_lag_9,0.0,0.6454972243679028,-9.653623807069014e-05,negative,9.653623807069014e-05
2015,carry_annual_lag_9,0.020205070098454646,0.02133092040254255,-0.0011147838182273399,negative,0.0011147838182273399
2015,xz_carry_lag_9,2.653248599086779e-18,0.9428090415217724,-0.0003071022073055601,negative,0.0003071022073055601
2015,log_return_lag_8,-1.0428004880208212e-05,0.0103291307719091,0.0011697039244730736,positive,0.0011697039244730736
2015,volatility_lag_8,0.008973368229063158,0.0051850580068544296,0.0003275403538959073,positive,0.0003275403538959073
2015,sma20_ratio_lag_8,-8.220543804680934e-06,0.023145168775762767,-0.002031794183186174,negative,0.002031794183186174
2015,mom24_lag_8,-0.0003306535023622319,0.045481701131800674,-0.0003845493967534085,negative,0.0003845493967534085
2015,xz_mom24_lag_8,-2.4351355508788123e-18,0.9428090415255027,0.00024002262601133907,positive,0.00024002262601133907
2015,xr_mom24_lag_8,0.0,0.6454972243679028,-0.00012575307696310843,negative,0.00012575307696310843
2015,carry_annual_lag_8,0.020195101439731925,0.021327939061014444,0.00022371965405275972,positive,0.00022371965405275972
2015,xz_carry_lag_8,2.8520351746687225e-18,0.9428090415217565,-0.0003016702137811811,negative,0.0003016702137811811
2015,log_return_lag_7,-1.0068092888235109e-05,0.010328284322286385,0.0003304189453445593,positive,0.0003304189453445593
2015,volatility_lag_7,0.008972722710965143,0.005185678001173172,-0.0005715228843326056,negative,0.0005715228843326056
2015,sma20_ratio_lag_7,-4.819045484384321e-06,0.023144446319530786,0.0004375459071333465,positive,0.0004375459071333465
2015,mom24_lag_7,-0.00032409802797899405,0.045479686346157226,-0.00032662481920414893,negative,0.00032662481920414893
2015,xz_mom24_lag_7,-2.462744797487416e-18,0.9428090415254833,-0.00037213789763822626,negative,0.00037213789763822626
2015,xr_mom24_lag_7,0.0,0.6454972243679028,0.00018327927500282496,positive,0.00018327927500282496
2015,carry_annual_lag_7,0.0201851327810092,0.021324952642684903,0.0001567364736387862,positive,0.0001567364736387862
2015,xz_carry_lag_7,3.0508217502506665e-18,0.9428090415217407,-0.00024758250201438985,negative,0.00024758250201438985
2015,log_return_lag_6,-9.081629367832774e-06,0.010328677917933033,0.0005713834858718582,positive,0.0005713834858718582
2015,volatility_lag_6,0.00897211422843765,0.005186259346338253,0.0002155235905178529,positive,0.0002155235905178529
2015,sma20_ratio_lag_6,-6.850795815164581e-07,0.023144452943821964,0.0023074747785812757,positive,0.0023074747785812757
2015,mom24_lag_6,-0.0003183051470552899,0.045478812123941226,-0.00023381321030953997,negative,0.00023381321030953997
2015,xz_mom24_lag_6,-2.4517010988439746e-18,0.9428090415254823,-0.00022745068939701801,negative,0.00022745068939701801
2015,xr_mom24_lag_6,0.0,0.6454972243679028,5.045484966189708e-05,positive,5.045484966189708e-05
2015,carry_annual_lag_6,0.020175164122286475,0.021321961145420912,0.0015661304915789208,positive,0.0015661304915789208
2015,xz_carry_lag_6,3.24960832583261e-18,0.9428090415217248,0.00031615644361221863,positive,0.00031615644361221863
2015,log_return_lag_5,-8.959726988548395e-06,0.010328502532618359,0.001610566913227851,positive,0.001610566913227851
2015,volatility_lag_5,0.008971500436831694,0.005186837427469084,0.00012209807697027736,positive,0.00012209807697027736
2015,sma20_ratio_lag_5,3.4029904829153015e-06,0.02314429100627717,-0.0024628716251997554,negative,0.0024628716251997554
2015,mom24_lag_5,-0.0003145622452465777,0.04547699873738954,8.679483280940149e-05,positive,8.679483280940149e-05
2015,xz_mom24_lag_5,-2.4296137015570918e-18,0.9428090415254732,0.000488379315735749,positive,0.000488379315735749
2015,xr_mom24_lag_5,0.0,0.6454972243679028,-3.526376096186124e-06,negative,3.526376096186124e-06
2015,carry_annual_lag_5,0.020165195463563754,0.021318964567084875,-0.0006338630382545824,negative,0.0006338630382545824
2015,xz_carry_lag_5,3.404220106840789e-18,0.9428090415217091,-0.00012688460507893548,negative,0.00012688460507893548
2015,log_return_lag_4,-8.35920439807331e-06,0.010328296952184873,0.000702307211994316,positive,0.000702307211994316
2015,volatility_lag_4,0.008970881689711909,0.005187435933987724,-0.0005897858812644867,negative,0.0005897858812644867
2015,sma20_ratio_lag_4,7.747878817574699e-06,0.02314379397254161,-0.00021453635721317363,negative,0.00021453635721317363
2015,mom24_lag_4,-0.00030976677875968944,0.045474621667168126,0.0004047355997051718,positive,0.0004047355997051718
2015,xz_mom24_lag_4,-2.5179632907046224e-18,0.9428090415254659,-0.00017487340979205026,negative,0.00017487340979205026
2015,xr_mom24_lag_4,0.0,0.6454972243679028,-0.0001348809710691835,negative,0.0001348809710691835
2015,carry_annual_lag_4,0.02015522680484103,0.021315962905534072,-0.001333007822287992,negative,0.001333007822287992
2015,xz_carry_lag_4,3.603006682422733e-18,0.9428090415216932,-0.0014026396019611782,negative,0.0014026396019611782
2015,log_return_lag_3,-8.16025017534028e-06,0.01032820106543449,0.0007454665353579347,positive,0.0007454665353579347
2015,volatility_lag_3,0.008970236216581027,0.005188063242950527,0.0008485483452523218,positive,0.0008485483452523218
2015,sma20_ratio_lag_3,1.1878916673921345e-05,0.02314343756062581,-0.0006972845925276698,negative,0.0006972845925276698
2015,mom24_lag_3,-0.00030404185022529936,0.045472464590792974,0.0005076307719466981,positive,0.0005076307719466981
2015,xz_mom24_lag_3,-2.4958758934177397e-18,0.9428090415254583,-0.0003625632645837322,negative,0.0003625632645837322
2015,xr_mom24_lag_3,0.0,0.6454972243679028,0.00025940997947052546,positive,0.00025940997947052546
2015,carry_annual_lag_3,0.020145258146118308,0.021312956158620167,0.0002547135794798316,positive,0.0002547135794798316
2015,xz_carry_lag_3,3.801793258004676e-18,0.9428090415216772,-0.0003289866040556255,negative,0.0003289866040556255
2015,log_return_lag_2,-7.262473406869487e-06,0.010328369246660977,0.000630978976147276,positive,0.000630978976147276
2015,volatility_lag_2,0.008969603372116285,0.005188684666920843,-0.0007275925722656377,negative,0.0007275925722656377
2015,sma20_ratio_lag_2,1.667197356886705e-05,0.0231434565252606,-0.0009265678763184041,negative,0.0009265678763184041
2015,mom24_lag_2,-0.0002968424624944646,0.045470813310016296,0.000643470125838436,positive,0.000643470125838436
2015,xz_mom24_lag_2,-2.5952691812087117e-18,0.9428090415254565,0.00021606719697757123,positive,0.00021606719697757123
2015,xr_mom24_lag_2,0.0,0.6454972243679028,-0.00014905097642747597,negative,0.00014905097642747597
2015,carry_annual_lag_2,0.02013528948739558,0.021309944324190377,-0.0008325292662362246,negative,0.0008325292662362246
2015,xz_carry_lag_2,4.00057983358662e-18,0.9428090415216613,-0.00048315650078431814,negative,0.00048315650078431814
2015,log_return_lag_1,-8.346099261940204e-06,0.010328034295862433,0.00048101591705090055,positive,0.00048101591705090055
2015,volatility_lag_1,0.008968940563296354,0.005189328008492035,-0.00038038980526242143,negative,0.00038038980526242143
2015,sma20_ratio_lag_1,2.0154771825632554e-05,0.02314394213072905,4.0445060283903316e-07,positive,4.0445060283903316e-07
2015,mom24_lag_1,-0.0002929699233351026,0.045470475505178874,0.0009406781536811868,positive,0.0009406781536811868
2015,xz_mom24_lag_1,-2.573181783921829e-18,0.9428090415254571,0.00020242838861644596,positive,0.00020242838861644596
2015,xr_mom24_lag_1,0.0,0.6454972243679028,0.00016775402879080968,positive,0.00016775402879080968
2015,carry_annual_lag_1,0.020125320828672855,0.021306927400088087,-0.00021009009964776111,negative,0.00021009009964776111
2015,xz_carry_lag_1,4.155191614594799e-18,0.9428090415216455,0.0008692728526464302,positive,0.0008692728526464302
2015,log_return_lag_0,-7.888833734890874e-06,0.010327818374240596,0.0006450841206815489,positive,0.0006450841206815489
2015,volatility_lag_0,0.008968267477984218,0.005189993983102171,0.0008916503992365012,positive,0.0008916503992365012
2015,sma20_ratio_lag_0,2.3736474305348243e-05,0.023144382307043663,-0.0024659944428252344,negative,0.0024659944428252344
2015,mom24_lag_0,-0.00028580060138730303,0.04546979866240043,0.0012134299303423735,positive,0.0012134299303423735
2015,xz_mom24_lag_0,-2.573181783921829e-18,0.9428090415254612,-0.00012616157409720848,negative,0.00012616157409720848
2015,xr_mom24_lag_0,0.0,0.6454972243679028,-0.00022398027291843303,negative,0.00022398027291843303
2015,carry_annual_lag_0,0.020115447808857427,0.021303946152857342,5.1808512304178906e-05,positive,5.1808512304178906e-05
2015,xz_carry_lag_0,4.309803395602977e-18,0.9428090415216307,0.001531348188858336,positive,0.001531348188858336
2016,log_return_lag_31,-3.0594974170781314e-05,0.01005471552990658,8.62604416264235e-05,positive,8.62604416264235e-05
2016,volatility_lag_31,0.008684299985054019,0.005117301439594663,-0.00017562358080892162,negative,0.00017562358080892162
2016,sma20_ratio_lag_31,-0.00016915907212620198,0.022700214471795762,2.3559224292519974e-05,positive,2.3559224292519974e-05
2016,mom24_lag_31,-0.0005791468262724332,0.04455951203200999,8.422786318505442e-05,positive,8.422786318505442e-05
2016,xz_mom24_lag_31,-1.7453071818867968e-18,0.9428090415257073,-0.0004308523173073182,negative,0.0004308523173073182
2016,xr_mom24_lag_31,0.0,0.6454972243679028,0.00045209317471380975,positive,0.00045209317471380975
2016,carry_annual_lag_31,0.019172928294507216,0.02096547307793815,-0.00018252069269620162,negative,0.00018252069269620162
2016,xz_carry_lag_31,3.1544078811438426e-18,0.9428090415209122,-0.000244742747119373,negative,0.000244742747119373
2016,log_return_lag_30,-2.7650008587518647e-05,0.010054276577525612,0.00019362812331134526,positive,0.00019362812331134526
2016,volatility_lag_30,0.00868426602544526,0.005117340139641549,7.070999772775824e-05,positive,7.070999772775824e-05
2016,sma20_ratio_lag_30,-0.00017016578397436823,0.02270176586694435,7.449652115899752e-05,positive,7.449652115899752e-05
2016,mom24_lag_30,-0.000594802382577912,0.04457075143670283,7.295390966697462e-05,positive,7.295390966697462e-05
2016,xz_mom24_lag_30,-1.7947493116852897e-18,0.9428090415257188,0.00021812719916906298,positive,0.00021812719916906298
2016,xr_mom24_lag_30,0.0,0.6454972243679028,-0.0003370188303990451,negative,0.0003370188303990451
2016,carry_annual_lag_30,0.01916321945504788,0.020963273686401867,-0.0013941973054576037,negative,0.0013941973054576037
2016,xz_carry_lag_30,3.213738436902034e-18,0.9428090415209022,0.00016355986806283518,positive,0.00016355986806283518
2016,log_return_lag_29,-2.4677188515744157e-05,0.01005449557472528,0.00026987538511810975,positive,0.00026987538511810975
2016,volatility_lag_29,0.008684292340904124,0.005117359297499548,-0.00015397508479358867,negative,0.00015397508479358867
2016,sma20_ratio_lag_29,-0.00016770155962590828,0.022700330654550023,-0.0019046360342458487,negative,0.0019046360342458487
2016,mom24_lag_29,-0.0006063138858748313,0.0445774452468046,-0.000122283624167358,negative,0.000122283624167358
2016,xz_mom24_lag_29,-1.695865052088304e-18,0.9428090415257268,9.583295092118195e-05,positive,9.583295092118195e-05
2016,xr_mom24_lag_29,0.0,0.6454972243679028,0.00017130421251780755,positive,0.00017130421251780755
2016,carry_annual_lag_29,0.019153510615588544,0.02096106956710554,0.0008924551224683277,positive,0.0008924551224683277
2016,xz_carry_lag_29,3.2730689926602256e-18,0.9428090415208924,0.001589708335920891,positive,0.001589708335920891
2016,log_return_lag_28,-2.8054733471225938e-05,0.010053757366324875,-0.0006714496886499052,negative,0.0006714496886499052
2016,volatility_lag_28,0.008684623998115757,0.005117189766459071,0.00031497093907702803,positive,0.00031497093907702803
2016,sma20_ratio_lag_28,-0.00016785982943147234,0.022700555128370218,0.0028806041753221745,positive,0.0028806041753221745
2016,mom24_lag_28,-0.0006157652324953533,0.04458296482001968,-2.2024323649357966e-05,negative,2.2024323649357966e-05
2016,xz_mom24_lag_28,-1.6661997742092084e-18,0.9428090415257387,-0.00013802447353454455,negative,0.00013802447353454455
2016,xr_mom24_lag_28,0.0,0.6454972243679028,-0.0001549212423223565,negative,0.0001549212423223565
2016,carry_annual_lag_28,0.019143801776129205,0.020958860718560225,-0.0012619676724860305,negative,0.0012619676724860305
2016,xz_carry_lag_28,3.332399548418417e-18,0.9428090415208826,-1.2678614861264064e-05,negative,1.2678614861264064e-05
2016,log_return_lag_27,-2.8402346620107284e-05,0.010053756833828356,0.0003633078933634414,positive,0.0003633078933634414
2016,volatility_lag_27,0.00868495266796379,0.005117008233730507,-0.00010636730022449816,negative,0.00010636730022449816
2016,sma20_ratio_lag_27,-0.0001677156015816941,0.022700791909251165,-0.0001008280677732514,negative,0.0001008280677732514
2016,mom24_lag_27,-0.0006280048750383795,0.044589944379475575,-3.673843176233556e-05,negative,3.673843176233556e-05
2016,xz_mom24_lag_27,-1.6464229222898113e-18,0.942809041525756,0.00010182085006722069,positive,0.00010182085006722069
2016,xr_mom24_lag_27,0.0,0.6454972243679028,3.2757637197580844e-05,positive,3.2757637197580844e-05
2016,carry_annual_lag_27,0.01913409293666987,0.02095664713926814,0.0008122339509417416,positive,0.0008122339509417416
2016,xz_carry_lag_27,3.391730104176608e-18,0.9428090415208729,0.0015505331096409428,positive,0.0015505331096409428
2016,log_return_lag_26,-2.6253519219124473e-05,0.010054282387463193,0.00015335997542819052,positive,0.00015335997542819052
2016,volatility_lag_26,0.008685328210726552,0.005116801181678558,0.00037481707272607825,positive,0.00037481707272607825
2016,sma20_ratio_lag_26,-0.00016499687813010077,0.02270050507464461,-0.0015175190762967124,negative,0.0015175190762967124
2016,mom24_lag_26,-0.0006401819276351961,0.04459614955330845,-8.577402864632314e-05,negative,8.577402864632314e-05
2016,xz_mom24_lag_26,-1.6909208391084549e-18,0.9428090415257742,0.0001451740250878862,positive,0.0001451740250878862
2016,xr_mom24_lag_26,0.0,0.6454972243679028,-0.00011300337255592273,negative,0.00011300337255592273
2016,carry_annual_lag_26,0.019124384097210533,0.020954428827731672,0.00012651943967832322,positive,0.00012651943967832322
2016,xz_carry_lag_26,3.4510606599347998e-18,0.942809041520863,0.0010603962455880004,positive,0.0010603962455880004
2016,log_return_lag_25,-2.4100380779515242e-05,0.010053535498005462,-0.0007027852801612017,negative,0.0007027852801612017
2016,volatility_lag_25,0.008685634525559977,0.005116632579369438,-0.00018709797846785538,negative,0.00018709797846785538
2016,sma20_ratio_lag_25,-0.0001599122307644423,0.02269917073312,0.001161011139826941,positive,0.001161011139826941
2016,mom24_lag_25,-0.0006508523145210801,0.04460068642741737,8.687035358949985e-06,positive,8.687035358949985e-06
2016,xz_mom24_lag_25,-1.7156419040077013e-18,0.9428090415257863,0.00023226631709657593,positive,0.00023226631709657593
2016,xr_mom24_lag_25,0.0,0.6454972243679028,-0.00013070706041919467,negative,0.00013070706041919467
2016,carry_annual_lag_25,0.019114675257751193,0.020952205782448215,-0.0010407437373241048,negative,0.0010407437373241048
2016,xz_carry_lag_25,3.510391215692991e-18,0.9428090415208532,-0.00044527073919250186,negative,0.00044527073919250186
2016,log_return_lag_24,-2.7911042254852253e-05,0.010053356057115943,-0.0005199635251236939,negative,0.0005199635251236939
2016,volatility_lag_24,0.008685865933100095,0.005116503164230993,-0.0004329298910086806,negative,0.0004329298910086806
2016,sma20_ratio_lag_24,-0.00015836232520037883,0.02269927464497912,0.0029016641510625613,positive,0.0029016641510625613
2016,mom24_lag_24,-0.0006649223414053508,0.04460631557797144,0.00026489928145158255,positive,0.00026489928145158255
2016,xz_mom24_lag_24,-1.6859766261286055e-18,0.9428090415258072,-0.0004363450083548211,negative,0.0004363450083548211
2016,xr_mom24_lag_24,0.0,0.6454972243679028,0.00016729243813090277,positive,0.00016729243813090277
2016,carry_annual_lag_24,0.01910496641829185,0.020949978001909897,-0.0013209970017916913,negative,0.0013209970017916913
2016,xz_carry_lag_24,3.569721771451183e-18,0.9428090415208434,-0.00039587666690714613,negative,0.00039587666690714613
2016,log_return_lag_23,-3.097703337105088e-05,0.010053522709020013,0.0005272721911346765,positive,0.0005272721911346765
2016,volatility_lag_23,0.008686071481330222,0.005116385592469654,5.611703930820443e-05,positive,5.611703930820443e-05
2016,sma20_ratio_lag_23,-0.00015971673552485886,0.022700135123063243,-0.0011976170964093336,negative,0.0011976170964093336
2016,mom24_lag_23,-0.0006804089648929689,0.04461184180581323,-6.952648805805529e-05,negative,6.952648805805529e-05
2016,xz_mom24_lag_23,-1.7453071818867968e-18,0.9428090415258269,3.572980901701142e-05,positive,3.572980901701142e-05
2016,xr_mom24_lag_23,0.0,0.6454972243679028,7.853092449175018e-05,positive,7.853092449175018e-05
2016,carry_annual_lag_23,0.019095257578832507,0.02094774548460588,-3.053663595976546e-05,negative,3.053663595976546e-05
2016,xz_carry_lag_23,3.629052327209374e-18,0.9428090415208337,-0.0007398066623215195,negative,0.0007398066623215195
2016,log_return_lag_22,-2.9523395204811607e-05,0.010053751254904509,2.276714766084329e-05,positive,2.276714766084329e-05
2016,volatility_lag_22,0.00868633096623659,0.005116248498281455,-8.675430732285143e-05,negative,8.675430732285143e-05
2016,sma20_ratio_lag_22,-0.00015959288419985874,0.02270071010621802,-0.00046066421754781397,negative,0.00046066421754781397
2016,mom24_lag_22,-0.000692285916365545,0.044618789455177194,-0.0001361435026739563,negative,0.0001361435026739563
2016,xz_mom24_lag_22,-1.8194703765845364e-18,0.9428090415258467,-1.4626290093480147e-05,negative,1.4626290093480147e-05
2016,xr_mom24_lag_22,0.0,0.6454972243679028,8.829171317043376e-05,positive,8.829171317043376e-05
2016,carry_annual_lag_22,0.019085548739373168,0.020945508229021203,0.0008958326982711593,positive,0.0008958326982711593
2016,xz_carry_lag_22,3.688382882967565e-18,0.9428090415208239,-0.0009550932368955836,negative,0.0009550932368955836
2016,log_return_lag_21,-2.9982536931769803e-05,0.010054161158633442,-0.0002092629969483821,negative,0.0002092629969483821
2016,volatility_lag_21,0.00868657757282499,0.005116119959174939,0.0003667871216846886,positive,0.0003667871216846886
2016,sma20_ratio_lag_21,-0.00015991875462626788,0.02270156844749713,0.0016048194871988288,positive,0.0016048194871988288
2016,mom24_lag_21,-0.0007027605924476147,0.04462507069071026,0.00010758201467034652,positive,0.00010758201467034652
2016,xz_mom24_lag_21,-1.8095819506248376e-18,0.942809041525866,-0.00015895773433150136,negative,0.00015895773433150136
2016,xr_mom24_lag_21,0.0,0.6454972243679028,2.369477560192886e-05,positive,2.369477560192886e-05
2016,carry_annual_lag_21,0.01907587288408587,0.0209432353012999,0.0012071242060903552,positive,0.0012071242060903552
2016,xz_carry_lag_21,3.693327095947415e-18,0.9428090415208139,-0.0006700440151112959,negative,0.0006700440151112959
2016,log_return_lag_20,-3.099811517955281e-05,0.010054766603062478,0.0006073819584386759,positive,0.0006073819584386759
2016,volatility_lag_20,0.008686830027302936,0.005115997002972128,-0.00010256033535580139,negative,0.00010256033535580139
2016,sma20_ratio_lag_20,-0.00016122549649778394,0.02270295157002784,-0.0017747447220052737,negative,0.0017747447220052737
2016,mom24_lag_20,-0.0007105783881431745,0.04463080741745037,-0.00014871395947275518,negative,0.00014871395947275518
2016,xz_mom24_lag_20,-1.7453071818867968e-18,0.9428090415258935,0.0002440479624188197,positive,0.0002440479624188197
2016,xr_mom24_lag_20,0.0,0.6454972243679028,8.804861401449614e-05,positive,8.804861401449614e-05
2016,carry_annual_lag_20,0.019066197028798578,0.02094095765610691,0.0014537056304602812,positive,0.0014537056304602812
2016,xz_carry_lag_20,3.703215521907113e-18,0.942809041520804,-0.0009061240806732974,negative,0.0009061240806732974
2016,log_return_lag_19,-3.076165730533986e-05,0.010055284843078155,-0.00013382787255112789,negative,0.00013382787255112789
2016,volatility_lag_19,0.00868710232580845,0.005115858236384808,0.00025772624849756856,positive,0.00025772624849756856
2016,sma20_ratio_lag_19,-0.00016237662196895417,0.02270393955449406,-0.0007229076155894579,negative,0.0007229076155894579
2016,mom24_lag_19,-0.000713236847565923,0.044633501803893215,-0.00011221550304730072,negative,0.00011221550304730072
2016,xz_mom24_lag_19,-1.6674358274541708e-18,0.9428090415259123,-8.510599852063352e-05,negative,8.510599852063352e-05
2016,xr_mom24_lag_19,0.0,0.6454972243679028,-0.00022352898034454482,negative,0.00022352898034454482
2016,carry_annual_lag_19,0.019056521173511285,0.02093867529190374,0.00011128331102450171,positive,0.00011128331102450171
2016,xz_carry_lag_19,3.7131039478668116e-18,0.9428090415207941,-0.0003081401679637089,negative,0.0003081401679637089
2016,log_return_lag_18,-3.366168618317465e-05,0.010056189456064044,-0.0003729617503874864,negative,0.0003729617503874864
2016,volatility_lag_18,0.0086873939524967,0.005115715954581142,-0.0003099354923096888,negative,0.0003099354923096888
2016,sma20_ratio_lag_18,-0.0001664303731142877,0.02270586265777634,0.002018576274798971,positive,0.002018576274798971
2016,mom24_lag_18,-0.0007180043506413126,0.04463661203201558,-0.0004021795800280049,negative,0.0004021795800280049
2016,xz_mom24_lag_18,-1.6661997742092084e-18,0.9428090415259224,7.36338903939577e-05,positive,7.36338903939577e-05
2016,xr_mom24_lag_18,0.0,0.6454972243679028,4.341713922106086e-05,positive,4.341713922106086e-05
2016,carry_annual_lag_18,0.019046845318223985,0.020936388207146637,0.000960519249402572,positive,0.000960519249402572
2016,xz_carry_lag_18,3.72299237382651e-18,0.9428090415207843,0.0003640678210978307,positive,0.0003640678210978307
2016,log_return_lag_17,-3.216814491191089e-05,0.01005638032535824,0.00048729085568924524,positive,0.00048729085568924524
2016,volatility_lag_17,0.008687757039835646,0.005115521261927244,-9.8672840418586e-06,negative,9.8672840418586e-06
2016,sma20_ratio_lag_17,-0.0001690354680241603,0.022707150950684023,0.0007184954187230422,positive,0.0007184954187230422
2016,mom24_lag_17,-0.0007202535079885082,0.04463856937700498,-0.00023004180653610383,negative,0.00023004180653610383
2016,xz_mom24_lag_17,-1.6315902833502634e-18,0.9428090415259288,-0.00034099552131944505,negative,0.00034099552131944505
2016,xr_mom24_lag_17,0.0,0.6454972243679028,0.0002941855169001662,positive,0.0002941855169001662
2016,carry_annual_lag_17,0.019037169462936692,0.02093409640028843,0.0001810833843582971,positive,0.0001810833843582971
2016,xz_carry_lag_17,3.732880799786209e-18,0.9428090415207744,-2.6784203987310336e-05,negative,2.6784203987310336e-05
2016,log_return_lag_16,-3.429059489448991e-05,0.010057046370330596,0.00093010351078803,positive,0.00093010351078803
2016,volatility_lag_16,0.008688144724009916,0.005115298354886883,0.00029387235768911957,positive,0.00029387235768911957
2016,sma20_ratio_lag_16,-0.00017352988771804156,0.022709653223058023,-0.0010665734853394387,negative,0.0010665734853394387
2016,mom24_lag_16,-0.0007240199786828708,0.044641934069876626,-0.0001889144144237492,negative,0.0001889144144237492
2016,xz_mom24_lag_16,-1.6266460703704142e-18,0.9428090415259389,0.0003764170151418701,positive,0.0003764170151418701
2016,xr_mom24_lag_16,0.0,0.6454972243679028,-0.0001746866374869871,negative,0.0001746866374869871
2016,carry_annual_lag_16,0.019027493607649396,0.020931799869777567,-0.0012280197150842651,negative,0.0012280197150842651
2016,xz_carry_lag_16,3.742769225745907e-18,0.9428090415207645,-0.0007253792726665724,negative,0.0007253792726665724
2016,log_return_lag_15,-3.471122174549175e-05,0.010057284908867575,0.0005232447545176529,positive,0.0005232447545176529
2016,volatility_lag_15,0.00868852064442626,0.005115078253653272,-0.0002750734368974931,negative,0.0002750734368974931
2016,sma20_ratio_lag_15,-0.00017820678046809755,0.022711106267526416,-0.0023246674045868075,negative,0.0023246674045868075
2016,mom24_lag_15,-0.0007265728588131854,0.04464413846557478,-0.0004278717349342009,negative,0.0004278717349342009
2016,xz_mom24_lag_15,-1.5821481535517707e-18,0.9428090415259455,-0.00010024022521764713,negative,0.00010024022521764713
2016,xr_mom24_lag_15,0.0,0.6454972243679028,-2.008329684374344e-05,negative,2.008329684374344e-05
2016,carry_annual_lag_15,0.019017817752362103,0.020929498614060175,-0.0009667242720222084,negative,0.0009667242720222084
2016,xz_carry_lag_15,3.752657651705606e-18,0.9428090415207546,0.00021258005819552192,positive,0.00021258005819552192
2016,log_return_lag_14,-3.532197450809685e-05,0.01005732144387781,-0.000567255693854084,negative,0.000567255693854084
2016,volatility_lag_14,0.008688947782721546,0.005114819631234201,-0.00013988051609590543,negative,0.00013988051609590543
2016,sma20_ratio_lag_14,-0.00018331321929243864,0.02271236689938551,6.258335118143062e-05,positive,6.258335118143062e-05
2016,mom24_lag_14,-0.000727805974298641,0.04464549413708416,3.0258146938050825e-05,positive,3.0258146938050825e-05
2016,xz_mom24_lag_14,-1.4535986160756892e-18,0.9428090415259532,-5.650823709833329e-05,negative,5.650823709833329e-05
2016,xr_mom24_lag_14,0.0,0.6454972243679028,0.00011527750159686355,positive,0.00011527750159686355
2016,carry_annual_lag_14,0.019008141897074806,0.020927192631575782,0.0001657250784671688,positive,0.0001657250784671688
2016,xz_carry_lag_14,3.762546077665305e-18,0.9428090415207447,0.0015388880967007283,positive,0.0015388880967007283
2016,log_return_lag_13,-2.9128692910121922e-05,0.010060329041522693,-0.00047671704518726277,negative,0.00047671704518726277
2016,volatility_lag_13,0.008689552065627236,0.0051144760837632695,1.9147325600748178e-05,positive,1.9147325600748178e-05
2016,sma20_ratio_lag_13,-0.00018243265350496502,0.022712406639159046,-0.0017210461011444762,negative,0.0017210461011444762
2016,mom24_lag_13,-0.0007242307247951528,0.04464523460030363,-0.0003363489868347162,negative,0.0003363489868347162
2016,xz_mom24_lag_13,-1.5030407458741821e-18,0.9428090415259618,5.165101011340447e-05,positive,5.165101011340447e-05
2016,xr_mom24_lag_13,0.0,0.6454972243679028,-0.0002988829602845357,negative,0.0002988829602845357
2016,carry_annual_lag_13,0.01899846604178751,0.020924881920763423,-0.0008807157097144078,negative,0.0008807157097144078
2016,xz_carry_lag_13,3.772434503625003e-18,0.9428090415207349,0.00012525971577354047,positive,0.00012525971577354047
2016,log_return_lag_12,-3.0158472200556446e-05,0.010060724310541292,-0.0012152590142819827,negative,0.0012152590142819827
2016,volatility_lag_12,0.008690141101324381,0.0051141368478292435,0.0004416698851078784,positive,0.0004416698851078784
2016,sma20_ratio_lag_12,-0.00018262256110151287,0.022713063880227657,-0.0005493228779210666,negative,0.0005493228779210666
2016,mom24_lag_12,-0.0007242549453577271,0.04464673068900952,-0.00013405840481745673,negative,0.00013405840481745673
2016,xz_mom24_lag_12,-1.4684312550152371e-18,0.9428090415259744,-2.199421918231725e-05,negative,2.199421918231725e-05
2016,xr_mom24_lag_12,0.0,0.6454972243679028,0.00013588871158881318,positive,0.00013588871158881318
2016,carry_annual_lag_12,0.018988790186500216,0.020922566480055763,0.0006014449248603952,positive,0.0006014449248603952
2016,xz_carry_lag_12,3.7823229295847016e-18,0.942809041520725,-0.00030386365097502684,negative,0.00030386365097502684
2016,log_return_lag_11,-2.9431884879569954e-05,0.010060856670362982,-0.0014254727754999764,negative,0.0014254727754999764
2016,volatility_lag_11,0.008690642420004054,0.00511381982270018,-0.00030018031232182665,negative,0.00030018031232182665
2016,sma20_ratio_lag_11,-0.00018215373480323652,0.022713261732214145,0.0020286148426754617,positive,0.0020286148426754617
2016,mom24_lag_11,-0.0007242517558279525,0.04464743185750912,-0.00037176991290600934,negative,0.00037176991290600934
2016,xz_mom24_lag_11,-1.5228175977935792e-18,0.9428090415259808,-7.80210272564486e-05,negative,7.80210272564486e-05
2016,xr_mom24_lag_11,0.0,0.6454972243679028,2.5255995871583818e-05,positive,2.5255995871583818e-05
2016,carry_annual_lag_11,0.01897911433121292,0.020920246307882553,0.0021050190222351786,positive,0.0021050190222351786
2016,xz_carry_lag_11,3.7922113555444e-18,0.942809041520715,-0.0005909478443436978,negative,0.0005909478443436978
2016,log_return_lag_10,-2.881332226468703e-05,0.010060560734994064,-0.0006435318737443462,negative,0.0006435318737443462
2016,volatility_lag_10,0.008691080097425048,0.0051135449548521126,-6.242446129228189e-05,negative,6.242446129228189e-05
2016,sma20_ratio_lag_10,-0.00018101537960142012,0.022713105387758968,0.002562120798012713,positive,0.002562120798012713
2016,mom24_lag_10,-0.0007214960434332451,0.04464730889769977,-0.00018777062567589862,negative,0.00018777062567589862
2016,xz_mom24_lag_10,-1.4931523199144836e-18,0.9428090415259858,-0.00011119085579398347,negative,0.00011119085579398347
2016,xr_mom24_lag_10,0.0,0.6454972243679028,-4.7964196200344996e-05,negative,4.7964196200344996e-05
2016,carry_annual_lag_10,0.018969299836553568,0.020917893412702716,0.0005281103173382811,positive,0.0005281103173382811
2016,xz_carry_lag_10,3.8812071891816874e-18,0.9428090415207052,0.00019739137747001683,positive,0.00019739137747001683
2016,log_return_lag_9,-2.781296919338602e-05,0.01006018884423378,0.0005297078726349581,positive,0.0005297078726349581
2016,volatility_lag_9,0.008691522874030067,0.005113267114490864,-0.00013223269621991527,negative,0.00013223269621991527
2016,sma20_ratio_lag_9,-0.00017874082790243534,0.022712005658413772,0.0010425281222194388,positive,0.0010425281222194388
2016,mom24_lag_9,-0.0007166467533218839,0.044646979075622636,0.00012851469714091827,positive,0.00012851469714091827
2016,xz_mom24_lag_9,-1.4733754679950865e-18,0.9428090415259908,0.00024571272518161043,positive,0.00024571272518161043
2016,xr_mom24_lag_9,0.0,0.6454972243679028,-5.836578384024301e-05,negative,5.836578384024301e-05
2016,carry_annual_lag_9,0.018959485341894216,0.020915535647440385,-0.0010429471896449105,negative,0.0010429471896449105
2016,xz_carry_lag_9,3.93064931898018e-18,0.9428090415206954,-0.0001866600141602336,negative,0.0001866600141602336
2016,log_return_lag_8,-2.971587675521638e-05,0.010062158006087776,0.0010965932279494264,positive,0.0010965932279494264
2016,volatility_lag_8,0.00869204460650926,0.005112951316709118,0.00041959063584201203,positive,0.00041959063584201203
2016,sma20_ratio_lag_8,-0.00017823008943347395,0.02271343614025496,-0.002128281164739217,negative,0.002128281164739217
2016,mom24_lag_8,-0.0007151017720581043,0.04464871616918367,-0.00025863757542803593,negative,0.00025863757542803593
2016,xz_mom24_lag_8,-1.4338217641562921e-18,0.9428090415259983,0.0003350346722610033,positive,0.0003350346722610033
2016,xr_mom24_lag_8,0.0,0.6454972243679028,-0.00018314500007894652,negative,0.00018314500007894652
2016,carry_annual_lag_8,0.018949670847234864,0.020913173010446925,0.00027591268104563835,positive,0.00027591268104563835
2016,xz_carry_lag_8,4.0196451526174674e-18,0.9428090415206855,-0.00014725029319277215,negative,0.00014725029319277215
2016,log_return_lag_7,-2.773073554061214e-05,0.01006242863113678,0.0002514809287009629,positive,0.0002514809287009629
2016,volatility_lag_7,0.008692568361087016,0.005112662355949657,-0.0009501623323696023,negative,0.0009501623323696023
2016,sma20_ratio_lag_7,-0.0001757744669073013,0.022714624191153266,0.00024299222734387821,positive,0.00024299222734387821
2016,mom24_lag_7,-0.000712237533427935,0.04465067979925421,-0.00022137739101922815,negative,0.00022137739101922815
2016,xz_mom24_lag_7,-1.483263893954785e-18,0.9428090415260113,-0.00027112874778799996,negative,0.00027112874778799996
2016,xr_mom24_lag_7,0.0,0.6454972243679028,0.00011459839734598487,positive,0.00011459839734598487
2016,carry_annual_lag_7,0.01893985635257551,0.02091080550007113,0.00014892718286875392,positive,0.00014892718286875392
2016,xz_carry_lag_7,4.108640986254754e-18,0.9428090415206756,-0.00021779841886040264,negative,0.00021779841886040264
2016,log_return_lag_6,-2.6806223819970215e-05,0.010062213042258473,0.0004182676452390515,positive,0.0004182676452390515
2016,volatility_lag_6,0.008693041498369098,0.005112388927050283,0.0006487255354969638,positive,0.0006487255354969638
2016,sma20_ratio_lag_6,-0.00017236985236518783,0.022715670643173206,0.002513693888284175,positive,0.002513693888284175
2016,mom24_lag_6,-0.0007113937486603868,0.044652762755701625,-0.00017071157708004918,negative,0.00017071157708004918
2016,xz_mom24_lag_6,-1.4535986160756892e-18,0.9428090415260241,-0.00032339234889784045,negative,0.00032339234889784045
2016,xr_mom24_lag_6,0.0,0.6454972243679028,0.00017051949043961107,positive,0.00017051949043961107
2016,carry_annual_lag_6,0.018930041857916156,0.020908433114657766,0.0015404136339967928,positive,0.0015404136339967928
2016,xz_carry_lag_6,4.197636819892042e-18,0.9428090415206656,0.00019782828221331857,positive,0.00019782828221331857
2016,log_return_lag_5,-2.729818147673157e-05,0.010062051239921746,0.0015627665076551477,positive,0.0015627665076551477
2016,volatility_lag_5,0.008693473798553402,0.005112144009431146,0.00012033279276520616,positive,0.00012033279276520616
2016,sma20_ratio_lag_5,-0.00016930406816667028,0.022716297737763395,-0.00233329504636596,negative,0.00233329504636596
2016,mom24_lag_5,-0.0007140147416213754,0.04465505092888827,0.00012066792326916671,positive,0.00012066792326916671
2016,xz_mom24_lag_5,-1.4634870420353877e-18,0.942809041526028,0.000454208521816677,positive,0.000454208521816677
2016,xr_mom24_lag_5,0.0,0.6454972243679028,-2.050753331445955e-06,negative,2.050753331445955e-06
2016,carry_annual_lag_5,0.018920227363256804,0.020906055852546974,-0.000598591544514853,negative,0.000598591544514853
2016,xz_carry_lag_5,4.247078949690534e-18,0.9428090415206556,-0.0003210299981710961,negative,0.0003210299981710961
2016,log_return_lag_4,-2.5863942758186777e-05,0.01006272720316952,0.0007383001927907712,positive,0.0007383001927907712
2016,volatility_lag_4,0.00869397703849633,0.0051118561778531945,-7.138808671040332e-05,negative,7.138808671040332e-05
2016,sma20_ratio_lag_4,-0.00016492421764263582,0.022716033131877738,-7.049574205923698e-05,negative,7.049574205923698e-05
2016,mom24_lag_4,-0.0007118239509083365,0.044654633100789334,0.0004382151769843186,positive,0.0004382151769843186
2016,xz_mom24_lag_4,-1.5079849588540313e-18,0.9428090415260291,-0.00028368590746569443,negative,0.00028368590746569443
2016,xr_mom24_lag_4,0.0,0.6454972243679028,-0.00010482603866853817,negative,0.00010482603866853817
2016,carry_annual_lag_4,0.01891041286859745,0.020903673712075913,-0.0013406729518029242,negative,0.0013406729518029242
2016,xz_carry_lag_4,4.336074783327822e-18,0.9428090415206456,-0.0015065271755693558,negative,0.0015065271755693558
2016,log_return_lag_3,-2.6059784050588528e-05,0.01006267163428137,0.0008684576382266393,positive,0.0008684576382266393
2016,volatility_lag_3,0.008694448197046003,0.005111590637240077,0.0006618331334598243,positive,0.0006618331334598243
2016,sma20_ratio_lag_3,-0.0001609849419828727,0.022715727567527634,-0.0008068831739257589,negative,0.0008068831739257589
2016,mom24_lag_3,-0.0007094813883388182,0.0446547829105293,0.0005521185227279182,positive,0.0005521185227279182
2016,xz_mom24_lag_3,-1.5623713016323734e-18,0.9428090415260321,-0.00011815431135938384,negative,0.00011815431135938384
2016,xr_mom24_lag_3,0.0,0.6454972243679028,0.00011648047370413852,positive,0.00011648047370413852
2016,carry_annual_lag_3,0.018900598373938097,0.020901286691574445,0.0002955569249266734,positive,0.0002955569249266734
2016,xz_carry_lag_3,4.4250706169651084e-18,0.9428090415206356,-0.00036984519315577875,negative,0.00036984519315577875
2016,log_return_lag_2,-2.477756196196251e-05,0.010062688522555586,0.0007075920349107422,positive,0.0007075920349107422
2016,volatility_lag_2,0.008694904105064027,0.005111332873711209,-0.0013907527394499833,negative,0.0013907527394499833
2016,sma20_ratio_lag_2,-0.00015600171072953546,0.022715316576716004,-0.001268058275638068,negative,0.001268058275638068
2016,mom24_lag_2,-0.0007080054310816574,0.044655059010432846,0.0006770360893439105,positive,0.0006770360893439105
2016,xz_mom24_lag_2,-1.6019250054711678e-18,0.9428090415260355,0.00026014771817081504,positive,0.00026014771817081504
2016,xr_mom24_lag_2,0.0,0.6454972243679028,-0.00011047591051191273,negative,0.00011047591051191273
2016,carry_annual_lag_2,0.018890783879278745,0.020898894789372634,-0.000838481070887561,negative,0.000838481070887561
2016,xz_carry_lag_2,4.514066450602396e-18,0.9428090415206256,-0.0003112242196153983,negative,0.0003112242196153983
2016,log_return_lag_1,-1.8755457528065563e-05,0.010069683506412108,0.00039722442380902005,positive,0.00039722442380902005
2016,volatility_lag_1,0.008695640995466889,0.005110971144019744,0.00037222385662565006,positive,0.00037222385662565006
2016,sma20_ratio_lag_1,-0.00014545974625348196,0.022719507301278714,0.00016824808788353142,positive,0.00016824808788353142
2016,mom24_lag_1,-0.0007026605078302085,0.04465648671271579,0.0009248037754901923,positive,0.0009248037754901923
2016,xz_mom24_lag_1,-1.6093413249409417e-18,0.9428090415260441,0.00010780527200394988,positive,0.00010780527200394988
2016,xr_mom24_lag_1,0.0,0.6454972243679028,0.00020211633763928512,positive,0.00020211633763928512
2016,carry_annual_lag_1,0.01888096938461939,0.020896498003792948,-0.00018481742485115622,negative,0.00018481742485115622
2016,xz_carry_lag_1,4.5635085804008885e-18,0.9428090415206156,0.0009122008116244393,positive,0.0009122008116244393
2016,log_return_lag_0,-2.2137892782836183e-05,0.010072576043030199,0.0006407053322009404,positive,0.0006407053322009404
2016,volatility_lag_0,0.008696523695612576,0.005110573637659944,0.000501722634488923,positive,0.000501722634488923
2016,sma20_ratio_lag_0,-0.00013880758301902847,0.02272081530416889,-0.0024431212831536424,negative,0.0024431212831536424
2016,mom24_lag_0,-0.0006968873583581925,0.04465813997519351,0.0011863328650955642,positive,0.0011863328650955642
2016,xz_mom24_lag_0,-1.5920365795114692e-18,0.9428090415260569,-0.00014965109890417545,negative,0.00014965109890417545
2016,xr_mom24_lag_0,0.0,0.6454972243679028,-0.00023582874859982104,negative,0.00023582874859982104
2016,carry_annual_lag_0,0.018871033304529918,0.02089412723781012,5.544267939928073e-05,positive,5.544267939928073e-05
2016,xz_carry_lag_0,4.677225478937422e-18,0.9428090415206053,0.0014855487883538574,positive,0.0014855487883538574
2017,log_return_lag_31,2.7185801438914702e-05,0.009869534870369194,0.00018537039002725062,positive,0.00018537039002725062
2017,volatility_lag_31,0.008555349384059871,0.0049384773048214625,-0.0002793448367656959,negative,0.0002793448367656959
2017,sma20_ratio_lag_31,0.0003374904503200112,0.02229071477541079,0.000355931767326964,positive,0.000355931767326964
2017,mom24_lag_31,0.000547738619681166,0.043613140782240274,9.141024586767046e-05,positive,9.141024586767046e-05
2017,xz_mom24_lag_31,-1.6689363969902203e-18,0.9428090415264381,-0.0003906586447405297,negative,0.0003906586447405297
2017,xr_mom24_lag_31,0.0,0.6454972243679028,0.00035983192305959086,positive,0.00035983192305959086
2017,carry_annual_lag_31,0.017866355063357084,0.020674473715426855,0.0025659754516397263,positive,0.0025659754516397263
2017,xz_carry_lag_31,4.107462767927674e-18,0.9428090415195706,-0.003297686288017562,negative,0.003297686288017562
2017,log_return_lag_30,2.7236961659617008e-05,0.0098698795556675,0.0006014339409832323,positive,0.0006014339409832323
2017,volatility_lag_30,0.00855689264318781,0.004938385873809747,0.00010199706192821762,positive,0.00010199706192821762
2017,sma20_ratio_lag_30,0.0003416079183547574,0.0222906684566288,0.001549056316132254,positive,0.001549056316132254
2017,mom24_lag_30,0.0005517167221364481,0.04361449562956514,1.4297638308574239e-05,positive,1.4297638308574239e-05
2017,xz_mom24_lag_30,-1.6957825588721005e-18,0.9428090415264458,0.00024791120913665555,positive,0.00024791120913665555
2017,xr_mom24_lag_30,0.0,0.6454972243679028,-0.0002886952719512823,negative,0.0002886952719512823
2017,carry_annual_lag_30,0.017857010311259015,0.020671767663573256,-0.009262600974068117,negative,0.009262600974068117
2017,xz_carry_lag_30,4.143257650436847e-18,0.9428090415195569,0.005339613396006139,positive,0.005339613396006139
2017,log_return_lag_29,2.993003861640919e-05,0.009869432055614967,0.0014887303805935454,positive,0.0014887303805935454
2017,volatility_lag_29,0.008558397985526399,0.004938267376177556,0.00010313856712026693,positive,0.00010313856712026693
2017,sma20_ratio_lag_29,0.00034816887633112213,0.02228961751898708,-0.009895514660031175,negative,0.009895514660031175
2017,mom24_lag_29,0.0005523942523684637,0.043615274694684125,-9.79272628190431e-05,negative,9.79272628190431e-05
2017,xz_mom24_lag_29,-1.691308198558454e-18,0.9428090415264512,1.8998158909149237e-05,positive,1.8998158909149237e-05
2017,xr_mom24_lag_29,0.0,0.6454972243679028,0.00016719827935879293,positive,0.00016719827935879293
2017,carry_annual_lag_29,0.017847665559160942,0.02066905703255062,0.007420321913430461,positive,0.007420321913430461
2017,xz_carry_lag_29,4.179052532946021e-18,0.9428090415195434,0.0007862239236863727,positive,0.0007862239236863727
2017,log_return_lag_28,2.726434102847245e-05,0.009868676428782652,-0.0030462896539947023,negative,0.0030462896539947023
2017,volatility_lag_28,0.008560171146671592,0.004937978113786408,-9.347772033135006e-05,negative,9.347772033135006e-05
2017,sma20_ratio_lag_28,0.0003516762976905035,0.022289394242192017,0.011617332722039414,positive,0.011617332722039414
2017,mom24_lag_28,0.0005589909397813794,0.04361711135108326,-3.844690384519264e-05,negative,3.844690384519264e-05
2017,xz_mom24_lag_28,-1.7159171802835109e-18,0.9428090415264613,4.4900092726804215e-06,positive,4.4900092726804215e-06
2017,xr_mom24_lag_28,0.0,0.6454972243679028,-0.00019251090744958375,negative,0.00019251090744958375
2017,carry_annual_lag_28,0.01783832080706287,0.020666341820558272,-0.0043231923114116395,negative,0.0043231923114116395
2017,xz_carry_lag_28,4.2148474154551945e-18,0.9428090415195298,-0.0026178781693253117,negative,0.0026178781693253117
2017,log_return_lag_27,3.009898113315446e-05,0.009869572859429675,0.0016585930195008082,positive,0.0016585930195008082
2017,volatility_lag_27,0.008561860671710294,0.0049376200086621155,8.479273376673277e-05,positive,8.479273376673277e-05
2017,sma20_ratio_lag_27,0.0003574651386327254,0.022289781762199055,-0.0022051801392758146,negative,0.0022051801392758146
2017,mom24_lag_27,0.0005691527288031151,0.04362147860828742,-1.231283115852395e-05,negative,1.231283115852395e-05
2017,xz_mom24_lag_27,-1.7136800001266874e-18,0.9428090415264752,2.9867749275223833e-05,positive,2.9867749275223833e-05
2017,xr_mom24_lag_27,0.0,0.6454972243679028,-3.369099494530915e-06,negative,3.369099494530915e-06
2017,carry_annual_lag_27,0.0178289760549648,0.020663622025788343,0.003305226555619738,positive,0.003305226555619738
2017,xz_carry_lag_27,4.250642297964369e-18,0.9428090415195163,0.002983101557126235,positive,0.002983101557126235
2017,log_return_lag_26,2.7968467693677434e-05,0.009870752951172986,0.0005773481032704918,positive,0.0005773481032704918
2017,volatility_lag_26,0.008563581001532714,0.004937253369151618,0.0005594414188763502,positive,0.0005594414188763502
2017,sma20_ratio_lag_26,0.0003604438220810473,0.022289746184445014,-0.004966373837634904,negative,0.004966373837634904
2017,mom24_lag_26,0.0005769649748171798,0.04362568357961353,-9.64305589317262e-06,negative,9.64305589317262e-06
2017,xz_mom24_lag_26,-1.7259844909892159e-18,0.9428090415264921,7.882662149295795e-05,positive,7.882662149295795e-05
2017,xr_mom24_lag_26,0.0,0.6454972243679028,-4.823510690786276e-05,negative,4.823510690786276e-05
2017,carry_annual_lag_26,0.01781963130286673,0.020660897646433002,-0.00210128666875358,negative,0.00210128666875358
2017,xz_carry_lag_26,4.286437180473542e-18,0.9428090415195028,0.004834028421433864,positive,0.004834028421433864
2017,log_return_lag_25,2.9368308790155047e-05,0.009870305760114238,-0.0018426644587028322,negative,0.0018426644587028322
2017,volatility_lag_25,0.008565281344366031,0.0049369036146038455,-0.0001449664999977756,negative,0.0001449664999977756
2017,sma20_ratio_lag_25,0.00036402779030648665,0.02228893717368262,0.0022570756086393627,positive,0.0022570756086393627
2017,mom24_lag_25,0.0005809589989013642,0.04362812253389721,-0.00027002876453354635,negative,0.00027002876453354635
2017,xz_mom24_lag_25,-1.760101488380772e-18,0.9428090415265038,0.00028577909122668105,positive,0.00028577909122668105
2017,xr_mom24_lag_25,0.0,0.6454972243679028,-0.00014410576434977602,negative,0.00014410576434977602
2017,carry_annual_lag_25,0.017810286550768654,0.02065816868067772,-0.001303470223884448,negative,0.001303470223884448
2017,xz_carry_lag_25,4.322232062982715e-18,0.9428090415194893,-0.002960858348045994,negative,0.002960858348045994
2017,log_return_lag_24,2.7580292815318393e-05,0.009869845788485496,-0.0014886838693271933,negative,0.0014886838693271933
2017,volatility_lag_24,0.008566868065478466,0.004936553088681217,-0.0006327219790695822,negative,0.0006327219790695822
2017,sma20_ratio_lag_24,0.0003655809218647765,0.02228872587216222,0.008931062021153409,positive,0.008931062021153409
2017,mom24_lag_24,0.0005895096550662785,0.04363289347820194,0.0007923051849322332,positive,0.0007923051849322332
2017,xz_mom24_lag_24,-1.7791175197137703e-18,0.9428090415265207,-0.0003417075396334628,negative,0.0003417075396334628
2017,xr_mom24_lag_24,0.0,0.6454972243679028,0.0001697494276215179,positive,0.0001697494276215179
2017,carry_annual_lag_24,0.01780094179867058,0.020655435126704532,-0.0033758051868647797,negative,0.0033758051868647797
2017,xz_carry_lag_24,4.3580269454918894e-18,0.9428090415194758,0.00222572788925109,positive,0.00222572788925109
2017,log_return_lag_23,2.5283062514892583e-05,0.00986986920174251,0.0021243006465220173,positive,0.0021243006465220173
2017,volatility_lag_23,0.008568457370461594,0.0049362013967965655,-0.00027936296534843873,negative,0.00027936296534843873
2017,sma20_ratio_lag_23,0.0003648278098060474,0.022289355878517478,-0.00588047913650929,negative,0.00588047913650929
2017,mom24_lag_23,0.0005961589967722693,0.043636756611428955,-0.00012772114587189369,negative,0.00012772114587189369
2017,xz_mom24_lag_23,-1.805404386556445e-18,0.9428090415265398,-7.775435703604588e-05,negative,7.775435703604588e-05
2017,xr_mom24_lag_23,0.0,0.6454972243679028,6.956727581277624e-05,positive,6.956727581277624e-05
2017,carry_annual_lag_23,0.017791597046572502,0.020652696982691794,0.0006187724860734641,positive,0.0006187724860734641
2017,xz_carry_lag_23,4.393821828001063e-18,0.9428090415194622,-0.0024025065858004993,negative,0.0024025065858004993
2017,log_return_lag_22,2.582329709557306e-05,0.009869625724698041,-0.0004258458061506057,negative,0.0004258458061506057
2017,volatility_lag_22,0.008570079597478195,0.004935836318412048,0.0004369913068949645,positive,0.0004369913068949645
2017,sma20_ratio_lag_22,0.00036451877872829483,0.022289608235943267,-0.0020229262564371714,negative,0.0020229262564371714
2017,mom24_lag_22,0.0006076280096046954,0.04364094647292165,-0.0002736856079544567,negative,0.0002736856079544567
2017,xz_mom24_lag_22,-1.756745718145537e-18,0.9428090415265568,1.4703961878350391e-05,positive,1.4703961878350391e-05
2017,xr_mom24_lag_22,0.0,0.6454972243679028,7.288628876379877e-05,positive,7.288628876379877e-05
2017,carry_annual_lag_22,0.017782354032273164,0.02064983221282591,0.0023332579880085713,positive,0.0023332579880085713
2017,xz_carry_lag_22,4.43856543113753e-18,0.9428090415194478,-0.00225998587452843,negative,0.00225998587452843
2017,log_return_lag_21,2.616287445663719e-05,0.009870198233785628,-0.0013701129403378256,negative,0.0013701129403378256
2017,volatility_lag_21,0.008571605093733838,0.004935430874487785,0.00012478998514815434,positive,0.00012478998514815434
2017,sma20_ratio_lag_21,0.00036448015327186816,0.022289516649802738,0.0061263790822718295,positive,0.0061263790822718295
2017,mom24_lag_21,0.0006202413103470486,0.043645127805825544,0.00041202608815251547,positive,0.00041202608815251547
2017,xz_mom24_lag_21,-1.7271030810676275e-18,0.9428090415265648,-0.00020550552187814024,negative,0.00020550552187814024
2017,xr_mom24_lag_21,0.0,0.6454972243679028,8.5579083803355e-05,positive,8.5579083803355e-05
2017,carry_annual_lag_21,0.017773111017973825,0.020646962907657534,0.0012715996194428722,positive,0.0012715996194428722
2017,xz_carry_lag_21,4.483309034273997e-18,0.9428090415194332,-0.0003802476628712208,negative,0.0003802476628712208
2017,log_return_lag_20,2.8082041846060593e-05,0.009871387200496733,0.0015527992895172913,positive,0.0015527992895172913
2017,volatility_lag_20,0.008572977977202752,0.004934976669521374,-8.434426149929968e-05,negative,8.434426149929968e-05
2017,sma20_ratio_lag_20,0.00036622021156261004,0.022289283773288687,-0.0059109116358949795,negative,0.0059109116358949795
2017,mom24_lag_20,0.0006258943086672986,0.04364591679736919,-5.454332198588912e-05,negative,5.454332198588912e-05
2017,xz_mom24_lag_20,-1.7136800001266874e-18,0.9428090415265783,0.00026806126703897274,positive,0.00026806126703897274
2017,xr_mom24_lag_20,0.0,0.6454972243679028,2.418508057742887e-05,positive,2.418508057742887e-05
2017,carry_annual_lag_20,0.017763868003674486,0.020644089065297307,0.006400871340395329,positive,0.006400871340395329
2017,xz_carry_lag_20,4.528052637410464e-18,0.9428090415194188,-0.00573521924000138,negative,0.00573521924000138
2017,log_return_lag_19,3.323322612825846e-05,0.009871612661258874,-0.0010286078676079327,negative,0.0010286078676079327
2017,volatility_lag_19,0.008574337651751179,0.00493452711600081,0.0003911318682147419,positive,0.0003911318682147419
2017,sma20_ratio_lag_19,0.0003726695683198669,0.022289265833221484,-0.001715888445654336,negative,0.001715888445654336
2017,mom24_lag_19,0.0006343871418824469,0.0436453831775361,-0.0004061220931880342,negative,0.0004061220931880342
2017,xz_mom24_lag_19,-1.684596658087984e-18,0.9428090415265885,-0.0001533656405348703,negative,0.0001533656405348703
2017,xr_mom24_lag_19,0.0,0.6454972243679028,-0.00022113928956019285,negative,0.00022113928956019285
2017,carry_annual_lag_19,0.01775462498937515,0.020641210683848315,-0.004063283034715647,negative,0.004063283034715647
2017,xz_carry_lag_19,4.572796240546931e-18,0.9428090415194043,0.0027840048692386395,positive,0.0027840048692386395
2017,log_return_lag_18,3.5232046550416236e-05,0.0098731369217398,-0.0017847474212559916,negative,0.0017847474212559916
2017,volatility_lag_18,0.008575725859152856,0.004934095370682203,-0.0005989884938527395,negative,0.0005989884938527395
2017,sma20_ratio_lag_18,0.0003806550770342879,0.0222909767366586,0.00672791005408258,positive,0.00672791005408258
2017,mom24_lag_18,0.0006455695767424302,0.04364567120996136,-0.0003231018022146321,negative,0.0003231018022146321
2017,xz_mom24_lag_18,-1.6432088251867518e-18,0.9428090415265847,0.00015823609192129574,positive,0.00015823609192129574
2017,xr_mom24_lag_18,0.0,0.6454972243679028,6.847396780856581e-05,positive,6.847396780856581e-05
2017,carry_annual_lag_18,0.01774538197507581,0.02063832776141239,0.0027168470120900036,positive,0.0027168470120900036
2017,xz_carry_lag_18,4.617539843683398e-18,0.9428090415193898,0.0004991410399695184,positive,0.0004991410399695184
2017,log_return_lag_17,3.2305720566669656e-05,0.00987514159725408,0.0012527548337983691,positive,0.0012527548337983691
2017,volatility_lag_17,0.008577209520189599,0.004933630870239836,0.00012156638107991354,positive,0.00012156638107991354
2017,sma20_ratio_lag_17,0.00038524049371851276,0.02229051347100097,-0.00027791392955860833,negative,0.00027791392955860833
2017,mom24_lag_17,0.0006529468583561283,0.0436432542655618,-0.00010989622837641663,negative,0.00010989622837641663
2017,xz_mom24_lag_17,-1.597346631971873e-18,0.9428090415265469,-0.00029770843173934354,negative,0.00029770843173934354
2017,xr_mom24_lag_17,0.0,0.6454972243679028,0.0002798968718462356,positive,0.0002798968718462356
2017,carry_annual_lag_17,0.01773613896077647,0.02063544029608559,0.00230184651145797,positive,0.00230184651145797
2017,xz_carry_lag_17,4.662283446819865e-18,0.9428090415193754,-0.0016775837773386581,negative,0.0016775837773386581
2017,log_return_lag_16,3.0382310324844097e-05,0.00987511482071974,0.001370991474907189,positive,0.001370991474907189
2017,volatility_lag_16,0.00857850695373753,0.00493313284718222,0.00034788272186467273,positive,0.00034788272186467273
2017,sma20_ratio_lag_16,0.0003875167904126763,0.022290468015852737,-0.0011997934135685184,negative,0.0011997934135685184
2017,mom24_lag_16,0.0006580120805190309,0.04364145913129325,-0.00042000100333250423,negative,0.00042000100333250423
2017,xz_mom24_lag_16,-1.5705004700899929e-18,0.9428090415265237,0.0004205729004275222,positive,0.0004205729004275222
2017,xr_mom24_lag_16,0.0,0.6454972243679028,-0.00022186261131743653,negative,0.00022186261131743653
2017,carry_annual_lag_16,0.01772689594647713,0.020632548285961772,-0.002673874628248125,negative,0.002673874628248125
2017,xz_carry_lag_16,4.707027049956332e-18,0.9428090415193608,-0.0013314624949459634,negative,0.0013314624949459634
2017,log_return_lag_15,2.9870477883914827e-05,0.009875801836965268,0.0009683651713045872,positive,0.0009683651713045872
2017,volatility_lag_15,0.008579837025444174,0.004932636381442232,-0.00023009101694339013,negative,0.00023009101694339013
2017,sma20_ratio_lag_15,0.000389025414254005,0.02229069550360204,-0.004770304716293124,negative,0.004770304716293124
2017,mom24_lag_15,0.0006635904680734482,0.043639455491207735,-0.00018396298011897337,negative,0.00018396298011897337
2017,xz_mom24_lag_15,-1.5570773891490528e-18,0.9428090415265141,-0.00021226704393597848,negative,0.00021226704393597848
2017,xr_mom24_lag_15,0.0,0.6454972243679028,3.665096223925924e-05,positive,3.665096223925924e-05
2017,carry_annual_lag_15,0.017717652932177794,0.020629651729128094,-0.0027031735795341365,negative,0.0027031735795341365
2017,xz_carry_lag_15,4.751770653092799e-18,0.9428090415193464,0.000606076601506571,positive,0.000606076601506571
2017,log_return_lag_14,3.048476721745486e-05,0.009876046710846078,-0.001108162494591692,negative,0.001108162494591692
2017,volatility_lag_14,0.00858122095327476,0.004932087509507757,-0.00025675401187234684,negative,0.00025675401187234684
2017,sma20_ratio_lag_14,0.00039073803246617836,0.022291198263973945,0.0022545229589717264,positive,0.0022545229589717264
2017,mom24_lag_14,0.000668799120884725,0.04363789175988193,0.00027872840388251294,positive,0.00027872840388251294
2017,xz_mom24_lag_14,-1.494436344757999e-18,0.9428090415265133,-0.00010442986990932053,negative,0.00010442986990932053
2017,xr_mom24_lag_14,0.0,0.6454972243679028,0.00014667072738539693,positive,0.00014667072738539693
2017,carry_annual_lag_14,0.017708409917878455,0.02062675062367035,0.0004643101327871958,positive,0.0004643101327871958
2017,xz_carry_lag_14,4.796514256229266e-18,0.942809041519332,0.006251531744817785,positive,0.006251531744817785
2017,log_return_lag_13,3.6910407470164175e-05,0.009879914172974716,3.2371319542920775e-05,positive,3.2371319542920775e-05
2017,volatility_lag_13,0.008582690077320865,0.004931545707011566,-2.6163727808101384e-05,negative,2.6163727808101384e-05
2017,sma20_ratio_lag_13,0.00039839985292665613,0.022294298882380503,-0.005801010097070274,negative,0.005801010097070274
2017,mom24_lag_13,0.0006818769691655322,0.04363735242320835,-0.0005993932074686057,negative,0.0005993932074686057
2017,xz_mom24_lag_13,-1.5212825066398792e-18,0.9428090415265183,9.513510832643624e-05,positive,9.513510832643624e-05
2017,xr_mom24_lag_13,0.0,0.6454972243679028,-0.00027945013625118686,negative,0.00027945013625118686
2017,carry_annual_lag_13,0.017699166903579113,0.020623844967667844,-0.004906718588004964,negative,0.004906718588004964
2017,xz_carry_lag_13,4.841257859365733e-18,0.9428090415193175,0.0013410379353905606,positive,0.0013410379353905606
2017,log_return_lag_12,3.7977127410115796e-05,0.00987980329283195,-0.002469581405067723,negative,0.002469581405067723
2017,volatility_lag_12,0.008583609835898785,0.004931102043988094,0.0006111908589395488,positive,0.0006111908589395488
2017,sma20_ratio_lag_12,0.00040651364070123615,0.022297218182717453,-0.0010002719040543922,negative,0.0010002719040543922
2017,mom24_lag_12,0.0006973518854481573,0.04363908778982108,-0.0002313780960801617,negative,0.0002313780960801617
2017,xz_mom24_lag_12,-1.4586414622488253e-18,0.9428090415265227,4.70460451366477e-05,positive,4.70460451366477e-05
2017,xr_mom24_lag_12,0.0,0.6454972243679028,0.00010545082622456315,positive,0.00010545082622456315
2017,carry_annual_lag_12,0.017689923889279775,0.020620934759199273,-0.0004491402336872812,negative,0.0004491402336872812
2017,xz_carry_lag_12,4.8860014625022e-18,0.942809041519303,6.202242527559734e-06,positive,6.202242527559734e-06
2017,log_return_lag_11,4.0398820501837624e-05,0.00988047325444535,-0.0029350008280897705,negative,0.0029350008280897705
2017,volatility_lag_11,0.008584494621060246,0.004930647608726155,-0.0001824346687094026,negative,0.0001824346687094026
2017,sma20_ratio_lag_11,0.00041641482148554104,0.022301579300258775,0.004595347864494849,positive,0.004595347864494849
2017,mom24_lag_11,0.0007130962993533391,0.04364116203119984,-0.00034299853485401065,negative,0.00034299853485401065
2017,xz_mom24_lag_11,-1.5302312272671726e-18,0.9428090415265246,-0.00019009877213889284,negative,0.00019009877213889284
2017,xr_mom24_lag_11,0.0,0.6454972243679028,1.2293121630446192e-05,positive,1.2293121630446192e-05
2017,carry_annual_lag_11,0.017680680874980436,0.020618019996333482,0.011925221055727787,positive,0.011925221055727787
2017,xz_carry_lag_11,4.9307450656386676e-18,0.9428090415192886,-0.009462312059335372,negative,0.009462312059335372
2017,log_return_lag_10,4.156388058664217e-05,0.009880347753275804,-0.001043196681117924,negative,0.001043196681117924
2017,volatility_lag_10,0.008585353348146302,0.004930215986958802,-0.00024382447078040014,negative,0.00024382447078040014
2017,sma20_ratio_lag_10,0.00042672813348716704,0.02230441017414226,0.006709978050451481,positive,0.006709978050451481
2017,mom24_lag_10,0.0007324840044751941,0.043642921493466755,-0.00010017548172402014,negative,0.00010017548172402014
2017,xz_mom24_lag_10,-1.404949138485065e-18,0.9428090415265247,-8.63111388626565e-05,negative,8.63111388626565e-05
2017,xr_mom24_lag_10,0.0,0.6454972243679028,-3.834667402945928e-05,negative,3.834667402945928e-05
2017,carry_annual_lag_10,0.017671312396323722,0.020615067075350085,0.00015064391542263686,positive,0.00015064391542263686
2017,xz_carry_lag_10,5.0470784337934815e-18,0.9428090415192742,0.0021555945145655944,positive,0.0021555945145655944
2017,log_return_lag_9,4.65903311135807e-05,0.009882796840685656,0.0020575871163384155,positive,0.0020575871163384155
2017,volatility_lag_9,0.008586296274209952,0.0049297355029653146,-0.00023922689876511294,negative,0.00023922689876511294
2017,sma20_ratio_lag_9,0.00044129395577180766,0.022310294585047595,0.0009920785740252782,positive,0.0009920785740252782
2017,mom24_lag_9,0.0007527659844789454,0.04364476745951416,8.932763080826683e-05,positive,8.932763080826683e-05
2017,xz_mom24_lag_9,-1.5168081463262325e-18,0.942809041526523,0.000356687640074065,positive,0.000356687640074065
2017,xr_mom24_lag_9,0.0,0.6454972243679028,-8.52627303663457e-05,negative,8.52627303663457e-05
2017,carry_annual_lag_9,0.017661943917667008,0.020612109473227832,-0.008200595244671594,negative,0.008200595244671594
2017,xz_carry_lag_9,5.127616919439122e-18,0.9428090415192598,0.0049294782868890535,positive,0.0049294782868890535
2017,log_return_lag_8,4.464008496663565e-05,0.009883880576769873,0.002764762308603581,positive,0.002764762308603581
2017,volatility_lag_8,0.0085872832496933,0.004929256759967029,0.0005012798962211818,positive,0.0005012798962211818
2017,sma20_ratio_lag_8,0.0004529581534223673,0.022312547419171047,-0.006683845156452985,negative,0.006683845156452985
2017,mom24_lag_8,0.000771573669809414,0.04364674949544318,-0.00043115006912977085,negative,0.00043115006912977085
2017,xz_mom24_lag_8,-1.4720645431897654e-18,0.9428090415265203,0.00012771542318135002,positive,0.00012771542318135002
2017,xr_mom24_lag_8,0.0,0.6454972243679028,-9.650381544032373e-05,negative,9.650381544032373e-05
2017,carry_annual_lag_8,0.017652575439010294,0.020609147187954098,0.003652868509272868,positive,0.003652868509272868
2017,xz_carry_lag_8,5.243950287593937e-18,0.9428090415192453,-0.0028767686777068373,negative,0.0028767686777068373
2017,log_return_lag_7,4.691838494516713e-05,0.009883735309467437,-6.054113204566683e-05,negative,6.054113204566683e-05
2017,volatility_lag_7,0.008588247449640922,0.004928797312245715,-0.0008581006129660569,negative,0.0008581006129660569
2017,sma20_ratio_lag_7,0.00046611212781995484,0.02231745420601024,-0.00024758058597603794,negative,0.00024758058597603794
2017,mom24_lag_7,0.0007913062533156662,0.04365104343993146,-0.00048672813845223077,negative,0.00048672813845223077
2017,xz_mom24_lag_7,-1.5749748304036396e-18,0.9428090415265226,-0.00021048945553258183,negative,0.00021048945553258183
2017,xr_mom24_lag_7,0.0,0.6454972243679028,0.00010852032240309247,positive,0.00010852032240309247
2017,carry_annual_lag_7,0.01764320696035358,0.020606180217506303,-0.0027382629454963704,negative,0.0027382629454963704
2017,xz_carry_lag_7,5.360283655748751e-18,0.9428090415192307,0.00032249608408908517,positive,0.00032249608408908517
2017,log_return_lag_6,4.4724346114574685e-05,0.009884130154705593,-0.00018293784064991924,negative,0.00018293784064991924
2017,volatility_lag_6,0.008589216992268849,0.004928345283224151,0.0007424635117055019,positive,0.0007424635117055019
2017,sma20_ratio_lag_6,0.00047617467491097324,0.022319766676536835,0.009566071038880903,positive,0.009566071038880903
2017,mom24_lag_6,0.000808793637770623,0.04365552472754828,-0.0006640729502473263,negative,0.0006640729502473263
2017,xz_mom24_lag_6,-1.5682632899331696e-18,0.9428090415265271,-0.0001956311028888406,negative,0.0001956311028888406
2017,xr_mom24_lag_6,0.0,0.6454972243679028,0.00013775953736366582,positive,0.00013775953736366582
2017,carry_annual_lag_6,0.017633838481696865,0.02060320855986227,0.007592160991866583,positive,0.007592160991866583
2017,xz_carry_lag_6,5.4766170239035655e-18,0.9428090415192162,-0.0024506205079954705,negative,0.0024506205079954705
2017,log_return_lag_5,4.3549703879471506e-05,0.009884371839227947,0.004108673837493449,positive,0.004108673837493449
2017,volatility_lag_5,0.008590148286488073,0.004927912142766142,-0.00026165575227843964,negative,0.00026165575227843964
2017,sma20_ratio_lag_5,0.00048431933828976196,0.022320470623506304,-0.008376586331496922,negative,0.008376586331496922
2017,mom24_lag_5,0.0008224133030336847,0.043656946445629174,-7.036031410853735e-05,negative,7.036031410853735e-05
2017,xz_mom24_lag_5,-1.6644620366765738e-18,0.9428090415265225,0.00034632117205712844,positive,0.00034632117205712844
2017,xr_mom24_lag_5,0.0,0.6454972243679028,9.040842403680756e-07,positive,9.040842403680756e-07
2017,carry_annual_lag_5,0.01762447000304015,0.020600232212993282,-0.002233766753503894,negative,0.002233766753503894
2017,xz_carry_lag_5,5.557155509549206e-18,0.9428090415192016,0.0026232825659102147,positive,0.0026232825659102147
2017,log_return_lag_4,4.352121276206832e-05,0.009884798565316866,0.0006661362868738259,positive,0.0006661362868738259
2017,volatility_lag_4,0.008591043742638228,0.004927481642199941,2.4250611851273633e-06,positive,2.4250611851273633e-06
2017,sma20_ratio_lag_4,0.0004916285598825931,0.022320641272257337,0.001788836479605788,positive,0.001788836479605788
2017,mom24_lag_4,0.0008386701747672796,0.04365794167351489,0.000769064050306627,positive,0.000769064050306627
2017,xz_mom24_lag_4,-1.61524407322646e-18,0.9428090415265207,-0.00016479021840254578,negative,0.00016479021840254578
2017,xr_mom24_lag_4,0.0,0.6454972243679028,-0.00015874712821160744,negative,0.00015874712821160744
2017,carry_annual_lag_4,0.017615101524383434,0.02059725117486515,-0.003454093647152752,negative,0.003454093647152752
2017,xz_carry_lag_4,5.67348887770402e-18,0.9428090415191871,-0.005734451932676149,negative,0.005734451932676149
2017,log_return_lag_3,6.213044923684137e-05,0.009943559640644738,0.0017497481941291808,positive,0.0017497481941291808
2017,volatility_lag_3,0.008593566680704007,0.004927785808732256,0.0010320356403931059,positive,0.0010320356403931059
2017,sma20_ratio_lag_3,0.0005163686188895674,0.02235329784705705,-0.002310181870573767,negative,0.002310181870573767
2017,mom24_lag_3,0.0008707016428709663,0.04368068484649331,0.000792223712779269,positive,0.000792223712779269
2017,xz_mom24_lag_3,-1.8389620889087953e-18,0.9428090415265271,-0.0001979489322689364,negative,0.0001979489322689364
2017,xr_mom24_lag_3,0.0,0.6454972243679028,8.213726005185801e-05,positive,8.213726005185801e-05
2017,carry_annual_lag_3,0.017605733045726723,0.020594265443442145,0.0038351042103180162,positive,0.0038351042103180162
2017,xz_carry_lag_3,5.789822245858834e-18,0.9428090415191724,-0.0004985989905418215,negative,0.0004985989905418215
2017,log_return_lag_2,6.610984438733636e-05,0.009945312378806323,0.0010449686988300176,positive,0.0010449686988300176
2017,volatility_lag_2,0.008596089396850951,0.004928086236986992,-0.001597976472595717,negative,0.001597976472595717
2017,sma20_ratio_lag_2,0.0005431323246547169,0.022390276647773915,-0.002371465749026301,negative,0.002371465749026301
2017,mom24_lag_2,0.0009088430195646242,0.043715337003279904,0.000898964909377324,positive,0.000898964909377324
2017,xz_mom24_lag_2,-1.894891592829379e-18,0.9428090415265357,0.00023391037030064598,positive,0.00023391037030064598
2017,xr_mom24_lag_2,0.0,0.6454972243679028,-5.805867916427196e-05,negative,5.805867916427196e-05
2017,carry_annual_lag_2,0.017596364567070005,0.02059127501668254,-0.0013072642581937607,negative,0.0013072642581937607
2017,xz_carry_lag_2,5.906155614013649e-18,0.9428090415191579,-0.000804925222457671,negative,0.000804925222457671
2017,log_return_lag_1,6.000404310663277e-05,0.009948928921568439,0.0003450249015927902,positive,0.0003450249015927902
2017,volatility_lag_1,0.008598697121292234,0.004928488809751194,9.978219057104865e-05,positive,9.978219057104865e-05
2017,sma20_ratio_lag_1,0.0005617107724900263,0.022409453129142873,0.004229433045476384,positive,0.004229433045476384
2017,mom24_lag_1,0.0009394787538811012,0.04374321094661076,0.0013926468243198546,positive,0.0013926468243198546
2017,xz_mom24_lag_1,-1.919500574554436e-18,0.9428090415265481,0.0002103362300795184,positive,0.0002103362300795184
2017,xr_mom24_lag_1,0.0,0.6454972243679028,0.00017676617626391695,positive,0.00017676617626391695
2017,carry_annual_lag_1,0.01758699608841329,0.02058827989254018,-0.00199963320765819,negative,0.00199963320765819
2017,xz_carry_lag_1,5.986694099659289e-18,0.9428090415191434,0.002960991567706894,positive,0.002960991567706894
2017,log_return_lag_0,5.763138171909006e-05,0.009949706768714654,0.0025672889897987872,positive,0.0025672889897987872
2017,volatility_lag_0,0.00860133659382734,0.004928880377522589,0.0007712180575097948,positive,0.0007712180575097948
2017,sma20_ratio_lag_0,0.0005762732406250086,0.022421241382574595,-0.007506289465842174,negative,0.007506289465842174
2017,mom24_lag_0,0.0009695298427848728,0.043765572947311315,0.0023113074925182756,positive,0.0023113074925182756
2017,xz_mom24_lag_0,-1.9105518539271423e-18,0.9428090415265626,-0.00020902826426019044,negative,0.00020902826426019044
2017,xr_mom24_lag_0,0.0,0.6454972243679028,-0.00021160368001493898,negative,0.00021160368001493898
2017,carry_annual_lag_0,0.017577525602744122,0.020585283653796648,-0.0014196753236181056,negative,0.0014196753236181056
2017,xz_carry_lag_0,6.085130026559517e-18,0.9428090415191277,0.003855520918531003,positive,0.003855520918531003
2018,log_return_lag_31,2.3210094381582925e-05,0.009701436240021372,0.00010402610749630024,positive,0.00010402610749630024
2018,volatility_lag_31,0.00844531508806384,0.004823681260779927,-0.00023946245617917,negative,0.00023946245617917
2018,sma20_ratio_lag_31,0.0003189928370081566,0.02204879015225628,0.00038269810389241415,positive,0.00038269810389241415
2018,mom24_lag_31,0.0006585257469868263,0.043134723380599864,6.88880851458211e-05,positive,6.88880851458211e-05
2018,xz_mom24_lag_31,1.676394652879292e-19,0.9428090415260221,-0.00033074975054363123,negative,0.00033074975054363123
2018,xr_mom24_lag_31,0.0,0.6454972243679028,0.0003196766897405476,positive,0.0003196766897405476
2018,carry_annual_lag_31,0.016721374873632695,0.020326316215484704,0.00093879894933857,positive,0.00093879894933857
2018,xz_carry_lag_31,4.3422710277019715e-18,0.9428090415172936,-0.0014001070443779256,negative,0.0014001070443779256
2018,log_return_lag_30,2.78799867440617e-05,0.009702281623522732,0.0004422988095404576,positive,0.0004422988095404576
2018,volatility_lag_30,0.008445407789303742,0.004823609041912532,0.00012635741177139206,positive,0.00012635741177139206
2018,sma20_ratio_lag_30,0.0003218028648415856,0.022048219928187632,0.000775203853171374,positive,0.000775203853171374
2018,mom24_lag_30,0.0006495990957084582,0.043140023324890434,4.436112134349124e-05,positive,4.436112134349124e-05
2018,xz_mom24_lag_30,1.676394652879292e-19,0.9428090415260293,0.00019128492643682808,positive,0.00019128492643682808
2018,xr_mom24_lag_30,0.0,0.6454972243679028,-0.00023762592113585175,negative,0.00023762592113585175
2018,carry_annual_lag_30,0.01671264856479723,0.02032317274382129,-0.004872659390410508,negative,0.004872659390410508
2018,xz_carry_lag_30,4.3668036323782535e-18,0.9428090415172765,0.0014169626172321767,positive,0.0014169626172321767
2018,log_return_lag_29,2.922611415237137e-05,0.009701690787453515,0.0008899557153863987,positive,0.0008899557153863987
2018,volatility_lag_29,0.00844551258729377,0.004823531274686475,-0.00011153644765324552,negative,0.00011153644765324552
2018,sma20_ratio_lag_29,0.00032640436518007544,0.02204645350739689,-0.006944540630108414,negative,0.006944540630108414
2018,mom24_lag_29,0.0006392164859644367,0.04314672761707114,-0.00011342787511667933,negative,0.00011342787511667933
2018,xz_mom24_lag_29,1.5537316294978805e-19,0.9428090415260357,6.578848744872657e-05,positive,6.578848744872657e-05
2018,xr_mom24_lag_29,0.0,0.6454972243679028,0.00012717435349295962,positive,0.00012717435349295962
2018,carry_annual_lag_29,0.016703922255961758,0.020320025038408546,0.0038211562100334516,positive,0.0038211562100334516
2018,xz_carry_lag_29,4.3913362370545355e-18,0.9428090415172596,0.002564980819608053,positive,0.002564980819608053
2018,log_return_lag_28,2.5604965006444373e-05,0.009701362115963017,-0.0023332247442524154,negative,0.0023332247442524154
2018,volatility_lag_28,0.008445865900745947,0.0048233029005505836,0.00026822672068265455,positive,0.00026822672068265455
2018,sma20_ratio_lag_28,0.00032784871839800373,0.02204618914136868,0.008680492253316517,positive,0.008680492253316517
2018,mom24_lag_28,0.0006300400599323706,0.04315261937643505,-3.3524509214606936e-05,negative,3.3524509214606936e-05
2018,xz_mom24_lag_28,1.1448548848931751e-19,0.9428090415260456,-4.2714222072256334e-05,negative,4.2714222072256334e-05
2018,xr_mom24_lag_28,0.0,0.6454972243679028,-0.00017861287898602207,negative,0.00017861287898602207
2018,carry_annual_lag_28,0.01669519594712629,0.020316873097280627,-0.0035472235046344366,negative,0.0035472235046344366
2018,xz_carry_lag_28,4.415868841730818e-18,0.9428090415172427,-0.001664970888304014,negative,0.001664970888304014
2018,log_return_lag_27,2.6002274347655985e-05,0.009701382716008419,0.0010810470125255799,positive,0.0010810470125255799
2018,volatility_lag_27,0.008446254086189318,0.0048230472066201355,-5.208051733846001e-05,negative,5.208051733846001e-05
2018,sma20_ratio_lag_27,0.00033016548575277166,0.02204599576372833,-0.0008515474727128008,negative,0.0008515474727128008
2018,mom24_lag_27,0.000619632292043543,0.04315782847086185,2.8885054784897077e-05,positive,2.8885054784897077e-05
2018,xz_mom24_lag_27,4.906520935256465e-20,0.9428090415260554,1.2384653359125037e-05,positive,1.2384653359125037e-05
2018,xr_mom24_lag_27,0.0,0.6454972243679028,6.90869347926976e-06,positive,6.90869347926976e-06
2018,carry_annual_lag_27,0.016686469638290822,0.0203137169184659,0.0026206135888410553,positive,0.0026206135888410553
2018,xz_carry_lag_27,4.4404014464071e-18,0.9428090415172258,0.0026183553822746275,positive,0.0026183553822746275
2018,log_return_lag_26,2.3927631924264408e-05,0.009702312055919898,0.0005588504310549085,positive,0.0005588504310549085
2018,volatility_lag_26,0.008446687105778453,0.004822767200552396,0.0003571695208401927,positive,0.0003571695208401927
2018,sma20_ratio_lag_26,0.00033063276172100515,0.02204594438933464,-0.004028913332944961,negative,0.004028913332944961
2018,mom24_lag_26,0.0006057253718210608,0.04316523551923878,-6.531809223971939e-05,negative,6.531809223971939e-05
2018,xz_mom24_lag_26,-1.1448548848931751e-19,0.9428090415260639,0.0001002259992854841,positive,0.0001002259992854841
2018,xr_mom24_lag_26,0.0,0.6454972243679028,-4.6896402382557524e-05,negative,4.6896402382557524e-05
2018,carry_annual_lag_26,0.016677743329455357,0.020310556499986632,-0.0005499510160542138,negative,0.0005499510160542138
2018,xz_carry_lag_26,4.464934051083383e-18,0.9428090415172089,0.0029229303077347745,positive,0.0029229303077347745
2018,log_return_lag_25,2.5544115585924402e-05,0.00970170963648348,-0.0014506035457999755,negative,0.0014506035457999755
2018,volatility_lag_25,0.008447090379150132,0.00482250339706064,-4.032545620232363e-05,negative,4.032545620232363e-05
2018,sma20_ratio_lag_25,0.0003328561535779563,0.02204511060949754,0.001755563222089625,positive,0.001755563222089625
2018,mom24_lag_25,0.0005927394023833777,0.043171432827494145,-0.00014714492869307113,negative,0.00014714492869307113
2018,xz_mom24_lag_25,-2.4532604676282322e-19,0.942809041526069,0.00020015629899791215,positive,0.00020015629899791215
2018,xr_mom24_lag_25,0.0,0.6454972243679028,-7.418967502976222e-05,negative,7.418967502976222e-05
2018,carry_annual_lag_25,0.016669017020619886,0.02030739183986468,-0.0019322929191255217,negative,0.0019322929191255217
2018,xz_carry_lag_25,4.489466655759665e-18,0.942809041517192,-0.0015204101110935862,negative,0.0015204101110935862
2018,log_return_lag_24,2.4255272753447755e-05,0.009701281009188366,-0.0012283461328580463,negative,0.0012283461328580463
2018,volatility_lag_24,0.00844737712677944,0.004822306048422466,-0.0005948777698911722,negative,0.0005948777698911722
2018,sma20_ratio_lag_24,0.00033397995633101696,0.022044876884668,0.007103531275235676,positive,0.007103531275235676
2018,mom24_lag_24,0.0005827846700610359,0.043173920501054716,0.0005837490265312281,positive,0.0005837490265312281
2018,xz_mom24_lag_24,-3.1892386079167023e-19,0.9428090415260759,-0.0002762809464336258,negative,0.0002762809464336258
2018,xr_mom24_lag_24,0.0,0.6454972243679028,0.00012616208494528234,positive,0.00012616208494528234
2018,carry_annual_lag_24,0.016660290711784414,0.02030422293611621,-0.002437058593546873,negative,0.002437058593546873
2018,xz_carry_lag_24,4.513999260435947e-18,0.942809041517175,0.0007676770471132365,positive,0.0007676770471132365
2018,log_return_lag_23,2.5040111931850935e-05,0.009701590837584142,0.0015545714503745348,positive,0.0015545714503745348
2018,volatility_lag_23,0.008447700669118118,0.004822091885491394,-0.00014815245855242384,negative,0.00014815245855242384
2018,sma20_ratio_lag_23,0.0003359343867215494,0.022045109729088734,-0.00373408034547421,negative,0.00373408034547421
2018,mom24_lag_23,0.000572426844913441,0.04317651673355517,-0.0001283854105063012,negative,0.0001283854105063012
2018,xz_mom24_lag_23,-2.9439125611538786e-19,0.9428090415260844,-0.00011867554009076066,negative,0.00011867554009076066
2018,xr_mom24_lag_23,0.0,0.6454972243679028,9.156831096930082e-05,positive,9.156831096930082e-05
2018,carry_annual_lag_23,0.01665156440294894,0.020301049786755006,0.0005491693792023225,positive,0.0005491693792023225
2018,xz_carry_lag_23,4.53853186511223e-18,0.9428090415171582,-0.0014816388019086126,negative,0.0014816388019086126
2018,log_return_lag_22,2.74058181084186e-05,0.00970151084634251,-5.118082945394703e-05,negative,5.118082945394703e-05
2018,volatility_lag_22,0.008448062865608091,0.004821865225288388,0.00021020605160624705,positive,0.00021020605160624705
2018,sma20_ratio_lag_22,0.0003401027042435154,0.022044928039731015,-0.0013493724468882022,negative,0.0013493724468882022
2018,mom24_lag_22,0.0005714677443599068,0.043176637914874465,-0.00031113408168490295,negative,0.00031113408168490295
2018,xz_mom24_lag_22,-3.107463258995761e-19,0.9428090415260828,-4.04138823473995e-05,negative,4.04138823473995e-05
2018,xr_mom24_lag_22,0.0,0.6454972243679028,0.00014449203435331704,positive,0.00014449203435331704
2018,carry_annual_lag_22,0.016642838094113467,0.0202978723897891,0.0018857685372037187,positive,0.0018857685372037187
2018,xz_carry_lag_22,4.563064469788512e-18,0.9428090415171413,-0.002045839563995621,negative,0.002045839563995621
2018,log_return_lag_21,2.7580287163540024e-05,0.009701557489528565,-0.0006929016927111806,negative,0.0006929016927111806
2018,volatility_lag_21,0.008448401371295941,0.004821647319121948,0.0002922924363866373,positive,0.0002922924363866373
2018,sma20_ratio_lag_21,0.0003441749897939552,0.02204507828329229,0.004427431571124399,positive,0.004427431571124399
2018,mom24_lag_21,0.0005704041963274118,0.043176770865582415,0.0002745591176773568,positive,0.0002745591176773568
2018,xz_mom24_lag_21,-3.06657558453529e-19,0.9428090415260827,-0.00015421250871459164,negative,0.00015421250871459164
2018,xr_mom24_lag_21,0.0,0.6454972243679028,2.6187719773987488e-05,positive,2.6187719773987488e-05
2018,carry_annual_lag_21,0.016634167521623888,0.02029465305895831,0.001711194367894596,positive,0.001711194367894596
2018,xz_carry_lag_21,4.612129679141077e-18,0.9428090415171242,-0.0011350608337528398,negative,0.0011350608337528398
2018,log_return_lag_20,2.6092347583540272e-05,0.009701651194149442,0.0014428217077919905,positive,0.0014428217077919905
2018,volatility_lag_20,0.008448722043441732,0.00482143523794797,-0.0001796928434410567,negative,0.0001796928434410567
2018,sma20_ratio_lag_20,0.00034652418341568343,0.022045289392921295,-0.004603237586216923,negative,0.004603237586216923
2018,mom24_lag_20,0.0005687525079320063,0.04317746569574391,-0.0001379944626035159,negative,0.0001379944626035159
2018,xz_mom24_lag_20,-2.8416933750027027e-19,0.9428090415260938,0.00027689054740125547,positive,0.00027689054740125547
2018,xr_mom24_lag_20,0.0,0.6454972243679028,-2.0230716161534702e-05,negative,2.0230716161534702e-05
2018,carry_annual_lag_20,0.01662549694913431,0.020291429512410607,0.003621046520592,positive,0.003621046520592
2018,xz_carry_lag_20,4.661194888493642e-18,0.9428090415171072,-0.002332823381952801,negative,0.002332823381952801
2018,log_return_lag_19,2.696075910292971e-05,0.009701197213516411,-0.0005521263144311722,negative,0.0005521263144311722
2018,volatility_lag_19,0.008448998458085284,0.004821248733397342,0.0003702968236705332,positive,0.0003702968236705332
2018,sma20_ratio_lag_19,0.00034941784709976585,0.022044783697145,-0.0016139725432841568,negative,0.0016139725432841568
2018,mom24_lag_19,0.0005699850863757052,0.04317738152076751,-0.00038778940294001744,negative,0.00038778940294001744
2018,xz_mom24_lag_19,-3.02568791007482e-19,0.9428090415261018,-0.0001828454356191388,negative,0.0001828454356191388
2018,xr_mom24_lag_19,0.0,0.6454972243679028,-0.00016629993305772298,negative,0.00016629993305772298
2018,carry_annual_lag_19,0.016616826376644727,0.020288201748137155,-0.0016128891143851903,negative,0.0016128891143851903
2018,xz_carry_lag_19,4.710260097846206e-18,0.9428090415170902,6.511845347841385e-05,positive,6.511845347841385e-05
2018,log_return_lag_18,2.7759638624267363e-05,0.009701244068655801,-0.0012439930765322448,negative,0.0012439930765322448
2018,volatility_lag_18,0.008449292470560517,0.00482105300540229,-0.00042917899950051534,negative,0.00042917899950051534
2018,sma20_ratio_lag_18,0.00035268866765212546,0.022044524480399265,0.0055446244128422644,positive,0.0055446244128422644
2018,mom24_lag_18,0.0005732208369904718,0.0431771070184713,-0.0004408035346314335,negative,0.0004408035346314335
2018,xz_mom24_lag_18,-3.06657558453529e-19,0.9428090415261065,0.0001827586865681971,positive,0.0001827586865681971
2018,xr_mom24_lag_18,0.0,0.6454972243679028,1.3154007334666259e-05,positive,1.3154007334666259e-05
2018,carry_annual_lag_18,0.016608155804155145,0.02028496976412508,0.002206448402629472,positive,0.002206448402629472
2018,xz_carry_lag_18,4.7593253071987706e-18,0.9428090415170732,0.0001002313986488904,positive,0.0001002313986488904
2018,log_return_lag_17,2.8577257197501907e-05,0.009701318221410503,0.001209642104435382,positive,0.001209642104435382
2018,volatility_lag_17,0.008449633102609813,0.004820822794996759,-6.270997314965012e-05,negative,6.270997314965012e-05
2018,sma20_ratio_lag_17,0.00035630188354307307,0.02204392446480223,9.047216679825988e-05,positive,9.047216679825988e-05
2018,mom24_lag_17,0.0005797654762380396,0.04317536979313737,-0.0002672933700116531,negative,0.0002672933700116531
2018,xz_mom24_lag_17,-2.7803618633119966e-19,0.9428090415261021,-0.0002628061810667865,negative,0.0002628061810667865
2018,xr_mom24_lag_17,0.0,0.6454972243679028,0.0002664819055659537,positive,0.0002664819055659537
2018,carry_annual_lag_17,0.016599485231665566,0.020281733558356888,0.0013482917268723715,positive,0.0013482917268723715
2018,xz_carry_lag_17,4.8083905165513354e-18,0.9428090415170562,-0.0003347370594253226,negative,0.0003347370594253226
2018,log_return_lag_16,2.9748054034213583e-05,0.009701943911656498,0.0014459807011894758,positive,0.0014459807011894758
2018,volatility_lag_16,0.008449890819332043,0.004820632743370724,0.0003986270464699983,positive,0.0003986270464699983
2018,sma20_ratio_lag_16,0.0003606763958492463,0.022044673562326058,-0.0015803418493632088,negative,0.0015803418493632088
2018,mom24_lag_16,0.0005881206426399762,0.043174457919722166,-0.00044284894395365176,negative,0.00044284894395365176
2018,xz_mom24_lag_16,-1.9677193334101446e-19,0.9428090415261009,0.0003570285853640732,positive,0.0003570285853640732
2018,xr_mom24_lag_16,0.0,0.6454972243679028,-0.00016833609061539339,negative,0.00016833609061539339
2018,carry_annual_lag_16,0.016590814659175983,0.02027849312881023,-0.002284273246154578,negative,0.002284273246154578
2018,xz_carry_lag_16,4.8574557259039e-18,0.9428090415170393,-0.0012737778236322505,negative,0.0012737778236322505
2018,log_return_lag_15,2.8789116062523638e-05,0.009701910973459826,0.000849498036127767,positive,0.000849498036127767
2018,volatility_lag_15,0.008450118249506443,0.004820461275352044,-0.0002878436904961727,negative,0.0002878436904961727
2018,sma20_ratio_lag_15,0.00036363006597821956,0.02204436566980862,-0.00415970195293458,negative,0.00415970195293458
2018,mom24_lag_15,0.0005960976200334855,0.04317278727568176,-0.0003946550832390187,negative,0.0003946550832390187
2018,xz_mom24_lag_15,-1.962608374102586e-19,0.9428090415260961,-0.00016635871834728288,negative,0.00016635871834728288
2018,xr_mom24_lag_15,0.0,0.6454972243679028,4.062092274228117e-05,positive,4.062092274228117e-05
2018,carry_annual_lag_15,0.016582144086686405,0.020275248473461047,-0.0022795751300447227,negative,0.0022795751300447227
2018,xz_carry_lag_15,4.906520935256464e-18,0.9428090415170223,0.0007291690229191915,positive,0.0007291690229191915
2018,log_return_lag_14,2.9954056643658945e-05,0.009702708243476207,-0.0009898569092767198,negative,0.0009898569092767198
2018,volatility_lag_14,0.00845025041935193,0.004820352295086098,-7.150794911025944e-05,negative,7.150794911025944e-05
2018,sma20_ratio_lag_14,0.0003673004158191778,0.02204513304873459,0.001934143578739666,positive,0.001934143578739666
2018,mom24_lag_14,0.0006067979721500531,0.043172124821493976,8.570228790826994e-05,positive,8.570228790826994e-05
2018,xz_mom24_lag_14,-1.2981836641199395e-19,0.9428090415260993,-6.365451116946503e-05,negative,6.365451116946503e-05
2018,xr_mom24_lag_14,0.0,0.6454972243679028,0.00011850482276146897,positive,0.00011850482276146897
2018,carry_annual_lag_14,0.016573473514196826,0.020271999590280084,0.00013765616925656796,positive,0.00013765616925656796
2018,xz_carry_lag_14,4.955586144609029e-18,0.9428090415170054,0.005228502546396683,positive,0.005228502546396683
2018,log_return_lag_13,2.9465946359227057e-05,0.00970290805688696,-4.923528459551316e-05,negative,4.923528459551316e-05
2018,volatility_lag_13,0.008450403056185966,0.004820228120169794,-0.00013281795481009945,negative,0.00013281795481009945
2018,sma20_ratio_lag_13,0.0003700681102519499,0.022044872907317683,-0.004586233865249053,negative,0.004586233865249053
2018,mom24_lag_13,0.0006170240804797957,0.043170926559550356,-0.0006219952285368016,negative,0.0006219952285368016
2018,xz_mom24_lag_13,-1.7172823273397627e-19,0.9428090415261019,2.497618386669412e-05,positive,2.497618386669412e-05
2018,xr_mom24_lag_13,0.0,0.6454972243679028,-0.0002451116804983746,negative,0.0002451116804983746
2018,carry_annual_lag_13,0.016564802941707243,0.020268746477233774,-0.0032997816564420287,negative,0.0032997816564420287
2018,xz_carry_lag_13,5.004651353961594e-18,0.9428090415169883,0.0002016943434006653,positive,0.0002016943434006653
2018,log_return_lag_12,3.084339060951843e-05,0.009703044518363802,-0.0020410428428883874,negative,0.0020410428428883874
2018,volatility_lag_12,0.00845057031427989,0.004820097349569785,0.0007223633404632311,positive,0.0007223633404632311
2018,sma20_ratio_lag_12,0.0003737244962582464,0.0220450758556135,-0.0010592825001154772,negative,0.0010592825001154772
2018,mom24_lag_12,0.0006268881434720083,0.04317123818663708,-0.0003539903911204424,negative,0.0003539903911204424
2018,xz_mom24_lag_12,-1.6968384901095273e-19,0.9428090415261106,7.946008174940011e-05,positive,7.946008174940011e-05
2018,xr_mom24_lag_12,0.0,0.6454972243679028,6.014106285340753e-05,positive,6.014106285340753e-05
2018,carry_annual_lag_12,0.01655613236921766,0.020265489132286544,0.0007041816153488657,positive,0.0007041816153488657
2018,xz_carry_lag_12,5.053716563314159e-18,0.9428090415169714,-0.0014813339566180726,negative,0.0014813339566180726
2018,log_return_lag_11,2.982064322525814e-05,0.009703208478988968,-0.0025377137655797286,negative,0.0025377137655797286
2018,volatility_lag_11,0.008450777587243418,0.004819938975612048,-0.0003725004637378343,negative,0.0003725004637378343
2018,sma20_ratio_lag_11,0.0003760116238315971,0.02204452093114097,0.004041032870392883,positive,0.004041032870392883
2018,mom24_lag_11,0.0006367019549097451,0.04317152553736164,-0.00042378091071313133,negative,0.00042378091071313133
2018,xz_mom24_lag_11,-1.8092795948758213e-19,0.9428090415261158,-0.00018280556695413741,negative,0.00018280556695413741
2018,xr_mom24_lag_11,0.0,0.6454972243679028,4.464628231682364e-05,positive,4.464628231682364e-05
2018,carry_annual_lag_11,0.01654746179672808,0.02026222755339509,0.006966206844325825,positive,0.006966206844325825
2018,xz_carry_lag_11,5.102781772666724e-18,0.9428090415169543,-0.0040642440327770205,negative,0.0040642440327770205
2018,log_return_lag_10,3.2834018058848055e-05,0.009703179184419463,-0.0009020556022419235,negative,0.0009020556022419235
2018,volatility_lag_10,0.008450951887463764,0.004819806156834232,-0.00018774996231718462,negative,0.00018774996231718462
2018,sma20_ratio_lag_10,0.0003810629793819178,0.022043855833465558,0.004637034979889129,positive,0.004637034979889129
2018,mom24_lag_10,0.0006490020179793963,0.0431705644782002,-0.00016302660472498765,negative,0.00016302660472498765
2018,xz_mom24_lag_10,-1.9421645368723507e-19,0.9428090415261174,-5.833607200856383e-05,negative,5.833607200856383e-05
2018,xr_mom24_lag_10,0.0,0.6454972243679028,-6.0127815437492475e-05,negative,6.0127815437492475e-05
2018,carry_annual_lag_10,0.01653867657218902,0.020258924082685613,0.0008336269748738074,positive,0.0008336269748738074
2018,xz_carry_lag_10,5.217267261156041e-18,0.9428090415169375,0.0008850495250387459,positive,0.0008850495250387459
2018,log_return_lag_9,3.0050993914580008e-05,0.00970475456296388,0.001235131290204519,positive,0.001235131290204519
2018,volatility_lag_9,0.008451242623356017,0.004819602078555613,-0.00026716491303192423,negative,0.00026716491303192423
2018,sma20_ratio_lag_9,0.0003832710344909733,0.022042357206915927,0.0016584537006757538,positive,0.0016584537006757538
2018,mom24_lag_9,0.0006574215915798178,0.04316819407117263,-1.6031545311182256e-05,negative,1.6031545311182256e-05
2018,xz_mom24_lag_9,-2.0852713974839975e-19,0.9428090415261154,0.0002940768371644827,positive,0.0002940768371644827
2018,xr_mom24_lag_9,0.0,0.6454972243679028,-7.948445281432534e-05,negative,7.948445281432534e-05
2018,carry_annual_lag_9,0.01652989134764996,0.02025561626290626,-0.0047918342550862915,negative,0.0047918342550862915
2018,xz_carry_lag_9,5.299042610076982e-18,0.9428090415169206,0.0023400105507650317,positive,0.0023400105507650317
2018,log_return_lag_8,2.899080698837281e-05,0.009704991933298704,0.002153420808505714,positive,0.002153420808505714
2018,volatility_lag_8,0.008451531666760714,0.004819396909871676,0.00046048987301843214,positive,0.00046048987301843214
2018,sma20_ratio_lag_8,0.00038426350101068365,0.0220414913055764,-0.005645595411288306,negative,0.005645595411288306
2018,mom24_lag_8,0.000665563700504,0.043166512083533,-0.00024826056723080685,negative,0.00024826056723080685
2018,xz_mom24_lag_8,-1.8092795948758213e-19,0.9428090415261146,0.00011695446296563045,positive,0.00011695446296563045
2018,xr_mom24_lag_8,0.0,0.6454972243679028,-7.296896374658207e-05,negative,7.296896374658207e-05
2018,carry_annual_lag_8,0.016521106123110897,0.020252304091926836,0.001530932292446561,positive,0.001530932292446561
2018,xz_carry_lag_8,5.4135280985662996e-18,0.9428090415169035,-0.0008296801066383183,negative,0.0008296801066383183
2018,log_return_lag_7,2.8299123191478372e-05,0.009704343318110114,-0.00017660213348395906,negative,0.00017660213348395906
2018,volatility_lag_7,0.008451776576209638,0.004819224824863335,-0.0008681015372938348,negative,0.0008681015372938348
2018,sma20_ratio_lag_7,0.0003844726949764305,0.022041730437444996,0.00027990731084563154,positive,0.00027990731084563154
2018,mom24_lag_7,0.0006706527293138956,0.043165802700333114,-0.00031134723098483213,negative,0.00031134723098483213
2018,xz_mom24_lag_7,-2.1466029091747033e-19,0.9428090415261193,-0.00020047110892268063,negative,0.00020047110892268063
2018,xr_mom24_lag_7,0.0,0.6454972243679028,0.00011758702059854442,positive,0.00011758702059854442
2018,carry_annual_lag_7,0.016512320898571835,0.0202489875676116,-0.0013811648657481987,negative,0.0013811648657481987
2018,xz_carry_lag_7,5.528013587055617e-18,0.9428090415168865,-0.00040222262309647853,negative,0.00040222262309647853
2018,log_return_lag_6,3.0089084049173755e-05,0.009704497357735525,-1.966223141321828e-05,negative,1.966223141321828e-05
2018,volatility_lag_6,0.008452017669452869,0.004819058745668129,0.0007651689372994213,positive,0.0007651689372994213
2018,sma20_ratio_lag_6,0.0003861567101729678,0.022041639698303063,0.006843335446807691,positive,0.006843335446807691
2018,mom24_lag_6,0.000672861826619007,0.04316607529272165,-0.00041517957595985615,negative,0.00041517957595985615
2018,xz_mom24_lag_6,-2.126159071944468e-19,0.9428090415261261,-0.00022299740362554532,negative,0.00022299740362554532
2018,xr_mom24_lag_6,0.0,0.6454972243679028,0.0001592641210110968,positive,0.0001592641210110968
2018,carry_annual_lag_6,0.016503535674032774,0.020245666687821216,0.0050517209618418735,positive,0.0050517209618418735
2018,xz_carry_lag_6,5.6424990755449344e-18,0.9428090415168694,-0.0007488740592021434,negative,0.0007488740592021434
2018,log_return_lag_5,3.0229665000784394e-05,0.009704362253371424,0.003066625925837572,positive,0.003066625925837572
2018,volatility_lag_5,0.008452243589970616,0.004818903504628599,-0.00019691509618387972,negative,0.00019691509618387972
2018,sma20_ratio_lag_5,0.00038773880256474886,0.02204114058567695,-0.005956346483822402,negative,0.005956346483822402
2018,mom24_lag_5,0.0006738653774674198,0.043165385600925026,7.422384524258564e-05,positive,7.422384524258564e-05
2018,xz_mom24_lag_5,-2.1159371533293505e-19,0.942809041526124,0.0003111472999097412,positive,0.0003111472999097412
2018,xr_mom24_lag_5,0.0,0.6454972243679028,2.060126890663887e-05,positive,2.060126890663887e-05
2018,carry_annual_lag_5,0.016494750449493712,0.02024234145041301,-0.0008745555102187084,negative,0.0008745555102187084
2018,xz_carry_lag_5,5.7242744244658755e-18,0.9428090415168523,0.0004017313862265214,positive,0.0004017313862265214
2018,log_return_lag_4,3.0287833050484334e-05,0.00970429811975847,0.0007019463509562059,positive,0.0007019463509562059
2018,volatility_lag_4,0.008452496289187341,0.004818728053344968,2.6452827006147293e-05,positive,2.6452827006147293e-05
2018,sma20_ratio_lag_4,0.0003890794643927208,0.022040724984111394,0.000991928013609361,positive,0.000991928013609361
2018,mom24_lag_4,0.0006785482455114594,0.04316389829776152,0.000756448258016709,positive,0.000756448258016709
2018,xz_mom24_lag_4,-2.657698839930585e-19,0.942809041526123,-0.0001183388149898329,negative,0.0001183388149898329
2018,xr_mom24_lag_4,0.0,0.6454972243679028,-0.0002075971154807412,negative,0.0002075971154807412
2018,carry_annual_lag_4,0.01648596522495465,0.02023901185323832,-0.003002157414732,negative,0.003002157414732
2018,xz_carry_lag_4,5.838759912955193e-18,0.9428090415168353,-0.004377742120200725,negative,0.004377742120200725
2018,log_return_lag_3,2.9078868549874358e-05,0.00970431341807014,0.0014153480066810492,positive,0.0014153480066810492
2018,volatility_lag_3,0.008452716033410239,0.004818577515495042,0.0009072041208206524,positive,0.0009072041208206524
2018,sma20_ratio_lag_3,0.0003890163176715002,0.022040695595431772,-0.0016691465735878142,negative,0.0016691465735878142
2018,mom24_lag_3,0.0006816248397136779,0.043162485034442435,0.0008317080332758605,positive,0.0008317080332758605
2018,xz_mom24_lag_3,-2.9848002356143495e-19,0.9428090415261197,-0.00016304306057584038,negative,0.00016304306057584038
2018,xr_mom24_lag_3,0.0,0.6454972243679028,7.580197334577396e-05,positive,7.580197334577396e-05
2018,carry_annual_lag_3,0.01647718000041559,0.020235677894143822,0.0024134191361442374,positive,0.0024134191361442374
2018,xz_carry_lag_3,5.95324540144451e-18,0.9428090415168182,0.0001624209893963686,positive,0.0001624209893963686
2018,log_return_lag_2,2.8197254823935022e-05,0.009704608921140567,0.0009870452740161583,positive,0.0009870452740161583
2018,volatility_lag_2,0.008452950967909932,0.004818418117045697,-0.0014035725055545616,negative,0.0014035725055545616
2018,sma20_ratio_lag_2,0.0003880430676328976,0.022041232548604402,-0.002330071802034505,negative,0.002330071802034505
2018,mom24_lag_2,0.0006858944626133473,0.04316099811824717,0.0009280446323633402,positive,0.0009280446323633402
2018,xz_mom24_lag_2,-3.700334538672584e-19,0.9428090415261171,0.0001635036184078855,positive,0.0001635036184078855
2018,xr_mom24_lag_2,0.0,0.6454972243679028,-3.291706158886601e-05,negative,3.291706158886601e-05
2018,carry_annual_lag_2,0.016468394775876527,0.02023233957097535,-0.0014627226784580732,negative,0.0014627226784580732
2018,xz_carry_lag_2,6.067730889933828e-18,0.9428090415168011,-0.0004517436204475804,negative,0.0004517436204475804
2018,log_return_lag_1,2.424113300051436e-05,0.00970625461342484,0.0003003055410884713,positive,0.0003003055410884713
2018,volatility_lag_1,0.008453261498624718,0.00481821249614258,0.0001518902200887459,positive,0.0001518902200887459
2018,sma20_ratio_lag_1,0.00038332762727939454,0.02204412427924903,0.0029199297199113245,positive,0.0029199297199113245
2018,mom24_lag_1,0.0006845914800279373,0.04316105531187889,0.001321643056721659,positive,0.001321643056721659
2018,xz_mom24_lag_1,-3.6543359049045545e-19,0.942809041526113,0.0002190704274923531,positive,0.0002190704274923531
2018,xr_mom24_lag_1,0.0,0.6454972243679028,0.00015114538791663573,positive,0.00015114538791663573
2018,carry_annual_lag_1,0.016459609551337462,0.020228996881572398,-0.0010926896081845505,negative,0.0010926896081845505
2018,xz_carry_lag_1,6.149506238854769e-18,0.9428090415167839,0.002293228568126932,positive,0.002293228568126932
2018,log_return_lag_0,2.2099586967547226e-05,0.0097070584637088,0.0018922020848688352,positive,0.0018922020848688352
2018,volatility_lag_0,0.008453600368063948,0.0048179943284976335,0.0006090286740902418,positive,0.0006090286740902418
2018,sma20_ratio_lag_0,0.00037670544452850945,0.022048895685980664,-0.005811936297218798,negative,0.005811936297218798
2018,mom24_lag_0,0.0006824357942420372,0.043162030158188716,0.0020232541430028708,positive,0.0020232541430028708
2018,xz_mom24_lag_0,-3.925216748205172e-19,0.9428090415261138,-0.00018670731053423728,negative,0.00018670731053423728
2018,xr_mom24_lag_0,0.0,0.6454972243679028,-0.00018959574323280113,negative,0.00018959574323280113
2018,carry_annual_lag_0,0.016450824326798404,0.020225649823767497,-0.0008830252646197315,negative,0.0008830252646197315
2018,xz_carry_lag_0,6.263991727344086e-18,0.9428090415167669,0.0028580309373985656,positive,0.0028580309373985656
2019,log_return_lag_31,2.1065979501902163e-05,0.009439856960723147,0.00010671546877796272,positive,0.00010671546877796272
2019,volatility_lag_31,0.008215017727494577,0.004705190675541299,-0.0003020761878502618,negative,0.0003020761878502618
2019,sma20_ratio_lag_31,0.00028538024101352235,0.02149770505435594,0.00046377768022345256,positive,0.00046377768022345256
2019,mom24_lag_31,0.00045734090975710134,0.04212976062462124,6.707290719253362e-05,positive,6.707290719253362e-05
2019,xz_mom24_lag_31,-1.0075815405843235e-19,0.9428090415256024,-0.00034923333948791647,negative,0.00034923333948791647
2019,xr_mom24_lag_31,0.0,0.6454972243679028,0.00030823571427304833,positive,0.00030823571427304833
2019,carry_annual_lag_31,0.015793151300471885,0.019951607613441405,0.002014196446626149,positive,0.002014196446626149
2019,xz_carry_lag_31,4.843924714734355e-18,0.942809041515149,-0.002772242581926452,negative,0.002772242581926452
2019,log_return_lag_30,2.1219661799261075e-05,0.009439497860008693,0.0004973693822428163,positive,0.0004973693822428163
2019,volatility_lag_30,0.008214584899880575,0.0047054633936716925,0.00019464421078375953,positive,0.00019464421078375953
2019,sma20_ratio_lag_30,0.0002871699816459181,0.021497103731008414,0.0012425570633065393,positive,0.0012425570633065393
2019,mom24_lag_30,0.0004607970259002696,0.04213013791595015,3.193333018539134e-05,positive,3.193333018539134e-05
2019,xz_mom24_lag_30,-7.81581942696251e-20,0.9428090415256053,0.0001988440579505563,positive,0.0001988440579505563
2019,xr_mom24_lag_30,0.0,0.6454972243679028,-0.0002159761115106262,negative,0.0002159761115106262
2019,carry_annual_lag_30,0.01578559437523662,0.019948138244425113,-0.0076426012181523995,negative,0.0076426012181523995
2019,xz_carry_lag_30,4.88912463431197e-18,0.9428090415151356,0.0036517874190247707,positive,0.0036517874190247707
2019,log_return_lag_29,2.19404412652756e-05,0.009438904486693385,0.0011748533236941186,positive,0.0011748533236941186
2019,volatility_lag_29,0.008214070276313058,0.004705799293118183,-0.00010875503545905805,negative,0.00010875503545905805
2019,sma20_ratio_lag_29,0.00028966249866441986,0.021495577680529936,-0.008697622229395182,negative,0.008697622229395182
2019,mom24_lag_29,0.00046466433183369474,0.04213037993389722,-0.00011381262600024168,negative,0.00011381262600024168
2019,xz_mom24_lag_29,-9.793315908483145e-20,0.9428090415256075,1.9298105402028296e-05,positive,1.9298105402028296e-05
2019,xr_mom24_lag_29,0.0,0.6454972243679028,0.00014405709961383216,positive,0.00014405709961383216
2019,carry_annual_lag_29,0.015778037450001354,0.019944665408635747,0.006214897912671582,positive,0.006214897912671582
2019,xz_carry_lag_29,4.934324553889585e-18,0.9428090415151222,0.0016768345307510558,positive,0.0016768345307510558
2019,log_return_lag_28,1.9913432734966303e-05,0.009438178059880484,-0.0028105195000026908,negative,0.0028105195000026908
2019,volatility_lag_28,0.00821375887898901,0.00470602546033981,0.00020612510080317886,positive,0.00020612510080317886
2019,sma20_ratio_lag_28,0.00029027111775612027,0.02149522305576311,0.010605343299518934,positive,0.010605343299518934
2019,mom24_lag_28,0.00046790121490191983,0.04213087730388866,-1.789775005776608e-05,negative,1.789775005776608e-05
2019,xz_mom24_lag_28,-9.969878094333201e-20,0.9428090415256133,3.218322474049466e-05,positive,3.218322474049466e-05
2019,xr_mom24_lag_28,0.0,0.6454972243679028,-0.0002092382059403679,negative,0.0002092382059403679
2019,carry_annual_lag_28,0.015770480524766085,0.019941189104261507,-0.004239282132293736,negative,0.004239282132293736
2019,xz_carry_lag_28,4.979524473467199e-18,0.9428090415151089,-0.001745245582974614,negative,0.001745245582974614
2019,log_return_lag_27,1.838556966497529e-05,0.009438765017729082,0.0014158874800042473,positive,0.0014158874800042473
2019,volatility_lag_27,0.008213513283553011,0.004706201588059702,3.567317917120587e-05,positive,3.567317917120587e-05
2019,sma20_ratio_lag_27,0.0002894897072414068,0.021495708121389064,-0.0014636888295810454,negative,0.0014636888295810454
2019,mom24_lag_27,0.00046772229900754155,0.042131603391305006,-5.268050897130547e-06,negative,5.268050897130547e-06
2019,xz_mom24_lag_27,-1.0075815405843235e-19,0.9428090415256218,2.8602835652727752e-05,positive,2.8602835652727752e-05
2019,xr_mom24_lag_27,0.0,0.6454972243679028,-9.753925525558248e-06,negative,9.753925525558248e-06
2019,carry_annual_lag_27,0.01576292359953082,0.019937709329488375,0.003556212185734291,positive,0.003556212185734291
2019,xz_carry_lag_27,5.0247243930448136e-18,0.9428090415150955,0.0015264592872935138,positive,0.0015264592872935138
2019,log_return_lag_26,1.948617586555808e-05,0.009438812552427334,0.0006469179780614876,positive,0.0006469179780614876
2019,volatility_lag_26,0.008213284709144168,0.004706364636615266,0.00036816568064551206,positive,0.00036816568064551206
2019,sma20_ratio_lag_26,0.0002897366014847431,0.021495737466515206,-0.004661742967502224,negative,0.004661742967502224
2019,mom24_lag_26,0.0004681240284281508,0.04213225809376455,-6.683926329598434e-06,negative,6.683926329598434e-06
2019,xz_mom24_lag_26,-1.1606021016543728e-19,0.9428090415256309,2.460984708811541e-05,positive,2.460984708811541e-05
2019,xr_mom24_lag_26,0.0,0.6454972243679028,-2.4795422527682576e-05,negative,2.4795422527682576e-05
2019,carry_annual_lag_26,0.015755366674295553,0.019934226082498348,-0.001625134620680614,negative,0.001625134620680614
2019,xz_carry_lag_26,5.069924312622428e-18,0.9428090415150822,0.0040248924199462474,positive,0.0040248924199462474
2019,log_return_lag_25,2.4473293249652623e-05,0.009440258807238512,-0.001619886362802136,negative,0.001619886362802136
2019,volatility_lag_25,0.008213171165281492,0.004706431428316715,-5.634251796639252e-05,negative,5.634251796639252e-05
2019,sma20_ratio_lag_25,0.0002946258937868694,0.02149462115388308,0.0016835608075031693,positive,0.0016835608075031693
2019,mom24_lag_25,0.00047062084629442483,0.042132997190340846,-0.00025020781086690965,negative,0.00025020781086690965
2019,xz_mom24_lag_25,-9.604982910243085e-20,0.9428090415256358,0.00022424075333511283,positive,0.00022424075333511283
2019,xr_mom24_lag_25,0.0,0.6454972243679028,-7.748820472908174e-05,negative,7.748820472908174e-05
2019,carry_annual_lag_25,0.015747809749060284,0.019930739361471675,-0.0018025641474176625,negative,0.0018025641474176625
2019,xz_carry_lag_25,5.115124232200042e-18,0.9428090415150687,-0.0017187533750857276,negative,0.0017187533750857276
2019,log_return_lag_24,2.437877955332712e-05,0.009440225094052878,-0.0014760702200183314,negative,0.0014760702200183314
2019,volatility_lag_24,0.008212971379529685,0.004706561874549427,-0.0006439900328449823,negative,0.0006439900328449823
2019,sma20_ratio_lag_24,0.0002991310616268534,0.021494627627523893,0.008505134712666748,positive,0.008505134712666748
2019,mom24_lag_24,0.00047271511060126606,0.04213402166002853,0.0006745701339733639,positive,0.0006745701339733639
2019,xz_mom24_lag_24,-1.544330585568496e-19,0.9428090415256463,-0.00024267658857024578,negative,0.00024267658857024578
2019,xr_mom24_lag_24,0.0,0.6454972243679028,0.00011081797454316126,positive,0.00011081797454316126
2019,carry_annual_lag_24,0.015740252823825015,0.019927249164585284,-0.003024218297678445,negative,0.003024218297678445
2019,xz_carry_lag_24,5.160324151777657e-18,0.9428090415150555,0.0022109406411825,positive,0.0022109406411825
2019,log_return_lag_23,2.355022017358495e-05,0.00944004320553326,0.001917556407641146,positive,0.001917556407641146
2019,volatility_lag_23,0.008212771982693287,0.004706691417521806,-0.0001381936734664728,negative,0.0001381936734664728
2019,sma20_ratio_lag_23,0.0003025017985019493,0.0214950481002609,-0.004743962707132488,negative,0.004743962707132488
2019,mom24_lag_23,0.00047546038731214707,0.042135287685115756,-0.00012605929880574656,negative,0.00012605929880574656
2019,xz_mom24_lag_23,-1.8174134330165837e-19,0.9428090415256577,-0.00015374145937184665,negative,0.00015374145937184665
2019,xr_mom24_lag_23,0.0,0.6454972243679028,9.348387915360461e-05,positive,9.348387915360461e-05
2019,carry_annual_lag_23,0.015732695898589742,0.019923755490011838,0.0007116633442782139,positive,0.0007116633442782139
2019,xz_carry_lag_23,5.205524071355272e-18,0.9428090415150421,-0.0017961658896974788,negative,0.0017961658896974788
2019,log_return_lag_22,2.6054808558449336e-05,0.009440193080517731,-0.00011795157059924806,negative,0.00011795157059924806
2019,volatility_lag_22,0.008212605825622117,0.004706814394399491,0.0002421946597801351,positive,0.0002421946597801351
2019,sma20_ratio_lag_22,0.0003079841571617941,0.02149555397415004,-0.0016014809892411848,negative,0.0016014809892411848
2019,mom24_lag_22,0.0004832967582247741,0.04213739868480501,-0.00034765630779471485,negative,0.00034765630779471485
2019,xz_mom24_lag_22,-1.7703301834565686e-19,0.942809041525669,2.607865662097817e-05,positive,2.607865662097817e-05
2019,xr_mom24_lag_22,0.0,0.6454972243679028,8.593404484745489e-05,positive,8.593404484745489e-05
2019,carry_annual_lag_22,0.015725138973354473,0.01992025833592119,0.0021250626638487937,positive,0.0021250626638487937
2019,xz_carry_lag_22,5.250723990932886e-18,0.9428090415150288,-0.00267773378158192,negative,0.00267773378158192
2019,log_return_lag_21,3.047022302868362e-05,0.009444530328648355,-0.000872656650236465,negative,0.000872656650236465
2019,volatility_lag_21,0.008212666046873157,0.0047067970541195825,0.0002518091091753848,positive,0.0002518091091753848
2019,sma20_ratio_lag_21,0.00031731438388170064,0.02150014820901332,0.005290301913509506,positive,0.005290301913509506
2019,mom24_lag_21,0.0004957499871743955,0.04214307497765075,0.0003282968256956365,positive,0.0003282968256956365
2019,xz_mom24_lag_21,-9.039983915522903e-20,0.9428090415256801,-0.00014436515920182447,negative,0.00014436515920182447
2019,xr_mom24_lag_21,0.0,0.6454972243679028,5.2221049209348185e-05,positive,5.2221049209348185e-05
2019,carry_annual_lag_21,0.015717582048119207,0.01991675770048033,0.0012881736731260658,positive,0.0012881736731260658
2019,xz_carry_lag_21,5.295923910510501e-18,0.9428090415150153,-0.000764106060465385,negative,0.000764106060465385
2019,log_return_lag_20,2.5959431045386033e-05,0.009447220696807276,0.0016629033433800382,positive,0.0016629033433800382
2019,volatility_lag_20,0.008212912171910183,0.0047066921483729625,-0.0001780195731255707,negative,0.0001780195731255707
2019,sma20_ratio_lag_20,0.0003216690055667445,0.021501219892633865,-0.00547571295229361,negative,0.00547571295229361
2019,mom24_lag_20,0.0005036170178225888,0.04214518670920954,-8.917413106926653e-05,negative,8.917413106926653e-05
2019,xz_mom24_lag_20,-8.569151419922752e-20,0.9428090415256943,0.00026746168171277356,positive,0.00026746168171277356
2019,xr_mom24_lag_20,0.0,0.6454972243679028,-1.2150498859949845e-05,negative,1.2150498859949845e-05
2019,carry_annual_lag_20,0.015710246624359766,0.019913230566031476,0.005192110961774702,positive,0.005192110961774702
2019,xz_carry_lag_20,5.333590510158513e-18,0.9428090415150031,-0.0038467412816514577,negative,0.0038467412816514577
2019,log_return_lag_19,2.7665825784982577e-05,0.00944655319716949,-0.0007050977241259627,negative,0.0007050977241259627
2019,volatility_lag_19,0.008213150953803315,0.0047065961741125754,0.00041751228011853176,positive,0.00041751228011853176
2019,sma20_ratio_lag_19,0.0003272366209266199,0.021501606224743862,-0.0017650766482598687,negative,0.0017650766482598687
2019,mom24_lag_19,0.0005140144610401434,0.04214560918798791,-0.00047889945896969924,negative,0.00047889945896969924
2019,xz_mom24_lag_19,-2.354162478000756e-20,0.942809041525702,-0.0001844036955216897,negative,0.0001844036955216897
2019,xr_mom24_lag_19,0.0,0.6454972243679028,-0.0001636176078742576,negative,0.0001636176078742576
2019,carry_annual_lag_19,0.015702911200600324,0.019909700104103745,-0.0032357000503207695,negative,0.0032357000503207695
2019,xz_carry_lag_19,5.371257109806525e-18,0.942809041514991,0.002149511671599126,positive,0.002149511671599126
2019,log_return_lag_18,2.496261173939602e-05,0.009447015076117305,-0.0014890437721541813,negative,0.0014890437721541813
2019,volatility_lag_18,0.008213430637091354,0.004706478168890977,-0.0004579987398291273,negative,0.0004579987398291273
2019,sma20_ratio_lag_18,0.0003297308882321705,0.021500968740500326,0.006431622681096382,positive,0.006431622681096382
2019,mom24_lag_18,0.0005208172219847013,0.04214527600350178,-0.00040167663812516497,negative,0.00040167663812516497
2019,xz_mom24_lag_18,-2.5424954762408164e-20,0.9428090415257028,0.00015531886609976094,positive,0.00015531886609976094
2019,xr_mom24_lag_18,0.0,0.6454972243679028,1.1636389810808986e-05,positive,1.1636389810808986e-05
2019,carry_annual_lag_18,0.01569557577684088,0.01990616631292606,0.002786204448005032,positive,0.002786204448005032
2019,xz_carry_lag_18,5.408923709454537e-18,0.9428090415149788,-0.0007289466688351986,negative,0.0007289466688351986
2019,log_return_lag_17,2.3331962074030086e-05,0.009448050497701886,0.0013639947330782005,positive,0.0013639947330782005
2019,volatility_lag_17,0.008213798183625219,0.004706315340302248,-3.9941517109931294e-05,negative,3.9941517109931294e-05
2019,sma20_ratio_lag_17,0.00033040314308814805,0.021500429457436854,-0.00044332327303551994,negative,0.00044332327303551994
2019,mom24_lag_17,0.000526660971457994,0.04214381563234633,-0.00021917627080409883,negative,0.00021917627080409883
2019,xz_mom24_lag_17,1.8833299824006048e-20,0.9428090415257014,-0.0002808242470230058,negative,0.0002808242470230058
2019,xr_mom24_lag_17,0.0,0.6454972243679028,0.0002932545180965635,positive,0.0002932545180965635
2019,carry_annual_lag_17,0.015688240353081438,0.01990262919072505,0.0019047670168435768,positive,0.0019047670168435768
2019,xz_carry_lag_17,5.446590309102549e-18,0.9428090415149666,-0.001122218164594519,negative,0.001122218164594519
2019,log_return_lag_16,2.224252994979537e-05,0.009447917191992915,0.0013877721696276884,positive,0.0013877721696276884
2019,volatility_lag_16,0.00821418148273321,0.00470614024134148,0.0003907279762452547,positive,0.0003907279762452547
2019,sma20_ratio_lag_16,0.00032999017658252085,0.0215001714119357,-0.0013570174020738697,negative,0.0013570174020738697
2019,mom24_lag_16,0.0005306999592907599,0.042142685422417295,-0.000494532266038705,negative,0.000494532266038705
2019,xz_mom24_lag_16,6.026655943681936e-20,0.942809041525699,0.0003746844861394203,positive,0.0003746844861394203
2019,xr_mom24_lag_16,0.0,0.6454972243679028,-0.00018751874468667966,negative,0.00018751874468667966
2019,carry_annual_lag_16,0.015680904929321997,0.019899088735725354,-0.0024361850468234635,negative,0.0024361850468234635
2019,xz_carry_lag_16,5.484256908750561e-18,0.9428090415149545,-0.001154190417874533,negative,0.001154190417874533
2019,log_return_lag_15,2.1023190763587854e-05,0.009447953758931472,0.0008954000721967651,positive,0.0008954000721967651
2019,volatility_lag_15,0.008214559994268043,0.004705974315491999,-0.00028931168206371323,negative,0.00028931168206371323
2019,sma20_ratio_lag_15,0.0003282948612668499,0.021499684380339185,-0.004626766695550107,negative,0.004626766695550107
2019,mom24_lag_15,0.0005336005170395373,0.04214126371340381,-0.00035362191446007026,negative,0.00035362191446007026
2019,xz_mom24_lag_15,8.663317919042782e-20,0.9428090415256917,-0.00012616833128142665,negative,0.00012616833128142665
2019,xr_mom24_lag_15,0.0,0.6454972243679028,-1.971649058927064e-06,negative,1.971649058927064e-06
2019,carry_annual_lag_15,0.015673569505562555,0.019895544946146534,-0.0024037212679320014,negative,0.0024037212679320014
2019,xz_carry_lag_15,5.521923508398574e-18,0.9428090415149423,0.0004090833072902034,positive,0.0004090833072902034
2019,log_return_lag_14,2.1953401457526342e-05,0.009448313857295755,-0.001140742318608461,negative,0.001140742318608461
2019,volatility_lag_14,0.008215010741459795,0.004705761358412657,-9.361862815651772e-05,negative,9.361862815651772e-05
2019,sma20_ratio_lag_14,0.0003273791378139164,0.02149913959465768,0.0027192378079693713,positive,0.0027192378079693713
2019,mom24_lag_14,0.0005375160089517484,0.042139796379603606,0.0001728296579914912,positive,0.0001728296579914912
2019,xz_mom24_lag_14,1.3936641869764476e-19,0.9428090415256867,-8.007343403431727e-05,negative,8.007343403431727e-05
2019,xr_mom24_lag_14,0.0,0.6454972243679028,0.00013144535443562516,positive,0.00013144535443562516
2019,carry_annual_lag_14,0.015666234081803114,0.019891997820207626,-4.777580003918392e-05,negative,4.777580003918392e-05
2019,xz_carry_lag_14,5.559590108046585e-18,0.9428090415149301,0.006885709585291738,positive,0.006885709585291738
2019,log_return_lag_13,2.3907646969381026e-05,0.009448142812044247,0.0001659518711137116,positive,0.0001659518711137116
2019,volatility_lag_13,0.008215464689474046,0.004705544335195617,-0.0001532258616893482,negative,0.0001532258616893482
2019,sma20_ratio_lag_13,0.00032816468624883503,0.02149828669599038,-0.005598118606510858,negative,0.005598118606510858
2019,mom24_lag_13,0.0005419369024309152,0.04213803992526887,-0.0006718721112286272,negative,0.0006718721112286272
2019,xz_mom24_lag_13,1.5819971852165081e-19,0.9428090415256803,2.5453100635946518e-05,positive,2.5453100635946518e-05
2019,xr_mom24_lag_13,0.0,0.6454972243679028,-0.00019487838711824775,negative,0.00019487838711824775
2019,carry_annual_lag_13,0.01565889865804367,0.01988844735612213,-0.004295189224650975,negative,0.004295189224650975
2019,xz_carry_lag_13,5.597256707694598e-18,0.942809041514918,0.00020975450686135734,positive,0.00020975450686135734
2019,log_return_lag_12,2.1932542776441413e-05,0.009448962438433295,-0.00225768095404445,negative,0.00225768095404445
2019,volatility_lag_12,0.008215958650769552,0.004705308825568013,0.0007288395677189118,positive,0.0007288395677189118
2019,sma20_ratio_lag_12,0.00032689066455540196,0.02149811318128387,-0.0009552080096298823,negative,0.0009552080096298823
2019,mom24_lag_12,0.0005416654510338948,0.042138045853058186,-0.00032701723674709223,negative,0.00032701723674709223
2019,xz_mom24_lag_12,1.958663181696629e-19,0.9428090415256778,3.7741117720633084e-05,positive,3.7741117720633084e-05
2019,xr_mom24_lag_12,0.0,0.6454972243679028,6.958293420738041e-05,positive,6.958293420738041e-05
2019,carry_annual_lag_12,0.015651563234284228,0.01988489355210297,0.00026882768185225756,positive,0.00026882768185225756
2019,xz_carry_lag_12,5.6349233073426094e-18,0.9428090415149057,-0.001399322389760032,negative,0.001399322389760032
2019,log_return_lag_11,2.2142854871177044e-05,0.009448840643744275,-0.002711229948461431,negative,0.002711229948461431
2019,volatility_lag_11,0.008216463264503994,0.004705064225410791,-0.00038086600660503417,negative,0.00038086600660503417
2019,sma20_ratio_lag_11,0.000325769253334424,0.021497734333887845,0.004308643344037577,positive,0.004308643344037577
2019,mom24_lag_11,0.0005439412053959443,0.04213708356435766,-0.0003934025306472152,negative,0.0003934025306472152
2019,xz_mom24_lag_11,1.4501640864484656e-19,0.9428090415256727,-0.00018869526243244707,negative,0.00018869526243244707
2019,xr_mom24_lag_11,0.0,0.6454972243679028,4.555348458196547e-05,positive,4.555348458196547e-05
2019,carry_annual_lag_11,0.015644227810524786,0.019881336406359452,0.01005856494838801,positive,0.01005856494838801
2019,xz_carry_lag_11,5.672589906990622e-18,0.9428090415148935,-0.006814785354479595,negative,0.006814785354479595
2019,log_return_lag_10,2.3413729653083583e-05,0.009448432120202382,-0.0009549160565480565,negative,0.0009549160565480565
2019,volatility_lag_10,0.00821694109608288,0.004704836079421885,-0.00017065602428151263,negative,0.00017065602428151263
2019,sma20_ratio_lag_10,0.0003258026204024104,0.021497009457439927,0.005433614494807841,positive,0.005433614494807841
2019,mom24_lag_10,0.0005483933149771607,0.04213475276225429,-0.00012308856814698818,negative,0.00012308856814698818
2019,xz_mom24_lag_10,1.6573303845125322e-19,0.9428090415256616,-7.494247411878543e-05,negative,7.494247411878543e-05
2019,xr_mom24_lag_10,0.0,0.6454972243679028,-6.118955155971251e-05,negative,6.118955155971251e-05
2019,carry_annual_lag_10,0.015636786766846784,0.019877735770325502,0.0006099909920717265,positive,0.0006099909920717265
2019,xz_carry_lag_10,5.770523066075453e-18,0.9428090415148814,0.0007904981547407114,positive,0.0007904981547407114
2019,log_return_lag_9,2.653043092082337e-05,0.009449654860094936,0.001543143280285593,positive,0.001543143280285593
2019,volatility_lag_9,0.008217501152245447,0.004704572836258212,-0.0002197367395162287,negative,0.0002197367395162287
2019,sma20_ratio_lag_9,0.00032870058914422046,0.021495159493571975,0.0013886901232035554,positive,0.0013886901232035554
2019,mom24_lag_9,0.0005559622345308284,0.04213200135901547,-4.2011924805894145e-05,negative,4.2011924805894145e-05
2019,xz_mom24_lag_9,1.7138302839845504e-19,0.9428090415256529,0.00032017378923163825,positive,0.00032017378923163825
2019,xr_mom24_lag_9,0.0,0.6454972243679028,-8.008041828061909e-05,negative,8.008041828061909e-05
2019,carry_annual_lag_9,0.01562934572316878,0.019874131695968383,-0.007674301457693626,negative,0.007674301457693626
2019,xz_carry_lag_9,5.838322945441875e-18,0.9428090415148693,0.006060207185443206,positive,0.006060207185443206
2019,log_return_lag_8,2.7595228046898062e-05,0.009449690853691538,0.0023604543648487763,positive,0.0023604543648487763
2019,volatility_lag_8,0.00821805811866288,0.00470431164044272,0.00039184280807594914,positive,0.00039184280807594914
2019,sma20_ratio_lag_8,0.00033228689687093965,0.021493606108700592,-0.006402615546594344,negative,0.006402615546594344
2019,mom24_lag_8,0.0005635999714481449,0.04212992391013016,-0.0002278541613528334,negative,0.0002278541613528334
2019,xz_mom24_lag_8,1.920996582048617e-19,0.9428090415256456,0.00012419796843678263,positive,0.00012419796843678263
2019,xr_mom24_lag_8,0.0,0.6454972243679028,-7.16670431536084e-05,negative,7.16670431536084e-05
2019,carry_annual_lag_8,0.01562190467949078,0.01987052418141546,0.003180801579213577,positive,0.003180801579213577
2019,xz_carry_lag_8,5.9362561045267066e-18,0.9428090415148571,-0.003365295482012669,negative,0.003365295482012669
2019,log_return_lag_7,2.9024255517056578e-05,0.009449312889174269,-0.00029282833220357115,negative,0.00029282833220357115
2019,volatility_lag_7,0.008218585609685919,0.00470407623938115,-0.0007955093971332266,negative,0.0007955093971332266
2019,sma20_ratio_lag_7,0.0003367942175404011,0.02149309356200702,0.00011942085695317713,positive,0.00011942085695317713
2019,mom24_lag_7,0.0005715582474632993,0.04212877965132631,-0.0003174524389102878,negative,0.0003174524389102878
2019,xz_mom24_lag_7,1.61966378486452e-19,0.9428090415256415,-0.00021740637034031916,negative,0.00021740637034031916
2019,xr_mom24_lag_7,0.0,0.6454972243679028,8.562871065097946e-05,positive,8.562871065097946e-05
2019,carry_annual_lag_7,0.015614463635812778,0.01986691322479417,-0.0029107723095486322,negative,0.0029107723095486322
2019,xz_carry_lag_7,6.034189263611538e-18,0.9428090415148449,0.0014168766485144159,positive,0.0014168766485144159
2019,log_return_lag_6,3.054966610049178e-05,0.009449402859621727,-0.00021195227160185467,negative,0.00021195227160185467
2019,volatility_lag_6,0.008219115482742323,0.004703848747637028,0.0008107244778940367,positive,0.0008107244778940367
2019,sma20_ratio_lag_6,0.0003422842155166074,0.021493045707333826,0.0081236716643619,positive,0.0081236716643619
2019,mom24_lag_6,0.0005808882517645296,0.04212912992152026,-0.0004764309994025733,negative,0.0004764309994025733
2019,xz_mom24_lag_6,1.996329781344641e-19,0.9428090415256416,-0.00020199771199269458,negative,0.00020199771199269458
2019,xr_mom24_lag_6,0.0,0.6454972243679028,0.00016800614102497453,positive,0.00016800614102497453
2019,carry_annual_lag_6,0.015607022592134777,0.019863298824225425,0.007025254100461052,positive,0.007025254100461052
2019,xz_carry_lag_6,6.1321224226963696e-18,0.9428090415148326,-0.002363784524783768,negative,0.002363784524783768
2019,log_return_lag_5,3.0466080894468993e-05,0.0094492423710834,0.0034264396001452598,positive,0.0034264396001452598
2019,volatility_lag_5,0.008219635382315987,0.004703627603342301,-0.00022937834047032343,negative,0.00022937834047032343
2019,sma20_ratio_lag_5,0.00034738334746237337,0.021492659005991545,-0.006854944388739166,negative,0.006854944388739166
2019,mom24_lag_5,0.0005894138913937227,0.04212853857356366,2.8871316867650786e-05,positive,2.8871316867650786e-05
2019,xz_mom24_lag_5,2.1093295802886774e-19,0.9428090415256327,0.0003239339646198541,positive,0.0003239339646198541
2019,xr_mom24_lag_5,0.0,0.6454972243679028,-1.166907105939662e-06,negative,1.166907105939662e-06
2019,carry_annual_lag_5,0.015599581548456776,0.019859680977830488,-0.0014429163125930441,negative,0.0014429163125930441
2019,xz_carry_lag_5,6.199922302062791e-18,0.9428090415148204,0.0016033739329327048,positive,0.0016033739329327048
2019,log_return_lag_4,3.1317866940550535e-05,0.00944920844887012,0.0006749451489891047,positive,0.0006749451489891047
2019,volatility_lag_4,0.008220172654342975,0.00470338849374939,-7.382620135807185e-05,negative,7.382620135807185e-05
2019,sma20_ratio_lag_4,0.0003529906162185601,0.021492465207321704,0.0015010739238487411,positive,0.0015010739238487411
2019,mom24_lag_4,0.0006008183255993062,0.04212744469933029,0.0008099277742141608,positive,0.0008099277742141608
2019,xz_mom24_lag_4,1.8079967831045805e-19,0.9428090415256221,-0.0001529814399966988,negative,0.0001529814399966988
2019,xr_mom24_lag_4,0.0,0.6454972243679028,-0.00016368396049944896,negative,0.00016368396049944896
2019,carry_annual_lag_4,0.015592140504778772,0.019856059683726508,-0.0036969706992181447,negative,0.0036969706992181447
2019,xz_carry_lag_4,6.2978554611476224e-18,0.9428090415148082,-0.004440307020634865,negative,0.004440307020634865
2019,log_return_lag_3,2.9816195437831385e-05,0.00944934865790829,0.0016245470365758485,positive,0.0016245470365758485
2019,volatility_lag_3,0.008220638795303603,0.004703171562897967,0.0008952052521338498,positive,0.0008952052521338498
2019,sma20_ratio_lag_3,0.0003567773126832413,0.021492071112642442,-0.00224404104730878,negative,0.00224404104730878
2019,mom24_lag_3,0.0006122489513721627,0.042127055467274695,0.0008570945483734057,positive,0.0008570945483734057
2019,xz_mom24_lag_3,1.1299979894403629e-19,0.9428090415256146,-0.00015216853835086502,negative,0.00015216853835086502
2019,xr_mom24_lag_3,0.0,0.6454972243679028,5.3333207739640844e-05,positive,5.3333207739640844e-05
2019,carry_annual_lag_3,0.015584699461100771,0.019852434940025164,0.0037504557393783196,positive,0.0037504557393783196
2019,xz_carry_lag_3,6.395788620232454e-18,0.9428090415147958,-0.0012871165275736573,negative,0.0012871165275736573
2019,log_return_lag_2,3.135070446315895e-05,0.009449460279308385,0.0009647999208068236,positive,0.0009647999208068236
2019,volatility_lag_2,0.008221106720235093,0.004702952960513623,-0.001307468236861786,negative,0.001307468236861786
2019,sma20_ratio_lag_2,0.00036183762847908133,0.02149185955280007,-0.0026174574220290624,negative,0.0026174574220290624
2019,mom24_lag_2,0.000624113479969763,0.042126748109113814,0.0009285684807327091,positive,0.0009285684807327091
2019,xz_mom24_lag_2,5.2733239507216936e-20,0.9428090415256062,0.00018857620481286557,positive,0.00018857620481286557
2019,xr_mom24_lag_2,0.0,0.6454972243679028,-1.6648545700288702e-05,negative,1.6648545700288702e-05
2019,carry_annual_lag_2,0.015577258417422768,0.019848806744837202,-0.001492112284364601,negative,0.001492112284364601
2019,xz_carry_lag_2,6.493721779317285e-18,0.9428090415147836,-0.0005320204344612008,negative,0.0005320204344612008
2019,log_return_lag_1,3.018182481053706e-05,0.009449218420116425,0.0001546109376894107,positive,0.0001546109376894107
2019,volatility_lag_1,0.00822155457239519,0.00470274508292757,9.006260780266828e-05,positive,9.006260780266828e-05
2019,sma20_ratio_lag_1,0.0003657539521272602,0.02149201834307047,0.003929442669727805,positive,0.003929442669727805
2019,mom24_lag_1,0.0006298220115306477,0.04212628253640365,0.0013262663171438697,positive,0.0013262663171438697
2019,xz_mom24_lag_1,2.2599959788807256e-20,0.9428090415255996,0.00018134685406408967,positive,0.00018134685406408967
2019,xr_mom24_lag_1,0.0,0.6454972243679028,0.00014827101945710203,positive,0.00014827101945710203
2019,carry_annual_lag_1,0.015569817373744764,0.019845175096269888,-0.0013841811669161187,negative,0.0013841811669161187
2019,xz_carry_lag_1,6.561521658683707e-18,0.9428090415147713,0.002256158404775848,positive,0.002256158404775848
2019,log_return_lag_0,3.174418389572763e-05,0.009449579988084445,0.0021913150750063723,positive,0.0021913150750063723
2019,volatility_lag_0,0.008222035091289125,0.004702521777245723,0.0006350452749743295,positive,0.0006350452749743295
2019,sma20_ratio_lag_0,0.00037095755967799144,0.021492897317516226,-0.0065760618314646925,negative,0.0065760618314646925
2019,mom24_lag_0,0.0006371874158730487,0.04212541401770353,0.002148634357909381,positive,0.002148634357909381
2019,xz_mom24_lag_0,4.1433259612813304e-20,0.9428090415255936,-0.0001811289416141402,negative,0.0001811289416141402
2019,xr_mom24_lag_0,0.0,0.6454972243679028,-0.00017695236047688843,negative,0.00017695236047688843
2019,carry_annual_lag_0,0.015562376330066763,0.019841539992425817,-0.0012988426088648992,negative,0.0012988426088648992
2019,xz_carry_lag_0,6.659454817768539e-18,0.942809041514759,0.003667458636225717,positive,0.003667458636225717
2020,log_return_lag_31,3.4972541528995226e-05,0.009221205344274,6.30776188139555e-05,positive,6.30776188139555e-05
2020,volatility_lag_31,0.008022397860959641,0.0046024167886618336,-0.00020287956144557918,negative,0.00020287956144557918
2020,sma20_ratio_lag_31,0.0003826302699166557,0.02098203545567353,6.576114396819232e-05,positive,6.576114396819232e-05
2020,mom24_lag_31,0.0006718867150177666,0.04104416626163056,6.830981715037849e-05,positive,6.830981715037849e-05
2020,xz_mom24_lag_31,7.397997209509136e-19,0.942809041524312,-0.00029399376393280193,negative,0.00029399376393280193
2020,xr_mom24_lag_31,0.0,0.6454972243679028,0.0002653879475447889,positive,0.0002653879475447889
2020,carry_annual_lag_31,0.01520146675888127,0.019549829028960016,-0.0001499765872017205,negative,0.0001499765872017205
2020,xz_carry_lag_31,3.315140258978151e-18,0.9428090415141276,-0.0004448693364004401,negative,0.0004448693364004401
2020,log_return_lag_30,3.6789610965913105e-05,0.009220585348945017,0.00017885535389784097,positive,0.00017885535389784097
2020,volatility_lag_30,0.008021845874399212,0.004602775483970649,0.00013986433097420785,positive,0.00013986433097420785
2020,sma20_ratio_lag_30,0.0003901340914983454,0.020983322923761753,2.0294676773066986e-05,positive,2.0294676773066986e-05
2020,mom24_lag_30,0.0006831452778178874,0.041047744009842346,2.3481946287065868e-05,positive,2.3481946287065868e-05
2020,xz_mom24_lag_30,6.9094502239755145e-19,0.9428090415243066,0.00018155563330535083,positive,0.00018155563330535083
2020,xr_mom24_lag_30,0.0,0.6454972243679028,-0.00017667454539401712,negative,0.00017667454539401712
2020,carry_annual_lag_30,0.01519525717484759,0.01954616105423433,-0.0013630746104150038,negative,0.0013630746104150038
2020,xz_carry_lag_30,3.3709742001819935e-18,0.942809041514117,0.00020723552755149585,positive,0.00020723552755149585
2020,log_return_lag_29,3.7680125901749894e-05,0.009219961291058593,0.00020998018399226068,positive,0.00020998018399226068
2020,volatility_lag_29,0.008021291997348334,0.004603136987785035,-0.00026586749529752216,negative,0.00026586749529752216
2020,sma20_ratio_lag_29,0.00039802919159343897,0.020983284604493425,-0.001960261531066366,negative,0.001960261531066366
2020,mom24_lag_29,0.0006966363504841384,0.041053138343427505,-9.870874328941013e-05,negative,9.870874328941013e-05
2020,xz_mom24_lag_29,7.677166915528349e-19,0.9428090415243051,2.519428407039131e-05,positive,2.519428407039131e-05
2020,xr_mom24_lag_29,0.0,0.6454972243679028,0.00015576712152436489,positive,0.00015576712152436489
2020,carry_annual_lag_29,0.015189047590813905,0.019542490417977575,0.000843991032384186,positive,0.000843991032384186
2020,xz_carry_lag_29,3.426808141385836e-18,0.9428090415141067,0.0015181824877678765,positive,0.0015181824877678765
2020,log_return_lag_28,3.548545390020349e-05,0.0092192649099293,-0.000761843756881949,negative,0.000761843756881949
2020,volatility_lag_28,0.008020922309754333,0.0046034048905103766,0.0004833582304237646,positive,0.0004833582304237646
2020,sma20_ratio_lag_28,0.0004033784281739836,0.020983765651471944,0.0030016319775404477,positive,0.0030016319775404477
2020,mom24_lag_28,0.0007092394082059158,0.04105804609006589,-3.3147641982544524e-05,negative,3.3147641982544524e-05
2020,xz_mom24_lag_28,6.769865370965908e-19,0.9428090415243069,4.606867719208286e-06,positive,4.606867719208286e-06
2020,xr_mom24_lag_28,0.0,0.6454972243679028,-0.00022779384492415343,negative,0.00022779384492415343
2020,carry_annual_lag_28,0.015182838006780221,0.019538817118686373,-0.0013635314075383794,negative,0.0013635314075383794
2020,xz_carry_lag_28,3.482642082589678e-18,0.9428090415140963,9.173029942827263e-05,positive,9.173029942827263e-05
2020,log_return_lag_27,3.5615847754452836e-05,0.009219153540042865,0.0003246816893457139,positive,0.0003246816893457139
2020,volatility_lag_27,0.008020576405296489,0.004603655134071024,-0.00017836522071665496,negative,0.00017836522071665496
2020,sma20_ratio_lag_27,0.0004084530111647396,0.020984152306062622,-9.503963403196248e-05,negative,9.503963403196248e-05
2020,mom24_lag_27,0.0007202067555032619,0.04106288370837541,4.844350370523851e-05,positive,4.844350370523851e-05
2020,xz_mom24_lag_27,7.049035076985121e-19,0.9428090415243121,2.5123020041790977e-05,positive,2.5123020041790977e-05
2020,xr_mom24_lag_27,0.0,0.6454972243679028,-1.3285362908025522e-05,negative,1.3285362908025522e-05
2020,carry_annual_lag_27,0.015176628422746538,0.01953514115486195,0.0008982014178348671,positive,0.0008982014178348671
2020,xz_carry_lag_27,3.538476023793521e-18,0.942809041514086,0.001261060197632841,positive,0.001261060197632841
2020,log_return_lag_26,3.603849062639649e-05,0.009219247748145662,0.0001594388153338203,positive,0.0001594388153338203
2020,volatility_lag_26,0.008020252023057778,0.004603889850698174,0.0002509952244436906,positive,0.0002509952244436906
2020,sma20_ratio_lag_26,0.0004134877289029623,0.02098442099109223,-0.0015681592738631819,negative,0.0015681592738631819
2020,mom24_lag_26,0.0007308661229764755,0.04106814519035445,-0.00010785539890272515,negative,0.00010785539890272515
2020,xz_mom24_lag_26,7.6073744890235465e-19,0.9428090415243197,7.579744048459245e-05,positive,7.579744048459245e-05
2020,xr_mom24_lag_26,0.0,0.6454972243679028,-1.1103360027177554e-05,negative,1.1103360027177554e-05
2020,carry_annual_lag_26,0.015170418838712856,0.019531462524998364,0.00023925502061199829,positive,0.00023925502061199829
2020,xz_carry_lag_26,3.594309964997363e-18,0.9428090415140756,0.00105087898385388,positive,0.00105087898385388
2020,log_return_lag_25,3.8706000651115235e-05,0.009218996005115363,-0.0007253842469662997,negative,0.0007253842469662997
2020,volatility_lag_25,0.008019923789048443,0.00460411981560407,1.8293724154213444e-05,positive,1.8293724154213444e-05
2020,sma20_ratio_lag_25,0.0004206368851369902,0.020984309521769558,0.0009798773111906489,positive,0.0009798773111906489
2020,mom24_lag_25,0.0007413313279887227,0.04107317276466748,1.85662093805144e-05,positive,1.85662093805144e-05
2020,xz_mom24_lag_25,6.874554010723113e-19,0.9428090415243225,0.00017343283960396546,positive,0.00017343283960396546
2020,xr_mom24_lag_25,0.0,0.6454972243679028,-9.791102247566539e-05,negative,9.791102247566539e-05
2020,carry_annual_lag_25,0.015164209254679172,0.019527781227589722,-0.0009934197089187943,negative,0.0009934197089187943
2020,xz_carry_lag_25,3.650143906201206e-18,0.9428090415140652,-0.00020228502037002917,negative,0.00020228502037002917
2020,log_return_lag_24,3.637387767161526e-05,0.00921870750379627,-0.0006098096382055175,negative,0.0006098096382055175
2020,volatility_lag_24,0.008019582561430696,0.004604359324832565,-0.0004835873754599991,negative,0.0004835873754599991
2020,sma20_ratio_lag_24,0.00042505599690427894,0.02098442775210182,0.0031070862083860578,positive,0.0031070862083860578
2020,mom24_lag_24,0.0007494762271157048,0.04107730288519311,0.000235707680425581,positive,0.000235707680425581
2020,xz_mom24_lag_24,7.118827503489924e-19,0.9428090415243285,-0.00028259683704776647,negative,0.00028259683704776647
2020,xr_mom24_lag_24,0.0,0.6454972243679028,0.00010091748905784829,positive,0.00010091748905784829
2020,carry_annual_lag_24,0.015157999670645484,0.01952409726112533,-0.0012269067998689342,negative,0.0012269067998689342
2020,xz_carry_lag_24,3.7059778474050485e-18,0.9428090415140549,-0.00017338963698412945,negative,0.00017338963698412945
2020,log_return_lag_23,3.59711861954717e-05,0.009218459038912276,0.00050720568825811,positive,0.00050720568825811
2020,volatility_lag_23,0.008019229722478751,0.004604606653559355,2.728373132499234e-06,positive,2.728373132499234e-06
2020,sma20_ratio_lag_23,0.0004286041932321771,0.02098486035785032,-0.0009827493564469878,negative,0.0009827493564469878
2020,mom24_lag_23,0.0007579379243445751,0.04108194253799169,-1.9790670300516493e-05,negative,1.9790670300516493e-05
2020,xz_mom24_lag_23,6.3162145986846875e-19,0.942809041524337,-0.0001174758940876204,negative,0.0001174758940876204
2020,xr_mom24_lag_23,0.0,0.6454972243679028,9.414295447120712e-05,positive,9.414295447120712e-05
2020,carry_annual_lag_23,0.015151790086611796,0.019520410624095878,2.323254400426441e-05,positive,2.323254400426441e-05
2020,xz_carry_lag_23,3.7618117886088914e-18,0.9428090415140444,-0.0006838402603353784,negative,0.0006838402603353784
2020,log_return_lag_22,3.7837760143673474e-05,0.009218279628568443,0.00010538889830893466,positive,0.00010538889830893466
2020,volatility_lag_22,0.00801888811356057,0.004604865268186277,-2.8474959072387807e-05,negative,2.8474959072387807e-05
2020,sma20_ratio_lag_22,0.00043344183084477835,0.0209850483187079,-0.0004566129847972941,negative,0.0004566129847972941
2020,mom24_lag_22,0.000768981199733044,0.04108580326814246,-0.00017244156000494992,negative,0.00017244156000494992
2020,xz_mom24_lag_22,8.026129048052366e-19,0.942809041524341,2.539830421439784e-05,positive,2.539830421439784e-05
2020,xr_mom24_lag_22,0.0,0.6454972243679028,0.00011568468215517447,positive,0.00011568468215517447
2020,carry_annual_lag_22,0.01514558050257811,0.01951672131498786,0.0006958621772732731,positive,0.0006958621772732731
2020,xz_carry_lag_22,3.8176457298127336e-18,0.9428090415140341,-0.0012010531030556416,negative,0.0012010531030556416
2020,log_return_lag_21,3.7451577150536914e-05,0.009218313440106981,-0.00011456996650778734,negative,0.00011456996650778734
2020,volatility_lag_21,0.008018480177791113,0.004605188060373094,0.0003590479047323107,positive,0.0003590479047323107
2020,sma20_ratio_lag_21,0.0004372947408579585,0.020985207871662654,0.0015186001464557437,positive,0.0015186001464557437
2020,mom24_lag_21,0.0007786748909408148,0.04108868230864548,0.00012014823080251884,positive,0.00012014823080251884
2020,xz_mom24_lag_21,9.85818024380345e-19,0.9428090415243376,-0.00011536522326695326,negative,0.00011536522326695326
2020,xr_mom24_lag_21,0.0,0.6454972243679028,1.1283837816776678e-05,positive,1.1283837816776678e-05
2020,carry_annual_lag_21,0.015139370918544424,0.019513029332284174,0.00114496963895684,positive,0.00114496963895684
2020,xz_carry_lag_21,3.8734796710165765e-18,0.9428090415140237,-0.0007424955752027977,negative,0.0007424955752027977
2020,log_return_lag_20,3.7343300859255374e-05,0.009218248845035306,0.0006599795714829977,positive,0.0006599795714829977
2020,volatility_lag_20,0.008018095800269012,0.004605498774351361,-0.0002257514366663905,negative,0.0002257514366663905
2020,sma20_ratio_lag_20,0.00044046651455639525,0.020985679915274683,-0.0017952277513722803,negative,0.0017952277513722803
2020,mom24_lag_20,0.0007877018588251945,0.04109103104909864,-0.00016445590858933472,negative,0.00016445590858933472
2020,xz_mom24_lag_20,9.526666217905634e-19,0.9428090415243422,0.00019659455176768408,positive,0.00019659455176768408
2020,xr_mom24_lag_20,0.0,0.6454972243679028,-1.2078205494322434e-05,negative,1.2078205494322434e-05
2020,carry_annual_lag_20,0.01513311562500963,0.01950932543994261,0.0014582714310153997,positive,0.0014582714310153997
2020,xz_carry_lag_20,3.9153551269194586e-18,0.9428090415140128,-0.0006111624496847364,negative,0.0006111624496847364
2020,log_return_lag_19,4.1285108359504314e-05,0.009218416053401807,-0.0001099503408380703,negative,0.0001099503408380703
2020,volatility_lag_19,0.008017745029726056,0.004605776653611017,0.0003236224239914791,positive,0.0003236224239914791
2020,sma20_ratio_lag_19,0.00044681739158245387,0.02098661055657449,-0.0007104829663482066,negative,0.0007104829663482066
2020,mom24_lag_19,0.0008025256180055489,0.041094507325561275,-0.0001438786886709267,negative,0.0001438786886709267
2020,xz_mom24_lag_19,8.34019496732398e-19,0.9428090415243469,-0.00012232139140686856,negative,0.00012232139140686856
2020,xr_mom24_lag_19,0.0,0.6454972243679028,-0.00012489213944999816,negative,0.00012489213944999816
2020,carry_annual_lag_19,0.015126860331474836,0.019505618838254014,0.0001421692042433764,positive,0.0001421692042433764
2020,xz_carry_lag_19,3.95723058282234e-18,0.9428090415140019,-0.0002524731000244785,negative,0.0002524731000244785
2020,log_return_lag_18,3.977901230016174e-05,0.009218283902433627,-0.00035346037390297265,negative,0.00035346037390297265
2020,volatility_lag_18,0.008017419077844205,0.004606028732630989,-0.000235886444743103,negative,0.000235886444743103
2020,sma20_ratio_lag_18,0.0004510177196929862,0.02098664318099445,0.0021456710287674472,positive,0.0021456710287674472
2020,mom24_lag_18,0.0008159576887557279,0.04109776677546903,-0.00035113430649614185,negative,0.00035113430649614185
2020,xz_mom24_lag_18,7.712063128780752e-19,0.9428090415243469,0.00013919752736306313,positive,0.00013919752736306313
2020,xr_mom24_lag_18,0.0,0.6454972243679028,-2.5835536719563568e-05,negative,2.5835536719563568e-05
2020,carry_annual_lag_18,0.01512060503794004,0.019501909525671015,0.0009912789161317837,positive,0.0009912789161317837
2020,xz_carry_lag_18,3.999106038725222e-18,0.9428090415139911,8.424882038574631e-05,positive,8.424882038574631e-05
2020,log_return_lag_17,3.929823727829958e-05,0.009218408754988482,0.0005763210637517042,positive,0.0005763210637517042
2020,volatility_lag_17,0.008017153907886335,0.004606236122086571,-8.656625717123671e-05,negative,8.656625717123671e-05
2020,sma20_ratio_lag_17,0.0004541291524613121,0.020986039263367368,0.0005830280203416178,positive,0.0005830280203416178
2020,mom24_lag_17,0.0008297951205538003,0.04109920509237432,-0.0002644662564985569,negative,0.0002644662564985569
2020,xz_mom24_lag_17,7.886544195042759e-19,0.9428090415243444,-0.0002855569768899098,negative,0.0002855569768899098
2020,xr_mom24_lag_17,0.0,0.6454972243679028,0.0002877357978374305,positive,0.0002877357978374305
2020,carry_annual_lag_17,0.015114349744405247,0.019498197500648642,0.0002396904682965424,positive,0.0002396904682965424
2020,xz_carry_lag_17,4.040981494628104e-18,0.9428090415139803,-0.00024377021223838415,negative,0.00024377021223838415
2020,log_return_lag_16,3.855897030621471e-05,0.009218222624794279,0.00094018460811833,positive,0.00094018460811833
2020,volatility_lag_16,0.00801690499305159,0.004606430597444429,0.0002934012643773076,positive,0.0002934012643773076
2020,sma20_ratio_lag_16,0.00045612244114054715,0.020985840091120245,-0.001089010785177871,negative,0.001089010785177871
2020,mom24_lag_16,0.0008426159816258194,0.04110082848278917,-0.00016937494555057436,negative,0.00016937494555057436
2020,xz_mom24_lag_16,7.642270702275948e-19,0.9428090415243428,0.0003030245886289465,positive,0.0003030245886289465
2020,xr_mom24_lag_16,0.0,0.6454972243679028,-0.00016472744299136883,negative,0.00016472744299136883
2020,carry_annual_lag_16,0.015108094450870451,0.019494482761636362,-0.001087290587317475,negative,0.001087290587317475
2020,xz_carry_lag_16,4.082856950530986e-18,0.9428090415139694,-0.00042001965133359783,negative,0.00042001965133359783
2020,log_return_lag_15,3.770920402401986e-05,0.009218127711634626,0.0005395351436680874,positive,0.0005395351436680874
2020,volatility_lag_15,0.008016670163602349,0.0046066090303129945,-0.00032550071246436154,negative,0.00032550071246436154
2020,sma20_ratio_lag_15,0.0004569732617174472,0.020984978171199778,-0.0022491710467626327,negative,0.0022491710467626327
2020,mom24_lag_15,0.0008544992169466679,0.04110110957511967,-0.000441285376024615,negative,0.000441285376024615
2020,xz_mom24_lag_15,8.58446846009079e-19,0.9428090415243414,-3.8444192373796675e-05,negative,3.8444192373796675e-05
2020,xr_mom24_lag_15,0.0,0.6454972243679028,-2.9852456147961317e-05,negative,2.9852456147961317e-05
2020,carry_annual_lag_15,0.015101839157335657,0.019490765307082856,-0.0011528999250059579,negative,0.0011528999250059579
2020,xz_carry_lag_15,4.124732406433868e-18,0.9428090415139586,0.00023686380864361664,positive,0.00023686380864361664
2020,log_return_lag_14,3.640741906996389e-05,0.009218336352268966,-0.0005040371680723801,negative,0.0005040371680723801
2020,volatility_lag_14,0.008016493880731019,0.004606748035033953,3.339717029612918e-05,positive,3.339717029612918e-05
2020,sma20_ratio_lag_14,0.00045632066388212963,0.020984464890030845,0.0002743747431636019,positive,0.0002743747431636019
2020,mom24_lag_14,0.0008636138501274322,0.041100499958599934,-7.217123824240149e-05,negative,7.217123824240149e-05
2020,xz_mom24_lag_14,9.247496511886421e-19,0.9428090415243445,-4.5673644667686355e-05,negative,4.5673644667686355e-05
2020,xr_mom24_lag_14,0.0,0.6454972243679028,0.0001182986423271233,positive,0.0001182986423271233
2020,carry_annual_lag_14,0.015095583863800863,0.01948704513543454,0.0001675595991651235,positive,0.0001675595991651235
2020,xz_carry_lag_14,4.16660786233675e-18,0.9428090415139476,0.0018046672636557412,positive,0.0018046672636557412
2020,log_return_lag_13,3.827994827735054e-05,0.009218240104592308,-0.00035028208609264255,negative,0.00035028208609264255
2020,volatility_lag_13,0.008016307817013589,0.004606894100345734,-0.0001258075755123258,negative,0.0001258075755123258
2020,sma20_ratio_lag_13,0.00045724365590739575,0.02098369711078629,-0.0017808898426625857,negative,0.0017808898426625857
2020,mom24_lag_13,0.0008745039804883689,0.04110009658184442,-0.000334443228580528,negative,0.000334443228580528
2020,xz_mom24_lag_13,8.654260886595594e-19,0.942809041524347,-2.966663232537642e-05,negative,2.966663232537642e-05
2020,xr_mom24_lag_13,0.0,0.6454972243679028,-0.00016307623850416461,negative,0.00016307623850416461
2020,carry_annual_lag_13,0.015089328570266068,0.019483322245133643,-0.001061306413168318,negative,0.001061306413168318
2020,xz_carry_lag_13,4.208483318239632e-18,0.9428090415139369,-0.00014270121605403064,negative,0.00014270121605403064
2020,log_return_lag_12,3.86137306978571e-05,0.009218052485192786,-0.0011139622216796727,negative,0.0011139622216796727
2020,volatility_lag_12,0.008016087646416085,0.004607070799316333,0.0004663333692332738,positive,0.0004663333692332738
2020,sma20_ratio_lag_12,0.0004583380275769016,0.020982969532487614,-0.0006155211146825477,negative,0.0006155211146825477
2020,mom24_lag_12,0.0008823133263952606,0.0410996667286985,-0.00021729997521285256,negative,0.00021729997521285256
2020,xz_mom24_lag_12,9.142807872129216e-19,0.9428090415243506,9.253176991215859e-05,positive,9.253176991215859e-05
2020,xr_mom24_lag_12,0.0,0.6454972243679028,5.036755980014688e-05,positive,5.036755980014688e-05
2020,carry_annual_lag_12,0.015083073276731272,0.019479596634621777,0.000471663528590803,positive,0.000471663528590803
2020,xz_carry_lag_12,4.250358774142513e-18,0.942809041513926,-0.0004867187145110267,negative,0.0004867187145110267
2020,log_return_lag_11,3.9439407568398145e-05,0.009217991892788322,-0.0013628165886285183,negative,0.0013628165886285183
2020,volatility_lag_11,0.008015880991155367,0.004607239514416545,-0.0002774499173274037,negative,0.0002774499173274037
2020,sma20_ratio_lag_11,0.0004600312889626687,0.02098202007394152,0.0020733813616451912,positive,0.0020733813616451912
2020,mom24_lag_11,0.0008896305744469495,0.04109896977241843,-0.00033676265614909523,negative,0.00033676265614909523
2020,xz_mom24_lag_11,9.00322301911961e-19,0.9428090415243501,-0.0001681499484480097,negative,0.0001681499484480097
2020,xr_mom24_lag_11,0.0,0.6454972243679028,4.537087816848558e-05,positive,4.537087816848558e-05
2020,carry_annual_lag_11,0.015076817983196477,0.01947586830233847,0.0022635906176687497,positive,0.0022635906176687497
2020,xz_carry_lag_11,4.292234230045395e-18,0.9428090415139151,-0.00038020518780418117,negative,0.00038020518780418117
2020,log_return_lag_10,4.1494969074070426e-05,0.009217659659754943,-0.000564431393422068,negative,0.000564431393422068
2020,volatility_lag_10,0.0080156464300249,0.004607429649920317,-5.865007936375331e-05,negative,5.865007936375331e-05
2020,sma20_ratio_lag_10,0.00046353884860560413,0.020980712882116642,0.002226342767286652,positive,0.002226342767286652
2020,mom24_lag_10,0.0008988919006902701,0.041097137573654824,-0.0001771413113683153,negative,0.0001771413113683153
2020,xz_mom24_lag_10,8.828741952857603e-19,0.9428090415243469,-8.02632443226219e-05,negative,8.02632443226219e-05
2020,xr_mom24_lag_10,0.0,0.6454972243679028,-5.9531927089382276e-05,negative,5.9531927089382276e-05
2020,carry_annual_lag_10,0.015070464838110541,0.019472096432028654,0.0005281196518784097,positive,0.0005281196518784097
2020,xz_carry_lag_10,4.38994362715212e-18,0.9428090415139043,4.1474831299551063e-05,positive,4.1474831299551063e-05
2020,log_return_lag_9,4.266500349183333e-05,0.009217507088815016,0.0004531869705481448,positive,0.0004531869705481448
2020,volatility_lag_9,0.008015431954990595,0.004607607855905267,-0.00021274963222494642,negative,0.00021274963222494642
2020,sma20_ratio_lag_9,0.00046796006212529976,0.02097904267759051,0.001051224289515929,positive,0.001051224289515929
2020,mom24_lag_9,0.0009091330123610867,0.04109518030785235,6.058521247472369e-05,positive,6.058521247472369e-05
2020,xz_mom24_lag_9,8.58446846009079e-19,0.9428090415243419,0.00025840262595315343,positive,0.00025840262595315343
2020,xr_mom24_lag_9,0.0,0.6454972243679028,-6.908768679059579e-05,negative,6.908768679059579e-05
2020,carry_annual_lag_9,0.015064111693024606,0.019468321757703605,-0.0010956026222554902,negative,0.0010956026222554902
2020,xz_carry_lag_9,4.459736053656923e-18,0.9428090415138936,0.0002646484735634302,positive,0.0002646484735634302
2020,log_return_lag_8,4.33548783759492e-05,0.009217399466408887,0.0010107013170922424,positive,0.0010107013170922424
2020,volatility_lag_8,0.008015210085486639,0.004607791457571772,0.0003677802526657375,positive,0.0003677802526657375
2020,sma20_ratio_lag_8,0.0004726860810608796,0.020977747746975535,-0.002312257439868672,negative,0.002312257439868672
2020,mom24_lag_8,0.0009171516621730018,0.041093421320822644,-0.00018889409861208383,negative,0.00018889409861208383
2020,xz_mom24_lag_8,8.375091180576381e-19,0.9428090415243374,0.00011940783763689468,positive,0.00011940783763689468
2020,xr_mom24_lag_8,0.0,0.6454972243679028,-8.169551228619773e-05,negative,8.169551228619773e-05
2020,carry_annual_lag_8,0.015057758547938673,0.01946454427773383,0.0002941796986989328,positive,0.0002941796986989328
2020,xz_carry_lag_8,4.5574454507636474e-18,0.9428090415138826,-0.0001492398808356574,negative,0.0001492398808356574
2020,log_return_lag_7,4.328226150071672e-05,0.009216823136204911,9.365216340630234e-05,positive,9.365216340630234e-05
2020,volatility_lag_7,0.008014966996913822,0.004607986098949491,-0.0007586275469666533,negative,0.0007586275469666533
2020,sma20_ratio_lag_7,0.0004769680381159226,0.020977013776523588,0.0003197046988612758,positive,0.0003197046988612758
2020,mom24_lag_7,0.0009254613821447231,0.041092391007336186,-0.0001820478401142768,negative,0.0001820478401142768
2020,xz_mom24_lag_7,8.758949526352798e-19,0.942809041524331,-0.0001861092695699214,negative,0.0001861092695699214
2020,xr_mom24_lag_7,0.0,0.6454972243679028,8.449163055119439e-05,positive,8.449163055119439e-05
2020,carry_annual_lag_7,0.015051405402852736,0.01946076399048358,-3.615838559721976e-05,negative,3.615838559721976e-05
2020,xz_carry_lag_7,4.655154847870372e-18,0.9428090415138717,-0.00018918057673235328,negative,0.00018918057673235328
2020,log_return_lag_6,4.331298596678235e-05,0.009216554434519719,0.00029739081835796405,positive,0.00029739081835796405
2020,volatility_lag_6,0.008014665471212936,0.00460823039749938,0.0005887349830412306,positive,0.0005887349830412306
2020,sma20_ratio_lag_6,0.0004809194803669965,0.020976413734158778,0.0025461552912187037,positive,0.0025461552912187037
2020,mom24_lag_6,0.0009319847571455916,0.04109164251247265,-0.0001554820646663701,negative,0.0001554820646663701
2020,xz_mom24_lag_6,8.58446846009079e-19,0.9428090415243224,-0.0002109380847787734,negative,0.0002109380847787734
2020,xr_mom24_lag_6,0.0,0.6454972243679028,0.0001466030787867262,positive,0.0001466030787867262
2020,carry_annual_lag_6,0.0150450522577668,0.019456980894317955,0.001618596059811986,positive,0.001618596059811986
2020,xz_carry_lag_6,4.7528642449770966e-18,0.9428090415138608,0.0002097549000320801,positive,0.0002097549000320801
2020,log_return_lag_5,4.384812850083437e-05,0.0092166307333442,0.0014564841999097063,positive,0.0014564841999097063
2020,volatility_lag_5,0.00801436436494463,0.004608471089570938,6.3970031521665355e-06,positive,6.3970031521665355e-06
2020,sma20_ratio_lag_5,0.00048514973394736034,0.02097585442386215,-0.002282542570721421,negative,0.002282542570721421
2020,mom24_lag_5,0.0009381527597446761,0.041090385578704716,0.00012408874682608387,positive,0.00012408874682608387
2020,xz_mom24_lag_5,8.58446846009079e-19,0.9428090415243128,0.00030469255458278694,positive,0.00030469255458278694
2020,xr_mom24_lag_5,0.0,0.6454972243679028,2.818300681208201e-05,positive,2.818300681208201e-05
2020,carry_annual_lag_5,0.015038699112680865,0.019453194987597764,-0.0004992274486682454,negative,0.0004992274486682454
2020,xz_carry_lag_5,4.8226566714819e-18,0.9428090415138499,-0.0004810146515087959,negative,0.0004810146515087959
2020,log_return_lag_4,4.3015816476764644e-05,0.009216846847966245,0.0006295231824012489,positive,0.0006295231824012489
2020,volatility_lag_4,0.008014082846454116,0.004608699800055894,3.6765666108752335e-05,positive,3.6765666108752335e-05
2020,sma20_ratio_lag_4,0.00048821302254359366,0.02097520596929463,4.3944772215844645e-05,positive,4.3944772215844645e-05
2020,mom24_lag_4,0.0009456831223212368,0.04108840199221229,0.0004362474994952353,positive,0.0004362474994952353
2020,xz_mom24_lag_4,8.724053313100398e-19,0.9428090415243053,-0.0001474089258654144,negative,0.0001474089258654144
2020,xr_mom24_lag_4,0.0,0.6454972243679028,-0.00015647715451932819,negative,0.00015647715451932819
2020,carry_annual_lag_4,0.015032345967594929,0.019449406268682277,-0.0014570485525878581,negative,0.0014570485525878581
2020,xz_carry_lag_4,4.920366068588624e-18,0.9428090415138389,-0.001702363221222357,negative,0.001702363221222357
2020,log_return_lag_3,4.2066801516993015e-05,0.009216845755417882,0.0008236446284776695,positive,0.0008236446284776695
2020,volatility_lag_3,0.008013794296925328,0.004608934718444489,0.0006355450676676209,positive,0.0006355450676676209
2020,sma20_ratio_lag_3,0.0004900274838999,0.020974849423102133,-0.0007586954933471762,negative,0.0007586954933471762
2020,mom24_lag_3,0.0009521340760837775,0.041086807340343916,0.000548176634718522,positive,0.000548176634718522
2020,xz_mom24_lag_3,8.514676033585988e-19,0.9428090415243005,-0.00013976385918401652,negative,0.00013976385918401652
2020,xr_mom24_lag_3,0.0,0.6454972243679028,5.4283491514095336e-05,positive,5.4283491514095336e-05
2020,carry_annual_lag_3,0.015025992822508993,0.019445614735926885,0.00046479313085926805,positive,0.00046479313085926805
2020,xz_carry_lag_3,5.018075465695348e-18,0.9428090415138279,-0.0004338310715480953,negative,0.0004338310715480953
2020,log_return_lag_2,4.3488720937097124e-05,0.009216927139003864,0.0006883624680153294,positive,0.0006883624680153294
2020,volatility_lag_2,0.008013517051543803,0.004609160525544834,-0.0010772799225229237,negative,0.0010772799225229237
2020,sma20_ratio_lag_2,0.0004929767139129366,0.02097425106666504,-0.001247846277917164,negative,0.001247846277917164
2020,mom24_lag_2,0.0009595843063944775,0.041085181992195,0.0006668464693155066,positive,0.0006668464693155066
2020,xz_mom24_lag_2,7.816751768537956e-19,0.9428090415242928,0.0002145355962610981,positive,0.0002145355962610981
2020,xr_mom24_lag_2,0.0,0.6454972243679028,-4.123874656354831e-05,negative,4.123874656354831e-05
2020,carry_annual_lag_2,0.015019639677423056,0.0194418203876851,-0.0007192655914327098,negative,0.0007192655914327098
2020,xz_carry_lag_2,5.115784862802073e-18,0.9428090415138171,-0.00017670744164129964,negative,0.00017670744164129964
2020,log_return_lag_1,4.050459232907341e-05,0.009217707779278054,0.0003664124317252524,positive,0.0003664124317252524
2020,volatility_lag_1,0.008013297621239349,0.004609333317666904,8.6166017908916e-05,positive,8.6166017908916e-05
2020,sma20_ratio_lag_1,0.0004928037184540995,0.02097446240381312,0.00026690881739321605,positive,0.00026690881739321605
2020,mom24_lag_1,0.0009613828980724356,0.041084536424847856,0.0009118346952612559,positive,0.0009118346952612559
2020,xz_mom24_lag_1,7.46778963601394e-19,0.9428090415242879,0.00012380504327450125,positive,0.00012380504327450125
2020,xr_mom24_lag_1,0.0,0.6454972243679028,0.00014682379543077886,positive,0.00014682379543077886
2020,carry_annual_lag_1,0.01501328653233712,0.019438023222309725,-0.00022001604392076778,negative,0.00022001604392076778
2020,xz_carry_lag_1,5.185577289306876e-18,0.9428090415138061,0.000866151833227063,positive,0.000866151833227063
2020,log_return_lag_0,4.0398551768425426e-05,0.009217577372336083,0.0006685909537589024,positive,0.0006685909537589024
2020,volatility_lag_0,0.008013048050906846,0.004609535118267829,0.0004699646402094929,positive,0.0004699646402094929
2020,sma20_ratio_lag_0,0.0004923700298430487,0.020974664321884214,-0.0024940511669179315,negative,0.0024940511669179315
2020,mom24_lag_0,0.0009654075721692463,0.04108344001188371,0.0011987007726425344,positive,0.0011987007726425344
2020,xz_mom24_lag_0,7.397997209509136e-19,0.9428090415242829,-0.00017055825495046218,negative,0.00017055825495046218
2020,xr_mom24_lag_0,0.0,0.6454972243679028,-0.00014068450088226497,negative,0.00014068450088226497
2020,carry_annual_lag_0,0.015006933387251184,0.01943422323814879,-2.553639355727776e-05,negative,2.553639355727776e-05
2020,xz_carry_lag_0,5.2832866864136e-18,0.9428090415137951,0.0014864136168689771,positive,0.0014864136168689771
2021,log_return_lag_31,5.2384812649742765e-05,0.009075995063508707,4.969243354638898e-05,positive,4.969243354638898e-05
2021,volatility_lag_31,0.007872677001441506,0.004552018554766209,-0.00022431341789445213,negative,0.00022431341789445213
2021,sma20_ratio_lag_31,0.0005670815148045086,0.020751295173361137,0.000258917323460282,positive,0.000258917323460282
2021,mom24_lag_31,0.0012128457191988708,0.04053249510478463,2.74415926099583e-05,positive,2.74415926099583e-05
2021,xz_mom24_lag_31,7.537287967490016e-19,0.9428090415236078,-0.00030552064380145387,negative,0.00030552064380145387
2021,xr_mom24_lag_31,0.0,0.6454972243679028,0.0002537420203356947,positive,0.0002537420203356947
2021,carry_annual_lag_31,0.01465611313012268,0.019147049418968366,0.002483702844216444,positive,0.002483702844216444
2021,xz_carry_lag_31,4.035048127423534e-18,0.9428090415124547,-0.004655984668890355,negative,0.004655984668890355
2021,log_return_lag_30,5.0185339999534814e-05,0.009078434324122607,0.00027321993789244107,positive,0.00027321993789244107
2021,volatility_lag_30,0.007873062997399222,0.004552077788168071,0.00021811540999844747,positive,0.00021811540999844747
2021,sma20_ratio_lag_30,0.0005668004772615065,0.020751951194553142,0.0008672715668663185,positive,0.0008672715668663185
2021,mom24_lag_30,0.0012135280047300737,0.04053277598032265,4.5358757384831855e-05,positive,4.5358757384831855e-05
2021,xz_mom24_lag_30,7.537287967490016e-19,0.9428090415236106,0.0001578515080465476,positive,0.0001578515080465476
2021,xr_mom24_lag_30,0.0,0.6454972243679028,-0.00014638567199773943,negative,0.00014638567199773943
2021,carry_annual_lag_30,0.01464891194018298,0.019143456169419867,-0.004750110418024767,negative,0.004750110418024767
2021,xz_carry_lag_30,4.061038775587293e-18,0.9428090415124285,0.0031143873519975883,positive,0.0031143873519975883
2021,log_return_lag_29,4.94113407398941e-05,0.009078510282055512,0.0007445247575992435,positive,0.0007445247575992435
2021,volatility_lag_29,0.00787345771124679,0.004552134719701356,-0.00020245087787738766,negative,0.00020245087787738766
2021,sma20_ratio_lag_29,0.0005660413672824849,0.020752537680063944,-0.006432074255679028,negative,0.006432074255679028
2021,mom24_lag_29,0.001210945666802828,0.04053438639065803,-4.0884374816517345e-05,negative,4.0884374816517345e-05
2021,xz_mom24_lag_29,7.537287967490016e-19,0.9428090415236149,1.8107263827865185e-05,positive,1.8107263827865185e-05
2021,xr_mom24_lag_29,0.0,0.6454972243679028,0.00014076643060836297,positive,0.00014076643060836297
2021,carry_annual_lag_29,0.01464171075024328,0.019139859535906512,0.0031162634311848623,positive,0.0031162634311848623
2021,xz_carry_lag_29,4.0870294237510516e-18,0.9428090415124023,0.002574350253358902,positive,0.002574350253358902
2021,log_return_lag_28,4.696357229804974e-05,0.009078142815078549,-0.0022150852370495322,negative,0.0022150852370495322
2021,volatility_lag_28,0.00787398294484915,0.00455206680886201,0.00021107983219329754,positive,0.00021107983219329754
2021,sma20_ratio_lag_28,0.0005633163058794198,0.020754846817093785,0.008329935573289503,positive,0.008329935573289503
2021,mom24_lag_28,0.0012088507409234047,0.04053579259932438,-7.049796038174897e-05,negative,7.049796038174897e-05
2021,xz_mom24_lag_28,7.602264587899412e-19,0.9428090415236211,7.358040764111524e-05,positive,7.358040764111524e-05
2021,xr_mom24_lag_28,0.0,0.6454972243679028,-0.0002153749337848458,negative,0.0002153749337848458
2021,carry_annual_lag_28,0.01463450956030358,0.01913625951652312,-0.004230907552307684,negative,0.004230907552307684
2021,xz_carry_lag_28,4.11302007191481e-18,0.9428090415123762,-0.0002674060371419103,negative,0.0002674060371419103
2021,log_return_lag_27,4.779919613194433e-05,0.009078162987204447,0.0010508936999907596,positive,0.0010508936999907596
2021,volatility_lag_27,0.00787452716001072,0.004551981374020312,-4.911841561523606e-05,negative,4.911841561523606e-05
2021,sma20_ratio_lag_27,0.0005617305050859479,0.02075622485434109,-0.0012944524657577,negative,0.0012944524657577
2021,mom24_lag_27,0.0012058976809438426,0.04053724846683295,1.6673220030254763e-05,positive,1.6673220030254763e-05
2021,xz_mom24_lag_27,7.732217828718206e-19,0.9428090415236294,8.118902226061577e-05,positive,8.118902226061577e-05
2021,xr_mom24_lag_27,0.0,0.6454972243679028,-7.82547019099681e-05,negative,7.82547019099681e-05
2021,carry_annual_lag_27,0.01462730837036388,0.01913265610935704,0.0018861146536404757,positive,0.0018861146536404757
2021,xz_carry_lag_27,4.139010720078569e-18,0.94280904151235,0.002482625877204017,positive,0.002482625877204017
2021,log_return_lag_26,4.8618690328560165e-05,0.009078148932604883,0.00037012144895291234,positive,0.00037012144895291234
2021,volatility_lag_26,0.007875061224624608,0.004551886522896898,0.0003624786692675551,positive,0.0003624786692675551
2021,sma20_ratio_lag_26,0.0005611316137344915,0.02075683558121578,-0.0038107438849985156,negative,0.0038107438849985156
2021,mom24_lag_26,0.0012023999432814703,0.040538780648154034,-4.740140376263161e-05,negative,4.740140376263161e-05
2021,xz_mom24_lag_26,8.05710093076519e-19,0.942809041523639,2.0193069040928954e-05,positive,2.0193069040928954e-05
2021,xr_mom24_lag_26,0.0,0.6454972243679028,6.0502364351258465e-06,positive,6.0502364351258465e-06
2021,carry_annual_lag_26,0.014620107180424181,0.01912904931249546,0.0002976332705770071,positive,0.0002976332705770071
2021,xz_carry_lag_26,4.1650013682423275e-18,0.9428090415123239,0.002930080630705741,positive,0.002930080630705741
2021,log_return_lag_25,5.0252042742495245e-05,0.009077631742880485,-0.0014938616744835606,negative,0.0014938616744835606
2021,volatility_lag_25,0.007875565843912316,0.0045518013183781,0.00010400916759973399,positive,0.00010400916759973399
2021,sma20_ratio_lag_25,0.0005622284735627449,0.02075627142379684,0.0008058659468878082,positive,0.0008058659468878082
2021,mom24_lag_25,0.0011972496045709344,0.04054090077495018,-0.00017362377517040465,negative,0.00017362377517040465
2021,xz_mom24_lag_25,8.122077551174586e-19,0.9428090415236455,0.0001229940389512575,positive,0.0001229940389512575
2021,xr_mom24_lag_25,0.0,0.6454972243679028,-4.93935063725338e-05,negative,4.93935063725338e-05
2021,carry_annual_lag_25,0.01461290599048448,0.01912543912401936,-0.0017504384351682196,negative,0.0017504384351682196
2021,xz_carry_lag_25,4.190992016406086e-18,0.9428090415122977,-0.0015858984277513895,negative,0.0015858984277513895
2021,log_return_lag_24,4.6626781093525895e-05,0.009078543014243694,-0.0016148391411858764,negative,0.0016148391411858764
2021,volatility_lag_24,0.007876087856052608,0.004551739556309392,-0.0006621465163968191,negative,0.0006621465163968191
2021,sma20_ratio_lag_24,0.0005599529860751358,0.020757889297564364,0.006993896759826486,positive,0.006993896759826486
2021,mom24_lag_24,0.0011879408093975173,0.04054605245094675,0.0005448190367583915,positive,0.0005448190367583915
2021,xz_mom24_lag_24,7.699729518513507e-19,0.9428090415236605,-0.00023024786363921656,negative,0.00023024786363921656
2021,xr_mom24_lag_24,0.0,0.6454972243679028,6.945924192390258e-05,positive,6.945924192390258e-05
2021,carry_annual_lag_24,0.014605704800544775,0.019121825542007843,-0.0025033041923709907,negative,0.0025033041923709907
2021,xz_carry_lag_24,4.216982664569845e-18,0.9428090415122716,0.0016533803784099612,positive,0.0016533803784099612
2021,log_return_lag_23,4.524789385658549e-05,0.009078505208791745,0.001151540923433888,positive,0.001151540923433888
2021,volatility_lag_23,0.007876584061440088,0.004551683739566421,-8.459318803289551e-05,negative,8.459318803289551e-05
2021,sma20_ratio_lag_23,0.0005564766708748052,0.020760257405866213,-0.0029706449928301203,negative,0.0029706449928301203
2021,mom24_lag_23,0.0011788980867940332,0.040550300010931725,-8.343178329644302e-05,negative,8.343178329644302e-05
2021,xz_mom24_lag_23,7.8296827593323015e-19,0.9428090415236758,-0.00011823136789402824,negative,0.00011823136789402824
2021,xr_mom24_lag_23,0.0,0.6454972243679028,8.879520110962017e-05,positive,8.879520110962017e-05
2021,carry_annual_lag_23,0.01459850361060507,0.01911820856453589,0.0004043835303501816,positive,0.0004043835303501816
2021,xz_carry_lag_23,4.2429733127336035e-18,0.9428090415122455,-0.001839216785955138,negative,0.001839216785955138
2021,log_return_lag_22,4.571592528513931e-05,0.009078398902497467,-9.276053776732214e-05,negative,9.276053776732214e-05
2021,volatility_lag_22,0.007877100367033742,0.0045516241292785226,0.0001319384491786114,positive,0.0001319384491786114
2021,sma20_ratio_lag_22,0.0005535223685821638,0.020762637877143237,-0.0010477799032872859,negative,0.0010477799032872859
2021,mom24_lag_22,0.001172337269948105,0.04055514953193872,-0.00028848001635797994,negative,0.00028848001635797994
2021,xz_mom24_lag_22,7.959636000151095e-19,0.9428090415236899,-1.5975447640380464e-05,negative,1.5975447640380464e-05
2021,xr_mom24_lag_22,0.0,0.6454972243679028,0.0001511974192813278,positive,0.0001511974192813278
2021,carry_annual_lag_22,0.01459130242066537,0.01911458818967752,0.001902077449074815,positive,0.001902077449074815
2021,xz_carry_lag_22,4.268963960897363e-18,0.9428090415122193,-0.0018465402741236088,negative,0.0018465402741236088
2021,log_return_lag_21,4.446488902750197e-05,0.009078682183011699,-0.0005934967309765462,negative,0.0005934967309765462
2021,volatility_lag_21,0.007877580957253686,0.004551546192628936,0.00027227959734413217,positive,0.00027227959734413217
2021,sma20_ratio_lag_21,0.0005495890370298278,0.020765704267691566,0.004349447230703985,positive,0.004349447230703985
2021,mom24_lag_21,0.0011648488163534412,0.04056038400398995,0.00024895653011166994,positive,0.00024895653011166994
2021,xz_mom24_lag_21,7.927147689946396e-19,0.9428090415237025,-4.218849603423379e-05,negative,4.218849603423379e-05
2021,xr_mom24_lag_21,0.0,0.6454972243679028,-3.598898784827929e-05,negative,3.598898784827929e-05
2021,carry_annual_lag_21,0.01458358076915269,0.019111165472764584,0.001754824550340004,positive,0.001754824550340004
2021,xz_carry_lag_21,4.291705778040652e-18,0.9428090415121786,-0.0018763331337280874,negative,0.0018763331337280874
2021,log_return_lag_20,4.199259015147265e-05,0.009079795274341301,0.0015209003491805412,positive,0.0015209003491805412
2021,volatility_lag_20,0.007878098013479858,0.004551457334788911,-0.00022856573494077975,negative,0.00022856573494077975
2021,sma20_ratio_lag_20,0.0005435622792932933,0.020770614978558824,-0.004107905174579798,negative,0.004107905174579798
2021,mom24_lag_20,0.0011560177091193289,0.04056689199382399,-1.816661973131705e-05,negative,1.816661973131705e-05
2021,xz_mom24_lag_20,7.602264587899412e-19,0.9428090415237186,0.00016275706369902454,positive,0.00016275706369902454
2021,xr_mom24_lag_20,0.0,0.6454972243679028,1.5412923591703833e-05,positive,1.5412923591703833e-05
2021,carry_annual_lag_20,0.014575859117640012,0.019107739022343775,0.0031981529635992313,positive,0.0031981529635992313
2021,xz_carry_lag_20,4.31769642620441e-18,0.9428090415121378,-0.0025159014306535754,negative,0.0025159014306535754
2021,log_return_lag_19,3.86004705894989e-05,0.00908519463595445,-0.00017509158866466242,negative,0.00017509158866466242
2021,volatility_lag_19,0.007878799364844064,0.004551368634061246,0.0003619854553205861,positive,0.0003619854553205861
2021,sma20_ratio_lag_19,0.0005347894517272536,0.020782564425826017,-0.001409134224959922,negative,0.001409134224959922
2021,mom24_lag_19,0.0011460677706051415,0.040577352939770835,-0.00033788040269175455,negative,0.00033788040269175455
2021,xz_mom24_lag_19,7.374846416466524e-19,0.9428090415237322,-0.00018414901837677714,negative,0.00018414901837677714
2021,xr_mom24_lag_19,0.0,0.6454972243679028,-0.00012054814236740043,negative,0.00012054814236740043
2021,carry_annual_lag_19,0.014568137466127333,0.01910430883640849,-0.002169877532802257,negative,0.002169877532802257
2021,xz_carry_lag_19,4.343687074368169e-18,0.942809041512097,0.0019519875746370863,positive,0.0019519875746370863
2021,log_return_lag_18,3.6982986323892405e-05,0.009085168029601395,-0.0007538417846564173,negative,0.0007538417846564173
2021,volatility_lag_18,0.007879485707891286,0.004551278907925464,-0.0003210725370261115,negative,0.0003210725370261115
2021,sma20_ratio_lag_18,0.0005250644541239015,0.02079488043346726,0.004201454815424134,positive,0.004201454815424134
2021,mom24_lag_18,0.0011362244866763391,0.04058727867225975,-0.00032914538297818685,negative,0.00032914538297818685
2021,xz_mom24_lag_18,7.894659379741698e-19,0.9428090415237418,0.0001715304435941544,positive,0.0001715304435941544
2021,xr_mom24_lag_18,0.0,0.6454972243679028,-2.0436433694836363e-05,negative,2.0436433694836363e-05
2021,carry_annual_lag_18,0.014560415814614654,0.019100874912943516,0.0025908153121879333,positive,0.0025908153121879333
2021,xz_carry_lag_18,4.369677722531928e-18,0.9428090415120562,-0.0009902434791594457,negative,0.0009902434791594457
2021,log_return_lag_17,3.578071356417934e-05,0.009085923327142875,0.001136450833834491,positive,0.001136450833834491
2021,volatility_lag_17,0.007880180698115129,0.004551143283096007,1.395736211271102e-05,positive,1.395736211271102e-05
2021,sma20_ratio_lag_17,0.0005148015324748794,0.020808861686743098,0.0003936264866010862,positive,0.0003936264866010862
2021,mom24_lag_17,0.0011223498446861872,0.04060660576362781,-0.0002394628540850957,negative,0.0002394628540850957
2021,xz_mom24_lag_17,9.129215167520236e-19,0.9428090415237507,-0.00029441704765962554,negative,0.00029441704765962554
2021,xr_mom24_lag_17,0.0,0.6454972243679028,0.0002902266971228314,positive,0.0002902266971228314
2021,carry_annual_lag_17,0.014552694163101976,0.019097437249933208,0.0006305881764619342,positive,0.0006305881764619342
2021,xz_carry_lag_17,4.395668370695686e-18,0.9428090415120155,-0.0002758507910884817,negative,0.0002758507910884817
2021,log_return_lag_16,3.244068484821708e-05,0.009087467845312681,0.0014920417193961587,positive,0.0014920417193961587
2021,volatility_lag_16,0.007880891796867916,0.004550994891897746,0.00024541900994233355,positive,0.00024541900994233355
2021,sma20_ratio_lag_16,0.0005020565582486036,0.020827302893215126,-0.0019957581501177653,negative,0.0019957581501177653
2021,mom24_lag_16,0.0011058961955826962,0.04062992003670073,-0.00042104248584784026,negative,0.00042104248584784026
2021,xz_mom24_lag_16,9.649028130795409e-19,0.9428090415237605,0.0003310252698900748,positive,0.0003310252698900748
2021,xr_mom24_lag_16,0.0,0.6454972243679028,-0.0001721296517517489,negative,0.0001721296517517489
2021,carry_annual_lag_16,0.014544972511589295,0.01909399584535755,-0.0021657852494464383,negative,0.0021657852494464383
2021,xz_carry_lag_16,4.421659018859445e-18,0.9428090415119748,0.0004792357237700853,positive,0.0004792357237700853
2021,log_return_lag_15,3.5153602835553815e-05,0.00908875260669474,0.0007134189529735192,positive,0.0007134189529735192
2021,volatility_lag_15,0.007881676762265716,0.004550833097213597,-0.00028968958697846663,negative,0.00028968958697846663
2021,sma20_ratio_lag_15,0.0004925055591986237,0.020837961093551773,-0.003235693338905233,negative,0.003235693338905233
2021,mom24_lag_15,0.001092306025734217,0.04064804748736452,-0.00041031913412855334,negative,0.00041031913412855334
2021,xz_mom24_lag_15,1.081860729816455e-18,0.9428090415237689,-4.838434836260099e-05,negative,4.838434836260099e-05
2021,xr_mom24_lag_15,0.0,0.6454972243679028,-4.0171968662028477e-05,negative,4.0171968662028477e-05
2021,carry_annual_lag_15,0.014537250860076617,0.019090550697194498,-0.0012757812408937567,negative,0.0012757812408937567
2021,xz_carry_lag_15,4.4476496670232036e-18,0.942809041511934,-0.0009579194606984229,negative,0.0009579194606984229
2021,log_return_lag_14,3.7120972706308e-05,0.009090167291915542,-0.000709609345798423,negative,0.000709609345798423
2021,volatility_lag_14,0.00788257407301386,0.00455066171440443,4.414406123115782e-05,positive,4.414406123115782e-05
2021,sma20_ratio_lag_14,0.00048537721581096274,0.020843306281840702,0.001942099996895961,positive,0.001942099996895961
2021,mom24_lag_14,0.0010790906058167436,0.04066517417170379,-1.2169349773071264e-06,negative,1.2169349773071264e-06
2021,xz_mom24_lag_14,1.1614570898179658e-18,0.9428090415237786,-3.331622996187287e-05,negative,3.331622996187287e-05
2021,xr_mom24_lag_14,0.0,0.6454972243679028,0.00011943305107730462,positive,0.00011943305107730462
2021,carry_annual_lag_14,0.014529529208563938,0.019087101803416877,0.000315073782542405,positive,0.000315073782542405
2021,xz_carry_lag_14,4.473640315186962e-18,0.9428090415118933,0.0033960279351947253,positive,0.0033960279351947253
2021,log_return_lag_13,3.979284572126195e-05,0.009090611858363924,0.0002150243799994284,positive,0.0002150243799994284
2021,volatility_lag_13,0.007883506455057693,0.0045504951514373105,-0.00023209248688218207,negative,0.00023209248688218207
2021,sma20_ratio_lag_13,0.00048137298463518414,0.020845593304944027,-0.003937675408171747,negative,0.003937675408171747
2021,mom24_lag_13,0.0010702706345031333,0.04067512589898205,-0.0005532749665397806,negative,0.0005532749665397806
2021,xz_mom24_lag_13,1.1533350122667912e-18,0.9428090415237869,-4.610571711385785e-05,negative,4.610571711385785e-05
2021,xr_mom24_lag_13,0.0,0.6454972243679028,-0.00014860141978909077,negative,0.00014860141978909077
2021,carry_annual_lag_13,0.014521807557051259,0.019083649161992285,-0.0032623955656531267,negative,0.0032623955656531267
2021,xz_carry_lag_13,4.499630963350721e-18,0.9428090415118524,0.0013316949430291294,positive,0.0013316949430291294
2021,log_return_lag_12,4.402314515853224e-05,0.009094650711554048,-0.0014637984353312605,negative,0.0014637984353312605
2021,volatility_lag_12,0.007884582006499139,0.004550406012433585,0.0005607355635204133,positive,0.0005607355635204133
2021,sma20_ratio_lag_12,0.00048183890597635855,0.02084515342416121,-0.0017119950869458084,negative,0.0017119950869458084
2021,mom24_lag_12,0.0010662629046895447,0.040678124917764416,-0.0003185298489339715,negative,0.0003185298489339715
2021,xz_mom24_lag_12,1.17607682941008e-18,0.9428090415237926,0.00015649193345664876,positive,0.00015649193345664876
2021,xr_mom24_lag_12,0.0,0.6454972243679028,-1.860379752887931e-06,negative,1.860379752887931e-06
2021,carry_annual_lag_12,0.014514085905538581,0.01908019277088685,0.0007952921876082621,positive,0.0007952921876082621
2021,xz_carry_lag_12,4.5256216115144795e-18,0.9428090415118117,-0.002359296341777683,negative,0.002359296341777683
2021,log_return_lag_11,4.354261557181042e-05,0.009094673265833882,-0.0022045888314332902,negative,0.0022045888314332902
2021,volatility_lag_11,0.007885675773618666,0.004550297191302878,-0.0002105676023095197,negative,0.0002105676023095197
2021,sma20_ratio_lag_11,0.0004822743605748104,0.020844487494251815,0.0036272325949463827,positive,0.0036272325949463827
2021,mom24_lag_11,0.0010614795884720855,0.04068180597915082,-0.0003260390011503117,negative,0.0003260390011503117
2021,xz_mom24_lag_11,1.1663303363486706e-18,0.9428090415237974,-0.000138097993578227,negative,0.000138097993578227
2021,xr_mom24_lag_11,0.0,0.6454972243679028,1.3080957501968485e-05,positive,1.3080957501968485e-05
2021,carry_annual_lag_11,0.0145063642540259,0.019076732628063395,0.00511896522806943,positive,0.00511896522806943
2021,xz_carry_lag_11,4.551612259678238e-18,0.9428090415117709,-0.0013654569098306936,negative,0.0013654569098306936
2021,log_return_lag_10,4.1846968942545934e-05,0.009096618149884954,-0.0007347206479262448,negative,0.0007347206479262448
2021,volatility_lag_10,0.007886750500885007,0.004550242079619478,-0.00020135773471167297,negative,0.00020135773471167297
2021,sma20_ratio_lag_10,0.0004814496294536135,0.020844464568244268,0.0037638901863411827,positive,0.0037638901863411827
2021,mom24_lag_10,0.0010547694345377358,0.04068850873861788,-0.0001517200323244173,negative,0.0001517200323244173
2021,xz_mom24_lag_10,1.1240955330825628e-18,0.9428090415238009,-0.00010260522548468784,negative,0.00010260522548468784
2021,xr_mom24_lag_10,0.0,0.6454972243679028,-3.839615560051292e-05,negative,3.839615560051292e-05
2021,carry_annual_lag_10,0.014498551502899505,0.019073227206786954,0.0008822717370740251,positive,0.0008822717370740251
2021,xz_carry_lag_10,4.629584204169514e-18,0.9428090415117302,-0.000228683874219221,negative,0.000228683874219221
2021,log_return_lag_9,4.377770072073769e-05,0.009096897199024354,0.0009976444640086436,positive,0.0009976444640086436
2021,volatility_lag_9,0.007887734296361228,0.004550112787438349,-0.00015274106698522953,negative,0.00015274106698522953
2021,sma20_ratio_lag_9,0.0004828118777711468,0.020842977409735872,0.0021164745783497914,positive,0.0021164745783497914
2021,mom24_lag_9,0.0010485195251740149,0.04069437001771249,-3.820712359377381e-05,negative,3.820712359377381e-05
2021,xz_mom24_lag_9,1.1630815053282007e-18,0.9428090415238025,0.00023683879348272623,positive,0.00023683879348272623
2021,xr_mom24_lag_9,0.0,0.6454972243679028,-3.591219962328468e-05,negative,3.591219962328468e-05
2021,carry_annual_lag_9,0.014490738751773109,0.019069717940303463,-0.0031745442325815413,negative,0.0031745442325815413
2021,xz_carry_lag_9,4.681565500497031e-18,0.9428090415116895,0.0027449945445587663,positive,0.0027449945445587663
2021,log_return_lag_8,4.5439987025275094e-05,0.009097200010517833,0.0020818636124994394,positive,0.0020818636124994394
2021,volatility_lag_8,0.007888731637736365,0.004549988164335941,0.0004194478760399696,positive,0.0004194478760399696
2021,sma20_ratio_lag_8,0.0004859175156569786,0.020841495379699863,-0.005723976236368566,negative,0.005723976236368566
2021,mom24_lag_8,0.0010441657683122627,0.04069782752320799,-5.661148035055212e-05,negative,5.661148035055212e-05
2021,xz_mom24_lag_8,1.1159734555313882e-18,0.9428090415238044,9.051718626966736e-05,positive,9.051718626966736e-05
2021,xr_mom24_lag_8,0.0,0.6454972243679028,-6.324180893942844e-05,negative,6.324180893942844e-05
2021,carry_annual_lag_8,0.014482926000646714,0.019066204826485834,0.0015549758860716196,positive,0.0015549758860716196
2021,xz_carry_lag_8,4.759537444988307e-18,0.9428090415116487,-0.0017690049457008052,negative,0.0017690049457008052
2021,log_return_lag_7,4.6230615840503155e-05,0.009096753304953476,-0.00023772621085256705,negative,0.00023772621085256705
2021,volatility_lag_7,0.007889695053817845,0.004549891893966765,-0.0008722226285529386,negative,0.0008722226285529386
2021,sma20_ratio_lag_7,0.0004899162432313101,0.020840915422431168,-0.00043932758001335044,negative,0.00043932758001335044
2021,mom24_lag_7,0.0010380115715030226,0.040703672203465616,-0.00012081242250731958,negative,0.00012081242250731958
2021,xz_mom24_lag_7,1.1606448820628484e-18,0.9428090415238115,-0.0001831700438006968,negative,0.0001831700438006968
2021,xr_mom24_lag_7,0.0,0.6454972243679028,3.847210045340044e-05,positive,3.847210045340044e-05
2021,carry_annual_lag_7,0.014475113249520317,0.01906268786320973,-0.0016795120711861123,negative,0.0016795120711861123
2021,xz_carry_lag_7,4.837509389479583e-18,0.9428090415116078,0.0001745745914912915,positive,0.0001745745914912915
2021,log_return_lag_6,4.788350495271292e-05,0.009097120356325573,-0.0003672244506563934,negative,0.0003672244506563934
2021,volatility_lag_6,0.007890632718020584,0.004549809728291721,0.0006416486013579902,positive,0.0006416486013579902
2021,sma20_ratio_lag_6,0.0004956287589899092,0.020841220956098347,0.006700168763905631,positive,0.006700168763905631
2021,mom24_lag_6,0.0010357097364562004,0.04070497659776767,-0.0002638154945646942,negative,0.0002638154945646942
2021,xz_mom24_lag_6,1.2004430620636038e-18,0.9428090415238143,-0.00022026460272392547,negative,0.00022026460272392547
2021,xr_mom24_lag_6,0.0,0.6454972243679028,0.0001547319780836443,positive,0.0001547319780836443
2021,carry_annual_lag_6,0.01446730049839392,0.019059167048342596,0.0038652086182193787,positive,0.0038652086182193787
2021,xz_carry_lag_6,4.91548133397086e-18,0.9428090415115671,-0.000830050362511645,negative,0.000830050362511645
2021,log_return_lag_5,4.537194510553103e-05,0.009098851433454016,0.00262286373493416,positive,0.00262286373493416
2021,volatility_lag_5,0.007891571981908648,0.004549728383271729,-1.8070886677953448e-06,negative,1.8070886677953448e-06
2021,sma20_ratio_lag_5,0.00049906010409684,0.020840553123541956,-0.005726653163261849,negative,0.005726653163261849
2021,mom24_lag_5,0.0010316703408218373,0.04070648190646867,0.0001564190261961152,positive,0.0001564190261961152
2021,xz_mom24_lag_5,1.2187177365537466e-18,0.9428090415238125,0.0003167540956240378,positive,0.0003167540956240378
2021,xr_mom24_lag_5,0.0,0.6454972243679028,2.6935834340783608e-05,positive,2.6935834340783608e-05
2021,carry_annual_lag_5,0.014459487747267526,0.019055642379751835,-0.0007415748965464543,negative,0.0007415748965464543
2021,xz_carry_lag_5,4.967462630298377e-18,0.9428090415115262,0.0007691702729098507,positive,0.0007691702729098507
2021,log_return_lag_4,4.632863164400761e-05,0.009098857048228437,0.000366122205091455,positive,0.000366122205091455
2021,volatility_lag_4,0.00789251880133824,0.004549630531939322,-0.0001238398887474308,negative,0.0001238398887474308
2021,sma20_ratio_lag_4,0.0005034692800004613,0.020839970872468784,0.0013360754489385792,positive,0.0013360754489385792
2021,mom24_lag_4,0.0010310354001677952,0.04070613738521762,0.0007322586692806089,positive,0.0007322586692806089
2021,xz_mom24_lag_4,1.2654196824730006e-18,0.9428090415238086,-0.00011628350540638677,negative,0.00011628350540638677
2021,xr_mom24_lag_4,0.0,0.6454972243679028,-0.00016142536595483654,negative,0.00016142536595483654
2021,carry_annual_lag_4,0.014451674996141129,0.019052113855296145,-0.0033037967366581025,negative,0.0033037967366581025
2021,xz_carry_lag_4,5.045434574789653e-18,0.9428090415114855,-0.0023856324084363606,negative,0.0023856324084363606
2021,log_return_lag_3,4.684296664446776e-05,0.00909919450516646,0.0012004219212289394,positive,0.0012004219212289394
2021,volatility_lag_3,0.00789346852487045,0.00454955088828071,0.0008476186298919143,positive,0.0008476186298919143
2021,sma20_ratio_lag_3,0.0005083299126660205,0.020840061336304762,-0.0014868550268988291,negative,0.0014868550268988291
2021,mom24_lag_3,0.0010300791706803196,0.040705821394210355,0.0007662321796727525,positive,0.0007662321796727525
2021,xz_mom24_lag_3,1.2485663715543132e-18,0.942809041523802,-0.00012010954051699891,negative,0.00012010954051699891
2021,xr_mom24_lag_3,0.0,0.6454972243679028,3.864913257940136e-05,positive,3.864913257940136e-05
2021,carry_annual_lag_3,0.014443862245014732,0.019048581472833632,0.0025504193656120705,positive,0.0025504193656120705
2021,xz_carry_lag_3,5.123406519280929e-18,0.9428090415114445,-0.0011582637849900314,negative,0.0011582637849900314
2021,log_return_lag_2,4.6677302241236494e-05,0.009099265379920318,0.0008309477857015809,positive,0.0008309477857015809
2021,volatility_lag_2,0.007894403962711745,0.004549464224078224,-0.001228425869230419,negative,0.001228425869230419
2021,sma20_ratio_lag_2,0.0005129726000588831,0.020839809511051792,-0.003045224515753524,negative,0.003045224515753524
2021,mom24_lag_2,0.0010281377825929964,0.04070642570866363,0.0008694231049809932,positive,0.0008694231049809932
2021,xz_mom24_lag_2,1.2004430620636038e-18,0.9428090415237989,0.00022821489616708167,positive,0.00022821489616708167
2021,xr_mom24_lag_2,0.0,0.6454972243679028,-3.5031636291789735e-05,negative,3.5031636291789735e-05
2021,carry_annual_lag_2,0.014436049493888336,0.019045045230216794,-0.0004906898930039718,negative,0.0004906898930039718
2021,xz_carry_lag_2,5.201378463772205e-18,0.9428090415114037,-0.0009710998236500788,negative,0.0009710998236500788
2021,log_return_lag_1,4.638442490250645e-05,0.00909910124494932,-0.0002007384538596046,negative,0.0002007384538596046
2021,volatility_lag_1,0.007895306805430243,0.004549386100123802,0.00014098937453971787,positive,0.00014098937453971787
2021,sma20_ratio_lag_1,0.0005172433863022647,0.020840325687254926,0.003156642078447629,positive,0.003156642078447629
2021,mom24_lag_1,0.0010242701647530078,0.040708043671508834,0.0011576408348945642,positive,0.0011576408348945642
2021,xz_mom24_lag_1,1.1874477379817245e-18,0.9428090415237984,8.354241960517476e-05,positive,8.354241960517476e-05
2021,xr_mom24_lag_1,0.0,0.6454972243679028,0.00018509758032030917,positive,0.00018509758032030917
2021,carry_annual_lag_1,0.01442823674276194,0.019041505125297124,-0.0012776500404895368,negative,0.0012776500404895368
2021,xz_carry_lag_1,5.253359760099722e-18,0.9428090415113628,0.00345377797550356,positive,0.00345377797550356
2021,log_return_lag_0,4.529843257921401e-05,0.009099252218676517,0.0014323016431327736,positive,0.0014323016431327736
2021,volatility_lag_0,0.007896222930295672,0.004549298594951067,0.0005280463831041645,positive,0.0005280463831041645
2021,sma20_ratio_lag_0,0.0005202525478915553,0.020840389872957946,-0.004604972479663862,negative,0.004604972479663862
2021,mom24_lag_0,0.0010229418162386967,0.04070859563447932,0.0018379055580978621,positive,0.0018379055580978621
2021,xz_mom24_lag_0,1.1598326743077309e-18,0.9428090415237976,-0.00018098773429550878,negative,0.00018098773429550878
2021,xr_mom24_lag_0,0.0,0.6454972243679028,-0.00014444112027664689,negative,0.00014444112027664689
2021,carry_annual_lag_0,0.0144201396661284,0.019038103853659453,-0.0005377508768137475,negative,0.0005377508768137475
2021,xz_carry_lag_0,5.329707289080763e-18,0.9428090415113054,0.0008362349940917826,positive,0.0008362349940917826
2022,log_return_lag_31,9.487187117765158e-06,0.008894709979113324,3.7217649143848266e-05,positive,3.7217649143848266e-05
2022,volatility_lag_31,0.007717389755839639,0.004473131671913765,-0.00019307460440687272,negative,0.00019307460440687272
2022,sma20_ratio_lag_31,0.00017816777416389178,0.020370869524994485,0.00021184209423458138,positive,0.00021184209423458138
2022,mom24_lag_31,0.000275277626136133,0.039803197965306014,2.043055794978924e-05,positive,2.043055794978924e-05
2022,xz_mom24_lag_31,9.00562869079466e-19,0.9428090415227091,-0.00025656287261456085,negative,0.00025656287261456085
2022,xr_mom24_lag_31,0.0,0.6454972243679028,0.00022231346211411103,positive,0.00022231346211411103
2022,carry_annual_lag_31,0.01373969645185162,0.01887096638634242,0.0034283221431656093,positive,0.0034283221431656093
2022,xz_carry_lag_31,4.286223275618725e-18,0.9428090415005392,-0.00531328689012878,negative,0.00531328689012878
2022,log_return_lag_30,1.0709152936965072e-05,0.008894120386703216,0.00023687593360530092,positive,0.00023687593360530092
2022,volatility_lag_30,0.007716933620287117,0.004473412523271146,0.00012237213933745123,positive,0.00012237213933745123
2022,sma20_ratio_lag_30,0.00017826941363832118,0.02037062944448165,0.001566917908875447,positive,0.001566917908875447
2022,mom24_lag_30,0.00027177256135141754,0.03980393110118234,4.536618233162422e-05,positive,4.536618233162422e-05
2022,xz_mom24_lag_30,8.838435584298896e-19,0.9428090415227027,0.0001286772790212293,positive,0.0001286772790212293
2022,xr_mom24_lag_30,0.0,0.6454972243679028,-0.00012781460736503508,negative,0.00012781460736503508
2022,carry_annual_lag_30,0.013732161851780172,0.018867554255658666,-0.007880372962394381,negative,0.007880372962394381
2022,xz_carry_lag_30,4.3105422729272e-18,0.9428090415004863,0.006407449704979783,positive,0.006407449704979783
2022,log_return_lag_29,1.2426262330963016e-05,0.008893879979340429,0.0010304177691631727,positive,0.0010304177691631727
2022,volatility_lag_29,0.007716506284359748,0.004473676775918904,-0.00011394022959260838,negative,0.00011394022959260838
2022,sma20_ratio_lag_29,0.00018031335327342866,0.02036930232921994,-0.00845057458558847,negative,0.00845057458558847
2022,mom24_lag_29,0.0002692300956268518,0.03980435904643646,-4.79118715492136e-05,negative,4.79118715492136e-05
2022,xz_mom24_lag_29,8.54774756959603e-19,0.9428090415226985,2.6568398511689123e-05,positive,2.6568398511689123e-05
2022,xr_mom24_lag_29,0.0,0.6454972243679028,0.00012980595923962697,positive,0.00012980595923962697
2022,carry_annual_lag_29,0.013724627251708723,0.0188641384983661,0.006014454004273029,positive,0.006014454004273029
2022,xz_carry_lag_29,4.334861270235675e-18,0.9428090415004334,-0.00022466414703749103,negative,0.00022466414703749103
2022,log_return_lag_28,1.064267663378616e-05,0.00889321680526018,-0.002811674695332,negative,0.002811674695332
2022,volatility_lag_28,0.0077162436901933385,0.004473864648605055,0.00015702077411667838,positive,0.00015702077411667838
2022,sma20_ratio_lag_28,0.0001809690719802353,0.020368989983314333,0.010588530947736374,positive,0.010588530947736374
2022,mom24_lag_28,0.0002661450106007776,0.03980512834053978,-4.3980505451519e-05,negative,4.3980505451519e-05
2022,xz_mom24_lag_28,8.606645141202493e-19,0.9428090415226944,5.026994369559388e-05,positive,5.026994369559388e-05
2022,xr_mom24_lag_28,0.0,0.6454972243679028,-0.00017394587932723505,negative,0.00017394587932723505
2022,carry_annual_lag_28,0.013717092651637274,0.01886071911249575,-0.005370064069908019,negative,0.005370064069908019
2022,xz_carry_lag_28,4.35918026754415e-18,0.9428090415003806,0.00012028535681212422,positive,0.00012028535681212422
2022,log_return_lag_27,1.1294760312968421e-05,0.008893273176121912,0.0014006144971532987,positive,0.0014006144971532987
2022,volatility_lag_27,0.0077160006653888115,0.00447403994581854,-2.492208999884543e-05,negative,2.492208999884543e-05
2022,sma20_ratio_lag_27,0.00018256227540655159,0.020368799311372286,-0.0019261927597385331,negative,0.0019261927597385331
2022,mom24_lag_27,0.000262833970384288,0.03980602866055265,-1.3360452494068413e-05,negative,1.3360452494068413e-05
2022,xz_mom24_lag_27,8.941031354194025e-19,0.9428090415226973,5.3860904146874316e-05,positive,5.3860904146874316e-05
2022,xr_mom24_lag_27,0.0,0.6454972243679028,-7.203609643004812e-05,negative,7.203609643004812e-05
2022,carry_annual_lag_27,0.013709558051565826,0.01885729609607378,0.0034322077954117318,positive,0.0034322077954117318
2022,xz_carry_lag_27,4.383499264852625e-18,0.9428090415003276,0.0007338709819269987,positive,0.0007338709819269987
2022,log_return_lag_26,1.1202030423261551e-05,0.008893287689307692,0.00045081070777164685,positive,0.00045081070777164685
2022,volatility_lag_26,0.007715759678243043,0.004474217136868217,0.0003977749292632376,positive,0.0003977749292632376
2022,sma20_ratio_lag_26,0.00018418267869213433,0.02036837896215682,-0.0044067330661566526,negative,0.0044067330661566526
2022,mom24_lag_26,0.00025763827070048484,0.039807536828785094,2.732021115497049e-05,positive,2.732021115497049e-05
2022,xz_mom24_lag_26,9.151922658978457e-19,0.9428090415227,3.7206177907073536e-05,positive,3.7206177907073536e-05
2022,xr_mom24_lag_26,0.0,0.6454972243679028,-2.163584090160409e-05,negative,2.163584090160409e-05
2022,carry_annual_lag_26,0.013702023451494379,0.01885386944712335,3.027516749703129e-05,positive,3.027516749703129e-05
2022,xz_carry_lag_26,4.4078182621611e-18,0.9428090415002748,0.0031490162955776866,positive,0.0031490162955776866
2022,log_return_lag_25,1.2229637310065213e-05,0.008892827578467996,-0.0016426594936922011,negative,0.0016426594936922011
2022,volatility_lag_25,0.007715502264359051,0.004474402831358762,6.788295307498559e-05,positive,6.788295307498559e-05
2022,sma20_ratio_lag_25,0.0001868331913858341,0.020367303907623816,0.00047323518188948656,positive,0.00047323518188948656
2022,mom24_lag_25,0.00025250883020735856,0.03980865495433434,-0.0003037001326452058,negative,0.0003037001326452058
2022,xz_mom24_lag_25,8.952430884182372e-19,0.9428090415226976,0.00012037064584347603,positive,0.00012037064584347603
2022,xr_mom24_lag_25,0.0,0.6454972243679028,-3.566791944467531e-05,negative,3.566791944467531e-05
2022,carry_annual_lag_25,0.013694488851422928,0.0188504391636614,-0.0014032989340640111,negative,0.0014032989340640111
2022,xz_carry_lag_25,4.432137259469575e-18,0.9428090415002219,-0.0029366063326904056,negative,0.0029366063326904056
2022,log_return_lag_24,1.0641707608174153e-05,0.008892632768382777,-0.001961583759784791,negative,0.001961583759784791
2022,volatility_lag_24,0.00771522014736503,0.004474606235544585,-0.0006138917176008173,negative,0.0006138917176008173
2022,sma20_ratio_lag_24,0.00018791284001739745,0.02036696892082102,0.00832237596340557,positive,0.00832237596340557
2022,mom24_lag_24,0.00024503947075844,0.0398104214140749,0.0006596328495264093,positive,0.0006596328495264093
2022,xz_mom24_lag_24,7.840976710318474e-19,0.9428090415226974,-0.00016701078397522023,negative,0.00016701078397522023
2022,xr_mom24_lag_24,0.0,0.6454972243679028,5.1116107547770524e-05,positive,5.1116107547770524e-05
2022,carry_annual_lag_24,0.013686954251351476,0.018847005243705313,-0.0034376910387298168,negative,0.0034376910387298168
2022,xz_carry_lag_24,4.45645625677805e-18,0.9428090415001691,0.0036737131156142125,positive,0.0036737131156142125
2022,log_return_lag_23,7.97927062865685e-06,0.008893355645947305,0.001386530398464025,positive,0.001386530398464025
2022,volatility_lag_23,0.007714985127054103,0.004474771257559815,-0.00015382056886935306,negative,0.00015382056886935306
2022,sma20_ratio_lag_23,0.00018639484854901804,0.02036756432766463,-0.003602333188374591,negative,0.003602333188374591
2022,mom24_lag_23,0.0002360881982304554,0.039813236765582384,-0.0001334131976027913,negative,0.0001334131976027913
2022,xz_mom24_lag_23,7.675683525487433e-19,0.9428090415227022,-0.00016483853870873436,negative,0.00016483853870873436
2022,xr_mom24_lag_23,0.0,0.6454972243679028,8.923227123557205e-05,positive,8.923227123557205e-05
2022,carry_annual_lag_23,0.013679419651280023,0.018843567685267383,0.0009953903645206945,positive,0.0009953903645206945
2022,xz_carry_lag_23,4.4807752540865254e-18,0.9428090415001161,-0.0028510759739284667,negative,0.0028510759739284667
2022,log_return_lag_22,9.33076477711697e-06,0.008893152967082355,-0.00014062532052876837,negative,0.00014062532052876837
2022,volatility_lag_22,0.007714756464057941,0.004474943718115326,0.0002044778934208545,positive,0.0002044778934208545
2022,sma20_ratio_lag_22,0.00018626624419711116,0.02036756085525044,-0.001184524526850947,negative,0.001184524526850947
2022,mom24_lag_22,0.00023174837199402393,0.039814890186768814,-0.0002989276629517981,negative,0.0002989276629517981
2022,xz_mom24_lag_22,8.146864098339137e-19,0.9428090415227054,-5.8189705201363174e-05,negative,5.8189705201363174e-05
2022,xr_mom24_lag_22,0.0,0.6454972243679028,0.00014177785592892284,positive,0.00014177785592892284
2022,carry_annual_lag_22,0.013671871606846272,0.01884013184964773,0.0014126488742079982,positive,0.0014126488742079982
2022,xz_carry_lag_22,4.50661418872678e-18,0.9428090415000615,-0.0006903796477809044,negative,0.0006903796477809044
2022,log_return_lag_21,9.190277624125617e-06,0.008893150402061059,-0.0007056737651038902,negative,0.0007056737651038902
2022,volatility_lag_21,0.007714537445029046,0.004475111200183786,0.0001884085507914781,positive,0.0001884085507914781
2022,sma20_ratio_lag_21,0.00018598796367948455,0.02036749773568045,0.005010301831183996,positive,0.005010301831183996
2022,mom24_lag_21,0.00022841851861742638,0.039815774513537086,0.0002463831785549386,positive,0.0002463831785549386
2022,xz_mom24_lag_21,8.104115860882833e-19,0.9428090415227053,-2.2954451073898662e-05,negative,2.2954451073898662e-05
2022,xr_mom24_lag_21,0.0,0.6454972243679028,-1.606887064135084e-05,negative,1.606887064135084e-05
2022,carry_annual_lag_21,0.013664323562412518,0.018836692362753295,0.0009933470201398942,positive,0.0009933470201398942
2022,xz_carry_lag_21,4.530933186035255e-18,0.9428090415000069,-0.0007525099778363017,negative,0.0007525099778363017
2022,log_return_lag_20,8.695785604095187e-06,0.008893055969164239,0.001708687937612312,positive,0.001708687937612312
2022,volatility_lag_20,0.007714336673892044,0.0044752697935500855,-0.0001852598610758895,negative,0.0001852598610758895
2022,sma20_ratio_lag_20,0.0001852410446816349,0.020367445921619303,-0.0050182108304478055,negative,0.0050182108304478055
2022,mom24_lag_20,0.0002264443416647144,0.0398163453235541,6.997292959372617e-05,positive,6.997292959372617e-05
2022,xz_mom24_lag_20,8.37485469810609e-19,0.9428090415227095,0.00012079677893687653,positive,0.00012079677893687653
2022,xr_mom24_lag_20,0.0,0.6454972243679028,2.0540467013683466e-05,positive,2.0540467013683466e-05
2022,carry_annual_lag_20,0.013656775517978767,0.018833249222584704,0.004623870123874821,positive,0.004623870123874821
2022,xz_carry_lag_20,4.55525218334373e-18,0.9428090414999521,-0.004294191414939259,negative,0.004294191414939259
2022,log_return_lag_19,1.0105893533090269e-05,0.008892450151447219,-0.0003638118237732579,negative,0.0003638118237732579
2022,volatility_lag_19,0.007714113380775013,0.0044754459932054205,0.0003779476352839608,positive,0.0003779476352839608
2022,sma20_ratio_lag_19,0.00018581234365595158,0.020367001269822025,-0.001352330795132803,negative,0.001352330795132803
2022,mom24_lag_19,0.00022763589521415317,0.03981592640306507,-0.0004353124050377414,negative,0.0004353124050377414
2022,xz_mom24_lag_19,8.359655324788293e-19,0.9428090415227094,-8.852383034335925e-05,negative,8.852383034335925e-05
2022,xr_mom24_lag_19,0.0,0.6454972243679028,-0.00013455532254212188,negative,0.00013455532254212188
2022,carry_annual_lag_19,0.013649227473545016,0.018829802427136243,-0.0036347962371492404,negative,0.0036347962371492404
2022,xz_carry_lag_19,4.579571180652205e-18,0.9428090414998976,0.0029793562653626067,positive,0.0029793562653626067
2022,log_return_lag_18,9.861828165501279e-06,0.00889221350127122,-0.0009473982424760899,negative,0.0009473982424760899
2022,volatility_lag_18,0.007713869264093118,0.004475632372440817,-0.0004211783611923771,negative,0.0004211783611923771
2022,sma20_ratio_lag_18,0.00018601332149747058,0.020366393887718735,0.005101416316814084,positive,0.005101416316814084
2022,mom24_lag_18,0.00022717260279544663,0.03981587289928692,-0.0002962574066206565,negative,0.0002962574066206565
2022,xz_mom24_lag_18,8.086066605067949e-19,0.9428090415227041,0.00014006200509614024,positive,0.00014006200509614024
2022,xr_mom24_lag_18,0.0,0.6454972243679028,-1.6736422350991688e-05,negative,1.6736422350991688e-05
2022,carry_annual_lag_18,0.01364167942911126,0.018826351974401676,0.0035638876942771128,positive,0.0035638876942771128
2022,xz_carry_lag_18,4.60389017796068e-18,0.942809041499843,-0.001278391568305906,negative,0.001278391568305906
2022,log_return_lag_17,1.0551936557343701e-05,0.00889224948039387,0.0013520066381760786,positive,0.0013520066381760786
2022,volatility_lag_17,0.007713666602334839,0.004475789517345192,5.969612037183623e-05,positive,5.969612037183623e-05
2022,sma20_ratio_lag_17,0.0001867259147709079,0.020365579137304312,-0.00011008190671098488,negative,0.00011008190671098488
2022,mom24_lag_17,0.00022869161570017349,0.03981475851030518,-0.00022060525914719352,negative,0.00022060525914719352
2022,xz_mom24_lag_17,8.3292565781527e-19,0.9428090415226927,-0.00021579341775229753,negative,0.00021579341775229753
2022,xr_mom24_lag_17,0.0,0.6454972243679028,0.0002521217605840919,positive,0.0002521217605840919
2022,carry_annual_lag_17,0.01363413138467751,0.018822897862369625,0.0003663995210844574,positive,0.0003663995210844574
2022,xz_carry_lag_17,4.628209175269155e-18,0.9428090414997883,0.00026298117543568174,positive,0.00026298117543568174
2022,log_return_lag_16,1.0057095836758934e-05,0.008892107042975888,0.0014992446160612734,positive,0.0014992446160612734
2022,volatility_lag_16,0.007713457227418108,0.004475952173082516,0.00029191351909653993,positive,0.00029191351909653993
2022,sma20_ratio_lag_16,0.00018685518619170104,0.020365110332294954,-0.002158175396777173,negative,0.002158175396777173
2022,mom24_lag_16,0.00022953614888432373,0.039813991183166426,-0.0005003974374493021,negative,0.0005003974374493021
2022,xz_mom24_lag_16,8.633244044508638e-19,0.9428090415226792,0.0002811002183149136,positive,0.0002811002183149136
2022,xr_mom24_lag_16,0.0,0.6454972243679028,-0.00018786416797096747,negative,0.00018786416797096747
2022,carry_annual_lag_16,0.013626583340243756,0.01881944008902331,-0.002551080790934258,negative,0.002551080790934258
2022,xz_carry_lag_16,4.65252817257763e-18,0.9428090414997338,0.00030119653803715237,positive,0.00030119653803715237
2022,log_return_lag_15,1.0040315605524478e-05,0.008891853989744734,0.0006352162876166012,positive,0.0006352162876166012
2022,volatility_lag_15,0.007713234852904261,0.004476123099733035,-0.00022782344680301856,negative,0.00022782344680301856
2022,sma20_ratio_lag_15,0.00018689911045971855,0.020364214547988264,-0.0032808421842141387,negative,0.0032808421842141387
2022,mom24_lag_15,0.00023114685152201512,0.03981291272681043,-0.00034165154671433233,negative,0.00034165154671433233
2022,xz_mom24_lag_15,8.876434017593389e-19,0.9428090415226702,-7.749335792706698e-05,negative,7.749335792706698e-05
2022,xr_mom24_lag_15,0.0,0.6454972243679028,-1.5139203749349808e-08,negative,1.5139203749349808e-08
2022,carry_annual_lag_15,0.013619035295810003,0.018815978652347624,-0.0006379446484843139,negative,0.0006379446484843139
2022,xz_carry_lag_15,4.676847169886105e-18,0.9428090414996791,-0.0020032510261553792,negative,0.0020032510261553792
2022,log_return_lag_14,9.570009337173455e-06,0.008891803553799982,-0.0007942943900484938,negative,0.0007942943900484938
2022,volatility_lag_14,0.007713025289197854,0.00447629226539915,-4.024990911473083e-05,negative,4.024990911473083e-05
2022,sma20_ratio_lag_14,0.00018640672202430798,0.02036361099554279,0.0027511152048426534,positive,0.0027511152048426534
2022,mom24_lag_14,0.0002333005867179146,0.03981180239279128,1.5443611353135617e-05,positive,1.5443611353135617e-05
2022,xz_mom24_lag_14,9.3020164704917e-19,0.9428090415226626,-8.086490193142185e-06,negative,8.086490193142185e-06
2022,xr_mom24_lag_14,0.0,0.6454972243679028,8.36863592916107e-05,positive,8.36863592916107e-05
2022,carry_annual_lag_14,0.013611487251376252,0.01881251355031699,0.00041571788153665483,positive,0.00041571788153665483
2022,xz_carry_lag_14,4.7011661671945804e-18,0.9428090414996245,0.004150098151266503,positive,0.004150098151266503
2022,log_return_lag_13,1.062089653620802e-05,0.008891557000357302,0.0004909281333524392,positive,0.0004909281333524392
2022,volatility_lag_13,0.007712795667306202,0.004476478817040321,-0.00023397783268741155,negative,0.00023397783268741155
2022,sma20_ratio_lag_13,0.0001868694325236658,0.02036282031746211,-0.004630970452896172,negative,0.004630970452896172
2022,mom24_lag_13,0.0002368497520906624,0.039810216357802505,-0.0006110747121778914,negative,0.0006110747121778914
2022,xz_mom24_lag_13,9.757997670025608e-19,0.9428090415226524,-4.933581994193614e-05,negative,4.933581994193614e-05
2022,xr_mom24_lag_13,0.0,0.6454972243679028,-0.00011878002022582641,negative,0.00011878002022582641
2022,carry_annual_lag_13,0.013603939206942499,0.018809044780907037,-0.004131379222831249,negative,0.004131379222831249
2022,xz_carry_lag_13,4.7254851645030555e-18,0.9428090414995698,0.0014363633046283902,positive,0.0014363633046283902
2022,log_return_lag_12,1.164243747975282e-05,0.008891501720704287,-0.0014871114881161293,negative,0.0014871114881161293
2022,volatility_lag_12,0.007712565401564298,0.004476666903933711,0.0005576788123001209,positive,0.0005576788123001209
2022,sma20_ratio_lag_12,0.00018819053361166196,0.020362142471775358,-0.0017566661211104039,negative,0.0017566661211104039
2022,mom24_lag_12,0.00024034601604046147,0.039809077731314604,-0.0003393301164161739,negative,0.0003393301164161739
2022,xz_mom24_lag_12,9.94039014983917e-19,0.9428090415226413,0.000135708513125366,positive,0.000135708513125366
2022,xr_mom24_lag_12,0.0,0.6454972243679028,-5.315244210934121e-06,negative,5.315244210934121e-06
2022,carry_annual_lag_12,0.013596391162508745,0.018805572342089332,0.00016728929909225285,positive,0.00016728929909225285
2022,xz_carry_lag_12,4.7498041618115305e-18,0.9428090414995153,-0.0016953922395067586,negative,0.0016953922395067586
2022,log_return_lag_11,1.0834698051116855e-05,0.008891579737386295,-0.002255810167954819,negative,0.002255810167954819
2022,volatility_lag_11,0.007712360279322735,0.004476839773076176,-0.00018483723254753993,negative,0.00018483723254753993
2022,sma20_ratio_lag_11,0.00018863405595899037,0.020361325681871538,0.0036828050475228944,positive,0.0036828050475228944
2022,mom24_lag_11,0.0002423476638695369,0.039807992710253905,-0.00029538603757949216,negative,0.00029538603757949216
2022,xz_mom24_lag_11,9.94039014983917e-19,0.9428090415226247,-0.0001568155424330383,negative,0.0001568155424330383
2022,xr_mom24_lag_11,0.0,0.6454972243679028,9.259454744520645e-06,positive,9.259454744520645e-06
2022,carry_annual_lag_11,0.013588843118074992,0.01880209623182917,0.007250301670722787,positive,0.007250301670722787
2022,xz_carry_lag_11,4.7741231591200056e-18,0.9428090414994607,-0.003110440175577537,negative,0.003110440175577537
2022,log_return_lag_10,1.2236433077244193e-05,0.008891222085918606,-0.0007496758746669318,negative,0.0007496758746669318
2022,volatility_lag_10,0.007712101542361122,0.0044770523516775036,-0.00027932695722660244,negative,0.00027932695722660244
2022,sma20_ratio_lag_10,0.00019039602894622653,0.02036013125208511,0.004286054703411533,positive,0.004286054703411533
2022,mom24_lag_10,0.00024645095010414147,0.03980575813445305,-0.00016173068964434544,negative,0.00016173068964434544
2022,xz_mom24_lag_10,9.970788896474764e-19,0.942809041522604,-8.782070028130881e-05,negative,8.782070028130881e-05
2022,xr_mom24_lag_10,0.0,0.6454972243679028,-7.95279047064541e-06,negative,7.95279047064541e-06
2022,carry_annual_lag_10,0.013581209833317611,0.018798572866885306,0.0006704774662646758,positive,0.0006704774662646758
2022,xz_carry_lag_10,4.847080151045431e-18,0.942809041499406,0.00017955124561048986,positive,0.00017955124561048986
2022,log_return_lag_9,1.3559846296167277e-05,0.008891440344210213,0.0012108880436008877,positive,0.0012108880436008877
2022,volatility_lag_9,0.007711894901913616,0.00447722764775945,-9.312503361191334e-05,negative,9.312503361191334e-05
2022,sma20_ratio_lag_9,0.00019341802865512517,0.020358590603441393,0.0021115373001327027,positive,0.0021115373001327027
2022,mom24_lag_9,0.00025123522216035743,0.039803131278711865,-9.597346523613787e-05,negative,9.597346523613787e-05
2022,xz_mom24_lag_9,9.864393283250187e-19,0.9428090415225732,0.00022945474472237424,positive,0.00022945474472237424
2022,xr_mom24_lag_9,0.0,0.6454972243679028,-3.2194827424398024e-05,negative,3.2194827424398024e-05
2022,carry_annual_lag_9,0.01357357654856023,0.018795045741316328,-0.005039094758746626,negative,0.005039094758746626
2022,xz_carry_lag_9,4.89571814566238e-18,0.9428090414993514,0.004252040693332932,positive,0.004252040693332932
2022,log_return_lag_8,1.6471512002049226e-05,0.00889298094767008,0.002303907640117185,positive,0.002303907640117185
2022,volatility_lag_8,0.007711807011076683,0.004477299358466742,0.0003812839242349651,positive,0.0003812839242349651
2022,sma20_ratio_lag_8,0.00019908700082081022,0.020358395973450488,-0.00645798673948405,negative,0.00645798673948405
2022,mom24_lag_8,0.00025938241578587535,0.039801765672562654,-2.5996275004452722e-05,negative,2.5996275004452722e-05
2022,xz_mom24_lag_8,1.009238388301714e-18,0.9428090415225653,0.00010218743117746515,positive,0.00010218743117746515
2022,xr_mom24_lag_8,0.0,0.6454972243679028,-6.483788845702276e-05,negative,6.483788845702276e-05
2022,carry_annual_lag_8,0.013565943263802852,0.018791514853004388,0.0029086542508098747,positive,0.0029086542508098747
2022,xz_carry_lag_8,4.968675137587805e-18,0.9428090414992968,-0.0030998149338905337,negative,0.0030998149338905337
2022,log_return_lag_7,1.8605240415219314e-05,0.008893446085135984,-0.00033307749595324395,negative,0.00033307749595324395
2022,volatility_lag_7,0.007711752255560211,0.004477347876730587,-0.0008016461881114847,negative,0.0008016461881114847
2022,sma20_ratio_lag_7,0.00020657108387630451,0.020360674309118035,-0.0007624784244930753,negative,0.0007624784244930753
2022,mom24_lag_7,0.000268500469083329,0.03980187936458679,-0.00010873719188278891,negative,0.00010873719188278891
2022,xz_mom24_lag_7,1.0198779496241717e-18,0.9428090415225638,-0.0001954911166257969,negative,0.0001954911166257969
2022,xr_mom24_lag_7,0.0,0.6454972243679028,3.515239903667198e-05,positive,3.515239903667198e-05
2022,carry_annual_lag_7,0.013558309979045469,0.01878798019982714,-0.003201779234000758,negative,0.003201779234000758
2022,xz_carry_lag_7,5.0416321295132305e-18,0.9428090414992422,0.001388579041151922,positive,0.001388579041151922
2022,log_return_lag_6,1.692555797001992e-05,0.008893915549485666,-0.0006068589763821887,negative,0.0006068589763821887
2022,volatility_lag_6,0.007711720503314697,0.004477383639441003,0.0006384796731507484,positive,0.0006384796731507484
2022,sma20_ratio_lag_6,0.00021205354342593608,0.02036125549613714,0.007902726583987277,positive,0.007902726583987277
2022,mom24_lag_6,0.00027471687411638327,0.03980156638307105,-0.0002972772487512861,negative,0.0002972772487512861
2022,xz_mom24_lag_6,1.0548365082551047e-18,0.9428090415225604,-0.00019942778558026313,negative,0.00019942778558026313
2022,xr_mom24_lag_6,0.0,0.6454972243679028,0.0001704098572393091,positive,0.0001704098572393091
2022,carry_annual_lag_6,0.013550676694288088,0.01878444177965993,0.004923453902730161,positive,0.004923453902730161
2022,xz_carry_lag_6,5.114589121438656e-18,0.9428090414991874,-0.001076560889273583,negative,0.001076560889273583
2022,log_return_lag_5,1.5814954540477257e-05,0.008894201431327384,0.0029060750347045974,positive,0.0029060750347045974
2022,volatility_lag_5,0.007711686030789295,0.004477420722941129,-4.395799285289675e-06,negative,4.395799285289675e-06
2022,sma20_ratio_lag_5,0.00021622621822880943,0.02036087454862166,-0.006729214927356917,negative,0.006729214927356917
2022,mom24_lag_5,0.00027810556632589775,0.039799886484457696,0.00012187734799788856,positive,0.00012187734799788856
2022,xz_mom24_lag_5,1.0658560539105073e-18,0.942809041522537,0.0002561411472316517,positive,0.0002561411472316517
2022,xr_mom24_lag_5,0.0,0.6454972243679028,2.3049984591128384e-05,positive,2.3049984591128384e-05
2022,carry_annual_lag_5,0.013543043409530707,0.01878089959037434,-0.0005887083425653657,negative,0.0005887083425653657
2022,xz_carry_lag_5,5.163227116055606e-18,0.9428090414991328,0.000507978030887417,positive,0.000507978030887417
2022,log_return_lag_4,1.5116507666729119e-05,0.00889428301762847,0.00021089504749224495,positive,0.00021089504749224495
2022,volatility_lag_4,0.007711677405455568,0.004477442154665087,-0.00012451813084872536,negative,0.00012451813084872536
2022,sma20_ratio_lag_4,0.0002194703179842697,0.020360195337744226,0.0020284782021108964,positive,0.0020284782021108964
2022,mom24_lag_4,0.0002825793973588392,0.039797654820079596,0.0007973157626915659,positive,0.0007973157626915659
2022,xz_mom24_lag_4,1.0358372916078585e-18,0.9428090415225192,-4.175692445322908e-05,negative,4.175692445322908e-05
2022,xr_mom24_lag_4,0.0,0.6454972243679028,-0.0001716418990759196,negative,0.0001716418990759196
2022,carry_annual_lag_4,0.013535410124773327,0.018777353629836544,-0.0047628357701060215,negative,0.0047628357701060215
2022,xz_carry_lag_4,5.236184107981031e-18,0.9428090414990781,-0.0014231569376640472,negative,0.0014231569376640472
2022,log_return_lag_3,1.4932565792844225e-05,0.008894183366994128,0.0013619358850734376,positive,0.0013619358850734376
2022,volatility_lag_3,0.0077116613656955085,0.00447747038471005,0.0007821570497843293,positive,0.0007821570497843293
2022,sma20_ratio_lag_3,0.00022218595295258798,0.020359680301068484,-0.0018552879730251936,negative,0.0018552879730251936
2022,mom24_lag_3,0.0002862172028387166,0.03979568810217978,0.0007887426794563846,positive,0.0007887426794563846
2022,xz_mom24_lag_3,1.0031586389745952e-18,0.942809041522496,-9.738621269381326e-05,negative,9.738621269381326e-05
2022,xr_mom24_lag_3,0.0,0.6454972243679028,3.355639033840761e-05,positive,3.355639033840761e-05
2022,carry_annual_lag_3,0.013527776840015946,0.018773803895908756,0.003180942983352375,positive,0.003180942983352375
2022,xz_carry_lag_3,5.309141099906456e-18,0.9428090414990233,-0.0006871068300615644,negative,0.0006871068300615644
2022,log_return_lag_2,1.5478511337164373e-05,0.008894099318370291,0.0008441328334595206,positive,0.0008441328334595206
2022,volatility_lag_2,0.007711628685179221,0.00447751485483792,-0.0011742814923353753,negative,0.0011742814923353753
2022,sma20_ratio_lag_2,0.00022513829509033332,0.020359062224327124,-0.003645800453924354,negative,0.003645800453924354
2022,mom24_lag_2,0.00029049368375261937,0.03979377073198851,0.0008766992663384041,positive,0.0008766992663384041
2022,xz_mom24_lag_2,9.423611457034076e-19,0.9428090415224741,0.00014903244383274855,positive,0.00014903244383274855
2022,xr_mom24_lag_2,0.0,0.6454972243679028,-6.703447799348051e-06,negative,6.703447799348051e-06
2022,carry_annual_lag_2,0.013520143555258563,0.01877025038645245,0.0008647046709008331,positive,0.0008647046709008331
2022,xz_carry_lag_2,5.3820980918318814e-18,0.9428090414989687,-0.003550554601291282,negative,0.003550554601291282
2022,log_return_lag_1,1.584086119805036e-05,0.008894093823659169,-0.0004478783321445279,negative,0.0004478783321445279
2022,volatility_lag_1,0.007711589925598536,0.004477561815565609,0.00013634408688315567,positive,0.00013634408688315567
2022,sma20_ratio_lag_1,0.00022813143250313402,0.020359007972347774,0.004102633048325243,positive,0.004102633048325243
2022,mom24_lag_1,0.0002941049076406045,0.039793047312151976,0.0011437069643954983,positive,0.0011437069643954983
2022,xz_mom24_lag_1,9.666801430118826e-19,0.9428090415224618,0.0001233040621813734,positive,0.0001233040621813734
2022,xr_mom24_lag_1,0.0,0.6454972243679028,0.00017388876661466563,positive,0.00017388876661466563
2022,carry_annual_lag_1,0.013512510270501182,0.01876669309932135,-0.0023371132933748097,negative,0.0023371132933748097
2022,xz_carry_lag_1,5.4307360864488315e-18,0.942809041498914,0.0050633246220292425,positive,0.0050633246220292425
2022,log_return_lag_0,1.6900560964382595e-05,0.008894274359176535,0.0015889825396861882,positive,0.0015889825396861882
2022,volatility_lag_0,0.007711541410403198,0.004477609481326502,0.000512868649758128,positive,0.000512868649758128
2022,sma20_ratio_lag_0,0.00023178007473131497,0.020359312300730098,-0.005016555911411411,negative,0.005016555911411411
2022,mom24_lag_0,0.00030036376099681325,0.039792391208915964,0.0019372566886171206,positive,0.0019372566886171206
2022,xz_mom24_lag_0,1.0096183726346588e-18,0.9428090415224557,-0.00018965250050193743,negative,0.00018965250050193743
2022,xr_mom24_lag_0,0.0,0.6454972243679028,-0.00016788287312009484,negative,0.00016788287312009484
2022,carry_annual_lag_0,0.013504855938278536,0.01876314526856077,-0.0002252432715250019,negative,0.0002252432715250019
2022,xz_carry_lag_0,5.512812702364935e-18,0.9428090414988584,0.0003847405066235831,positive,0.0003847405066235831
2023,log_return_lag_31,-5.071873008523095e-06,0.008750467032604115,2.7597134955762637e-05,positive,2.7597134955762637e-05
2023,volatility_lag_31,0.0075757185163265114,0.004395502943056827,-0.00010043601240204816,negative,0.00010043601240204816
2023,sma20_ratio_lag_31,2.579620075817613e-05,0.020180311764530903,7.940563863390321e-05,positive,7.940563863390321e-05
2023,mom24_lag_31,-0.00020036758350438466,0.03946145772223677,4.186426720934945e-05,positive,4.186426720934945e-05
2023,xz_mom24_lag_31,2.695513311954906e-19,0.9428090415217929,-0.00023364662838133303,negative,0.00023364662838133303
2023,xr_mom24_lag_31,0.0,0.6454972243679028,0.00020361797995427898,positive,0.00020361797995427898
2023,carry_annual_lag_31,0.01297902610343615,0.018574666054718504,7.069007191300901e-05,positive,7.069007191300901e-05
2023,xz_carry_lag_31,3.8644021309403845e-18,0.9428090414929311,-0.0010737979483733356,negative,0.0010737979483733356
2023,log_return_lag_30,6.082200354867714e-07,0.00875593798177935,0.00010198288908910143,positive,0.00010198288908910143
2023,volatility_lag_30,0.007576512794586795,0.004395568818322274,2.2551416553047157e-05,positive,2.2551416553047157e-05
2023,sma20_ratio_lag_30,3.3648536330621855e-05,0.02018397282476587,3.9795729418626697e-05,positive,3.9795729418626697e-05
2023,mom24_lag_30,-0.0001904496315465978,0.03946795569567829,2.4449283450018556e-05,positive,2.4449283450018556e-05
2023,xz_mom24_lag_30,3.1810627297375116e-19,0.9428090415218002,0.00010028433231496631,positive,0.00010028433231496631
2023,xr_mom24_lag_30,0.0,0.6454972243679028,-0.00012388925310176718,negative,0.00012388925310176718
2023,carry_annual_lag_30,0.012972867450268296,0.018570848230081805,-0.001191417602723857,negative,0.001191417602723857
2023,xz_carry_lag_30,3.8986762074897445e-18,0.9428090414929128,0.0006780328168812682,positive,0.0006780328168812682
2023,log_return_lag_29,-9.483127023377916e-07,0.008757159059222381,0.00013705411978152696,positive,0.00013705411978152696
2023,volatility_lag_29,0.0075773543342558215,0.004395656413052566,-0.00024406406381571739,negative,0.00024406406381571739
2023,sma20_ratio_lag_29,3.9412010615826795e-05,0.02018359549257131,-0.0019423089323204878,negative,0.0019423089323204878
2023,mom24_lag_29,-0.00018203192929424337,0.039471830755463184,-3.77756906299599e-05,negative,3.77756906299599e-05
2023,xz_mom24_lag_29,3.0739562405207603e-19,0.9428090415218054,1.5180231715997986e-05,positive,1.5180231715997986e-05
2023,xr_mom24_lag_29,0.0,0.6454972243679028,0.00013444398855004617,positive,0.00013444398855004617
2023,carry_annual_lag_29,0.01296670879710044,0.018567027577594524,0.000799725985506436,positive,0.000799725985506436
2023,xz_carry_lag_29,3.932950284039105e-18,0.9428090414928947,0.001053957609901901,positive,0.001053957609901901
2023,log_return_lag_28,-2.456191154928528e-06,0.008756520484180606,-0.0008107265218538914,negative,0.0008107265218538914
2023,volatility_lag_28,0.007578366399789698,0.0043956591884837725,0.0004959088196204889,positive,0.0004959088196204889
2023,sma20_ratio_lag_28,4.336475952336091e-05,0.02018385297817179,0.003081353186047077,positive,0.003081353186047077
2023,mom24_lag_28,-0.0001735722298333766,0.039475811011646524,-5.80600496330069e-05,negative,5.80600496330069e-05
2023,xz_mom24_lag_28,2.695513311954906e-19,0.9428090415218126,5.086864229761564e-05,positive,5.086864229761564e-05
2023,xr_mom24_lag_28,0.0,0.6454972243679028,-0.00016412476820294242,negative,0.00016412476820294242
2023,carry_annual_lag_28,0.012960550143932584,0.0185632040955097,-0.0016208007211539488,negative,0.0016208007211539488
2023,xz_carry_lag_28,3.967224360588465e-18,0.9428090414928766,0.000353965436341045,positive,0.000353965436341045
2023,log_return_lag_27,-3.903986511398955e-06,0.008757165883508892,0.0002949030810498483,positive,0.0002949030810498483
2023,volatility_lag_27,0.00757942212386772,0.004395659810996978,-0.00026399451559748136,negative,0.00026399451559748136
2023,sma20_ratio_lag_27,4.575588985555592e-05,0.020183627321057582,-0.0002659823879171504,negative,0.0002659823879171504
2023,mom24_lag_27,-0.0001633316433145269,0.039482438453457086,3.862267330016133e-05,positive,3.862267330016133e-05
2023,xz_mom24_lag_27,2.7620085906769723e-19,0.9428090415218219,1.511176973259691e-05,positive,1.511176973259691e-05
2023,xr_mom24_lag_27,0.0,0.6454972243679028,-1.8044575569115896e-05,negative,1.8044575569115896e-05
2023,carry_annual_lag_27,0.01295439149076473,0.018559377782080003,0.000957792352863083,positive,0.000957792352863083
2023,xz_carry_lag_27,4.001498437137826e-18,0.9428090414928585,0.0013967665935672956,positive,0.0013967665935672956
2023,log_return_lag_26,-2.1739696856138116e-06,0.008757738166342309,5.951172210424223e-05,positive,5.951172210424223e-05
2023,volatility_lag_26,0.0075804938858945485,0.004395648518139203,0.0003259562281194074,positive,0.0003259562281194074
2023,sma20_ratio_lag_26,4.9734181692823664e-05,0.02018380191808038,-0.0017248646773096248,negative,0.0017248646773096248
2023,mom24_lag_26,-0.00015336729667368815,0.039489243325989916,-9.808654524855609e-05,negative,9.808654524855609e-05
2023,xz_mom24_lag_26,2.7865538277891447e-19,0.9428090415218319,0.00011384705033324687,positive,0.00011384705033324687
2023,xr_mom24_lag_26,0.0,0.6454972243679028,-4.977169863985107e-05,negative,4.977169863985107e-05
2023,carry_annual_lag_26,0.012948232837596874,0.018555548635551262,0.0005657359039775774,positive,0.0005657359039775774
2023,xz_carry_lag_26,4.035772513687187e-18,0.9428090414928403,0.0009895549573007735,positive,0.0009895549573007735
2023,log_return_lag_25,-1.4027602541337587e-06,0.008757480085391818,-0.0008619144393185962,negative,0.0008619144393185962
2023,volatility_lag_25,0.007581536750076535,0.004395644949131662,8.077092132602227e-05,positive,8.077092132602227e-05
2023,sma20_ratio_lag_25,5.422270283137655e-05,0.020183044777360052,0.0006110107426304054,positive,0.0006110107426304054
2023,mom24_lag_25,-0.00014468138084236436,0.03949436608044585,-4.792004302450254e-05,negative,4.792004302450254e-05
2023,xz_mom24_lag_25,3.3417224635626384e-19,0.9428090415218376,5.106051041522415e-05,positive,5.106051041522415e-05
2023,xr_mom24_lag_25,0.0,0.6454972243679028,-7.925630728020959e-06,negative,7.925630728020959e-06
2023,carry_annual_lag_25,0.012942074184429017,0.01855171665417091,-0.001026066807615713,negative,0.001026066807615713
2023,xz_carry_lag_25,4.070046590236547e-18,0.9428090414928223,-0.0009250592071820862,negative,0.0009250592071820862
2023,log_return_lag_24,-2.9932484035680804e-06,0.00875709731624593,-0.000895758467748686,negative,0.000895758467748686
2023,volatility_lag_24,0.0075825515921330135,0.004395654049902414,-0.00046648922060870204,negative,0.00046648922060870204
2023,sma20_ratio_lag_24,5.675642338296507e-05,0.020182848670120955,0.003213518227485113,positive,0.003213518227485113
2023,mom24_lag_24,-0.00013883354817908157,0.039497893006012835,0.0002738630389235045,positive,0.0002738630389235045
2023,xz_mom24_lag_24,2.884734776237833e-19,0.9428090415218474,-0.00016403381956088645,negative,0.00016403381956088645
2023,xr_mom24_lag_24,0.0,0.6454972243679028,3.063097689359687e-05,positive,3.063097689359687e-05
2023,carry_annual_lag_24,0.01293591553126116,0.018547881836183028,-0.0012436037160402059,negative,0.0012436037160402059
2023,xz_carry_lag_24,4.1043206667859074e-18,0.9428090414928041,-0.00021298742447492544,negative,0.00021298742447492544
2023,log_return_lag_23,-4.925442903176199e-06,0.00875741815503518,0.00028282871211891933,positive,0.00028282871211891933
2023,volatility_lag_23,0.007583574237932428,0.004395670357384484,1.0264399614564467e-05,positive,1.0264399614564467e-05
2023,sma20_ratio_lag_23,5.709674158104355e-05,0.020182923871329157,-0.0006784593218112033,negative,0.0006784593218112033
2023,mom24_lag_23,-0.00013775497005367679,0.03949826395774322,-3.69423280570984e-05,negative,3.69423280570984e-05
2023,xz_mom24_lag_23,2.3991853584552276e-19,0.942809041521851,-8.851505698409996e-05,negative,8.851505698409996e-05
2023,xr_mom24_lag_23,0.0,0.6454972243679028,6.555305613870653e-05,positive,6.555305613870653e-05
2023,carry_annual_lag_23,0.0129297568780933,0.018544044179824994,-1.558724061949264e-05,negative,1.558724061949264e-05
2023,xz_carry_lag_23,4.138594743335267e-18,0.942809041492786,-0.0005721586115553291,negative,0.0005721586115553291
2023,log_return_lag_22,-5.70681207068607e-06,0.008757917183809954,2.4266475831105947e-05,positive,2.4266475831105947e-05
2023,volatility_lag_22,0.007584638275159694,0.004395698119912914,-0.00013964748883388075,negative,0.00013964748883388075
2023,sma20_ratio_lag_22,5.6484253732409286e-05,0.02018329185091422,-0.00016378506074152482,negative,0.00016378506074152482
2023,mom24_lag_22,-0.00013826656260420016,0.039498276129441214,-0.0001301868163936375,negative,0.0001301868163936375
2023,xz_mom24_lag_22,2.62767920211763e-19,0.9428090415218482,-5.828610592416688e-05,negative,5.828610592416688e-05
2023,xr_mom24_lag_22,0.0,0.6454972243679028,0.00012085547899150882,positive,0.00012085547899150882
2023,carry_annual_lag_22,0.012923957762459293,0.018540112028327022,0.0008489000667632859,positive,0.0008489000667632859
2023,xz_carry_lag_22,4.152875608564168e-18,0.9428090414927701,-0.000542646299911481,negative,0.000542646299911481
2023,log_return_lag_21,-7.379709892909728e-06,0.008758477591106319,-5.247322870648289e-05,negative,5.247322870648289e-05
2023,volatility_lag_21,0.007585727657491319,0.004395729265006512,0.00030670417683705773,positive,0.00030670417683705773
2023,sma20_ratio_lag_21,5.4053960461693406e-05,0.02018465555101646,0.0016080517764909467,positive,0.0016080517764909467
2023,mom24_lag_21,-0.00013938025032090697,0.03949823742437006,9.896142470734388e-05,positive,9.896142470734388e-05
2023,xz_mom24_lag_21,3.041824293755735e-19,0.9428090415218374,-6.754963230802857e-05,negative,6.754963230802857e-05
2023,xr_mom24_lag_21,0.0,0.6454972243679028,-1.3091215117469633e-05,negative,1.3091215117469633e-05
2023,carry_annual_lag_21,0.012918158646825287,0.018536177228410257,0.0010293690465485346,positive,0.0010293690465485346
2023,xz_carry_lag_21,4.175724992930408e-18,0.9428090414927542,-0.0007302174241074331,negative,0.0007302174241074331
2023,log_return_lag_20,-9.177583159443299e-06,0.008758852987510949,0.0007676846724797325,positive,0.0007676846724797325
2023,volatility_lag_20,0.00758685098348463,0.004395755701356086,-0.0001446800221586789,negative,0.0001446800221586789
2023,sma20_ratio_lag_20,4.971612934773724e-05,0.020187150936583863,-0.0017213728280236773,negative,0.0017213728280236773
2023,mom24_lag_20,-0.0001379913159342157,0.039498065954875906,-9.392319383830478e-05,negative,9.392319383830478e-05
2023,xz_mom24_lag_20,3.0168327796051597e-19,0.9428090415218292,0.00014277966084879753,positive,0.00014277966084879753
2023,xr_mom24_lag_20,0.0,0.6454972243679028,2.6131200532097686e-05,positive,2.6131200532097686e-05
2023,carry_annual_lag_20,0.01291235953119128,0.01853223977838775,0.001254645733202711,positive,0.001254645733202711
2023,xz_carry_lag_20,4.1985743772966485e-18,0.9428090414927385,-0.0010732780772652643,negative,0.0010732780772652643
2023,log_return_lag_19,-9.430647281631209e-06,0.008759252335263057,8.546826696578448e-05,positive,8.546826696578448e-05
2023,volatility_lag_19,0.007587860156129926,0.004395735643469801,0.0002723410332101837,positive,0.0002723410332101837
2023,sma20_ratio_lag_19,4.5080885457209685e-05,0.02019140503500648,-0.0007948383857017665,negative,0.0007948383857017665
2023,mom24_lag_19,-0.00013713387406964677,0.03949773344834644,-0.00015789713059674766,negative,0.00015789713059674766
2023,xz_mom24_lag_19,2.777628287021082e-19,0.9428090415218281,-0.00010324952660990796,negative,0.00010324952660990796
2023,xr_mom24_lag_19,0.0,0.6454972243679028,-0.00010316112642331935,negative,0.00010316112642331935
2023,carry_annual_lag_19,0.012906560415557274,0.018528299676570912,-3.693021529288563e-05,negative,3.693021529288563e-05
2023,xz_carry_lag_19,4.221423761662889e-18,0.9428090414927226,-0.0001613345642376027,negative,0.0001613345642376027
2023,log_return_lag_18,-1.0060607414213149e-05,0.008758997238056936,-0.00019370316167288633,negative,0.00019370316167288633
2023,volatility_lag_18,0.00758885236336815,0.004395716225154964,-0.0002752902542098542,negative,0.0002752902542098542
2023,sma20_ratio_lag_18,3.975601697963748e-05,0.02019539069032067,0.0018685690834494902,positive,0.0018685690834494902
2023,mom24_lag_18,-0.00013792586522839723,0.03949777021307074,-0.00029596167954152225,negative,0.00029596167954152225
2023,xz_mom24_lag_18,2.64196006734653e-19,0.942809041521821,0.00012891841779556664,positive,0.00012891841779556664
2023,xr_mom24_lag_18,0.0,0.6454972243679028,-2.0541505010867077e-05,negative,2.0541505010867077e-05
2023,carry_annual_lag_18,0.012900761299923267,0.01852435692126605,0.001242193161873315,positive,0.001242193161873315
2023,xz_carry_lag_18,4.244273146029129e-18,0.9428090414927068,0.000263794935798436,positive,0.000263794935798436
2023,log_return_lag_17,-1.1736589492632328e-05,0.008760155809538631,0.000644498008501048,positive,0.000644498008501048
2023,volatility_lag_17,0.007589910318169917,0.0043956872560466384,-6.159013807246979e-06,negative,6.159013807246979e-06
2023,sma20_ratio_lag_17,3.296665853566248e-05,0.020201878044645072,0.0006087514502018182,positive,0.0006087514502018182
2023,mom24_lag_17,-0.000138980353954595,0.03949777970257318,-0.0002337678382491405,negative,0.0002337678382491405
2023,xz_mom24_lag_17,2.911511398542021e-19,0.9428090415218054,-0.00023106672500223412,negative,0.00023106672500223412
2023,xr_mom24_lag_17,0.0,0.6454972243679028,0.00025156536246419417,positive,0.00025156536246419417
2023,carry_annual_lag_17,0.01289496218428926,0.01852041151078052,-1.0231152725127581e-05,negative,1.0231152725127581e-05
2023,xz_carry_lag_17,4.267122530395369e-18,0.9428090414926908,0.00015104648932157418,positive,0.00015104648932157418
2023,log_return_lag_16,-1.3807409885197339e-05,0.008760482698680818,0.001028127673593578,positive,0.001028127673593578
2023,volatility_lag_16,0.007590961171428496,0.004395641013298094,0.000263013746370739,positive,0.000263013746370739
2023,sma20_ratio_lag_16,2.4505682709305924e-05,0.020210177429373654,-0.0013389899625776479,negative,0.0013389899625776479
2023,mom24_lag_16,-0.00014095512314578736,0.039498527584314304,-0.0001920266818100525,negative,0.0001920266818100525
2023,xz_mom24_lag_16,3.227475541731437e-19,0.9428090415218002,0.0002171873776372045,positive,0.0002171873776372045
2023,xr_mom24_lag_16,0.0,0.6454972243679028,-0.00016410612300896992,negative,0.00016410612300896992
2023,carry_annual_lag_16,0.012889163068655252,0.018516463443415627,-0.0010469885575872195,negative,0.0010469885575872195
2023,xz_carry_lag_16,4.2899719147616094e-18,0.9428090414926751,-0.00045555405585104265,negative,0.00045555405585104265
2023,log_return_lag_15,-1.5926197942129985e-05,0.008761434116604945,0.0005141522978245125,positive,0.0005141522978245125
2023,volatility_lag_15,0.007591937598100782,0.004395547809788177,-0.0002658508158736461,negative,0.0002658508158736461
2023,sma20_ratio_lag_15,1.4515090085607277e-05,0.020221008063065506,-0.0018652283091560953,negative,0.0018652283091560953
2023,mom24_lag_15,-0.00014591944977461962,0.039501689309877554,-0.00044364613183321976,negative,0.00044364613183321976
2023,xz_mom24_lag_15,5.126830617175159e-19,0.9428090415217848,-2.2537775354887103e-06,negative,2.2537775354887103e-06
2023,xr_mom24_lag_15,0.0,0.6454972243679028,3.944529582630168e-07,positive,3.944529582630168e-07
2023,carry_annual_lag_15,0.012883363953021245,0.01851251271747231,-0.0009078105162458183,negative,0.0009078105162458183
2023,xz_carry_lag_15,4.31282129912785e-18,0.9428090414926593,-0.0002842810162898404,negative,0.0002842810162898404
2023,log_return_lag_14,-1.4382640677441257e-05,0.008762413114276326,-0.0003270820676907914,negative,0.0003270820676907914
2023,volatility_lag_14,0.007592927981774131,0.004395417311934227,0.00010326765134345065,positive,0.00010326765134345065
2023,sma20_ratio_lag_14,6.605898525463989e-06,0.020227106133830487,0.00032227479628380566,positive,0.00032227479628380566
2023,mom24_lag_14,-0.00014925671168508351,0.03950351544915574,-0.00013031361167480267,negative,0.00013031361167480267
2023,xz_mom24_lag_14,3.6469759578303793e-19,0.9428090415217703,-5.309921580719409e-05,negative,5.309921580719409e-05
2023,xr_mom24_lag_14,0.0,0.6454972243679028,6.83976188016427e-05,positive,6.83976188016427e-05
2023,carry_annual_lag_14,0.012877564837387239,0.01850855933124723,8.826559783698338e-05,positive,8.826559783698338e-05
2023,xz_carry_lag_14,4.33567068349409e-18,0.9428090414926437,0.0015237746034771104,positive,0.0015237746034771104
2023,log_return_lag_13,-1.1618990883190606e-05,0.008763415160593759,-0.00016250205589798735,negative,0.00016250205589798735
2023,volatility_lag_13,0.007593952505651832,0.004395303865589368,-0.0002420401363967542,negative,0.0002420401363967542
2023,sma20_ratio_lag_13,1.764206566435056e-06,0.020229889611237263,-0.0016562108561181507,negative,0.0016562108561181507
2023,mom24_lag_13,-0.00015248912419078077,0.03950540432052911,-0.00032503017953332123,negative,0.00032503017953332123
2023,xz_mom24_lag_13,4.2271361077544487e-19,0.942809041521759,-2.3249434833359777e-05,negative,2.3249434833359777e-05
2023,xr_mom24_lag_13,0.0,0.6454972243679028,-0.00012366934348467646,negative,0.00012366934348467646
2023,carry_annual_lag_13,0.012871765721753232,0.01850460328303516,-0.0010812370042096822,negative,0.0010812370042096822
2023,xz_carry_lag_13,4.35852006786033e-18,0.9428090414926279,0.0002722367643464861,positive,0.0002722367643464861
2023,log_return_lag_12,-8.191862591723847e-06,0.00876569005007565,-0.0008546574092031514,negative,0.0008546574092031514
2023,volatility_lag_12,0.007594969862491378,0.004395207139668553,0.0003709153258960048,positive,0.0003709153258960048
2023,sma20_ratio_lag_12,5.682201120614841e-07,0.0202302614295325,-0.0007762817805534145,negative,0.0007762817805534145
2023,mom24_lag_12,-0.00015428641220025617,0.03950608957672259,-0.00023647609792743336,negative,0.00023647609792743336
2023,xz_mom24_lag_12,4.112889185923247e-19,0.9428090415217512,0.00014346456455557877,positive,0.00014346456455557877
2023,xr_mom24_lag_12,0.0,0.6454972243679028,-4.860964977088769e-06,negative,4.860964977088769e-06
2023,carry_annual_lag_12,0.012865966606119226,0.01850064457112993,0.00040500669166429785,positive,0.00040500669166429785
2023,xz_carry_lag_12,4.3813694522265704e-18,0.9428090414926121,-0.0007706997267562835,negative,0.0007706997267562835
2023,log_return_lag_11,-8.93073757478179e-06,0.008765986612865222,-0.001153245772796093,negative,0.001153245772796093
2023,volatility_lag_11,0.007595990723998729,0.004395095666659567,-0.00016984364787739418,negative,0.00016984364787739418
2023,sma20_ratio_lag_11,-1.1660053747935436e-06,0.020230999894664786,0.001890352493203091,positive,0.001890352493203091
2023,mom24_lag_11,-0.00015823006709336866,0.03950809300824512,-0.00029855085736330884,negative,0.00029855085736330884
2023,xz_mom24_lag_11,3.3417224635626384e-19,0.9428090415217407,-0.00016459992284253083,negative,0.00016459992284253083
2023,xr_mom24_lag_11,0.0,0.6454972243679028,4.0429627892159214e-05,positive,4.0429627892159214e-05
2023,carry_annual_lag_11,0.012860167490485217,0.018496683193819943,0.00211882104563002,positive,0.00211882104563002
2023,xz_carry_lag_11,4.404218836592811e-18,0.9428090414925964,0.00010966014807631352,positive,0.00010966014807631352
2023,log_return_lag_10,-7.3934161340846335e-06,0.008766095034311404,-0.00042574726891371777,negative,0.00042574726891371777
2023,volatility_lag_10,0.007597008422518548,0.004394993970002119,-0.00011126798029310028,negative,0.00011126798029310028
2023,sma20_ratio_lag_10,-9.778096599542783e-07,0.020230663990145295,0.001944300037690221,positive,0.001944300037690221
2023,mom24_lag_10,-0.00016403273365017915,0.0395124658897474,-0.0002028296111980942,negative,0.0002028296111980942
2023,xz_mom24_lag_10,3.056105158984635e-19,0.9428090415217263,-8.766646060214109e-05,negative,8.766646060214109e-05
2023,xr_mom24_lag_10,0.0,0.6454972243679028,3.895478343444435e-06,positive,3.895478343444435e-06
2023,carry_annual_lag_10,0.012854288285656193,0.018492674376289434,0.0005503060788888513,positive,0.0005503060788888513
2023,xz_carry_lag_10,4.472766989691531e-18,0.9428090414925807,0.00021192503926925735,positive,0.00021192503926925735
2023,log_return_lag_9,-5.526246604366961e-06,0.008767644265613963,0.0004612024148691784,positive,0.0004612024148691784
2023,volatility_lag_9,0.007598100459315724,0.004394891834607786,-0.00014476767893441172,negative,0.00014476767893441172
2023,sma20_ratio_lag_9,1.299964580689122e-06,0.02022985010577493,0.0011009580876845497,positive,0.0011009580876845497
2023,mom24_lag_9,-0.0001654174247542445,0.03951296182085601,5.273815032011476e-05,positive,5.273815032011476e-05
2023,xz_mom24_lag_9,3.198913811273637e-19,0.9428090415217235,0.00019190979577529476,positive,0.00019190979577529476
2023,xr_mom24_lag_9,0.0,0.6454972243679028,-5.0316216497101365e-05,negative,5.0316216497101365e-05
2023,carry_annual_lag_9,0.012848409080827168,0.018488662820017175,-0.0007205163563596976,negative,0.0007205163563596976
2023,xz_carry_lag_9,4.518465758424012e-18,0.9428090414925651,0.0006828176119016144,positive,0.0006828176119016144
2023,log_return_lag_8,-9.000851071503465e-06,0.008771112407402979,0.0010381384499665027,positive,0.0010381384499665027
2023,volatility_lag_8,0.007599276005733285,0.004394814792230459,0.0003410551514003056,positive,0.0003410551514003056
2023,sma20_ratio_lag_8,4.6052791988053006e-07,0.020230348419831273,-0.002513375772190012,negative,0.002513375772190012
2023,mom24_lag_8,-0.0001715378672641304,0.03951770395995703,-5.981777817302745e-05,negative,5.981777817302745e-05
2023,xz_mom24_lag_8,1.74226555792582e-19,0.9428090415217211,0.0001489033476865487,positive,0.0001489033476865487
2023,xr_mom24_lag_8,0.0,0.6454972243679028,-7.274464165254644e-05,negative,7.274464165254644e-05
2023,carry_annual_lag_8,0.012842529875998144,0.018484648523220716,3.3297320399900394e-05,positive,3.3297320399900394e-05
2023,xz_carry_lag_8,4.5870139115227326e-18,0.9428090414925492,-0.0008120105048398244,negative,0.0008120105048398244
2023,log_return_lag_7,-9.371721060739241e-06,0.008770639779110806,6.461149469241069e-05,positive,6.461149469241069e-05
2023,volatility_lag_7,0.007600396181990405,0.004394733232843027,-0.0007183739916008979,negative,0.0007183739916008979
2023,sma20_ratio_lag_7,-4.680773935998759e-07,0.02023119251987523,-0.00010850271625964637,negative,0.00010850271625964637
2023,mom24_lag_7,-0.0001758377153163473,0.039520595060589525,-5.158487417170203e-05,negative,5.158487417170203e-05
2023,xz_mom24_lag_7,2.1421297843350246e-19,0.942809041521721,-0.0002060547590457367,negative,0.0002060547590457367
2023,xr_mom24_lag_7,0.0,0.6454972243679028,3.643689668582216e-05,positive,3.643689668582216e-05
2023,carry_annual_lag_7,0.012836650671169118,0.01848063148411392,-0.000276056100835965,negative,0.000276056100835965
2023,xz_carry_lag_7,4.655562064621453e-18,0.9428090414925334,-0.00010685376171098696,negative,0.00010685376171098696
2023,log_return_lag_6,-1.1516391453944356e-05,0.00877156943361136,0.00010277832384064958,positive,0.00010277832384064958
2023,volatility_lag_6,0.007601530492529381,0.004394670212385097,0.0005258140829758188,positive,0.0005258140829758188
2023,sma20_ratio_lag_6,-3.043489789799436e-06,0.02023339849636187,0.0025050163146973625,positive,0.0025050163146973625
2023,mom24_lag_6,-0.00018796232680577934,0.03953224994132177,-5.135284671852211e-05,negative,5.135284671852211e-05
2023,xz_mom24_lag_6,1.7993890188414206e-19,0.9428090415217103,-0.0002088410215200649,negative,0.0002088410215200649
2023,xr_mom24_lag_6,0.0,0.6454972243679028,0.0001682881147210169,positive,0.0001682881147210169
2023,carry_annual_lag_6,0.012830771466340093,0.018476611700908557,0.0013093391566753577,positive,0.0013093391566753577
2023,xz_carry_lag_6,4.724110217720174e-18,0.9428090414925177,0.0006057747439768679,positive,0.0006057747439768679
2023,log_return_lag_5,-1.0334183876738268e-05,0.008771835661891061,0.0012356454881672263,positive,0.0012356454881672263
2023,volatility_lag_5,0.007602622672162133,0.004394587392645481,9.032230054428559e-05,positive,9.032230054428559e-05
2023,sma20_ratio_lag_5,-4.00716709059279e-06,0.02023456444535069,-0.0022908689806222277,negative,0.0022908689806222277
2023,mom24_lag_5,-0.0001973481979801795,0.03953851783706402,0.00019243465047646507,positive,0.00019243465047646507
2023,xz_mom24_lag_5,2.856173045780033e-20,0.9428090415217006,0.0002545245330990677,positive,0.0002545245330990677
2023,xr_mom24_lag_5,0.0,0.6454972243679028,-1.8783069762736152e-05,negative,1.8783069762736152e-05
2023,carry_annual_lag_5,0.012824892261511069,0.0184725891718121,-0.0005715035807791327,negative,0.0005715035807791327
2023,xz_carry_lag_5,4.7698089864526545e-18,0.9428090414925019,-0.0005685057593524926,negative,0.0005685057593524926
2023,log_return_lag_4,-7.658163010571008e-06,0.008773239855662153,0.0004258993072196161,positive,0.0004258993072196161
2023,volatility_lag_4,0.007603781779083218,0.004394515180018157,5.438343740143766e-06,positive,5.438343740143766e-06
2023,sma20_ratio_lag_4,-2.079140778258276e-06,0.020234605458455762,0.0001525193032149683,positive,0.0001525193032149683
2023,mom24_lag_4,-0.00020255016983582356,0.039541442578310666,0.00046645341772730823,positive,0.00046645341772730823
2023,xz_mom24_lag_4,3.4274076549360396e-20,0.942809041521694,-5.492264467007626e-05,negative,5.492264467007626e-05
2023,xr_mom24_lag_4,0.0,0.6454972243679028,-0.00012906680635466227,negative,0.00012906680635466227
2023,carry_annual_lag_4,0.012819013056682042,0.018468563895031986,-0.0014928216653181396,negative,0.0014928216653181396
2023,xz_carry_lag_4,4.838357139551375e-18,0.9428090414924861,-0.0009864004841382416,negative,0.0009864004841382416
2023,log_return_lag_3,-9.535526978647034e-06,0.008773903306661956,0.0006636240868754238,positive,0.0006636240868754238
2023,volatility_lag_3,0.007604933243377819,0.004394454710688827,0.0005486030659033408,positive,0.0005486030659033408
2023,sma20_ratio_lag_3,-1.7907452305996413e-06,0.02023478982396456,-0.0006141527318947143,negative,0.0006141527318947143
2023,mom24_lag_3,-0.0002081817103030704,0.039544718344334144,0.0005483488139507928,positive,0.0005483488139507928
2023,xz_mom24_lag_3,-5.141111482404059e-20,0.9428090415216865,-3.041759432853674e-05,negative,3.041759432853674e-05
2023,xr_mom24_lag_3,0.0,0.6454972243679028,-7.306896539710294e-07,negative,7.306896539710294e-07
2023,carry_annual_lag_3,0.012813133851853018,0.018464535868769817,0.00062143561437262,positive,0.00062143561437262
2023,xz_carry_lag_3,4.906905292650097e-18,0.9428090414924704,-0.0006166306736035345,negative,0.0006166306736035345
2023,log_return_lag_2,-9.845398617572764e-06,0.008774022250706079,0.0005838189861183559,positive,0.0005838189861183559
2023,volatility_lag_2,0.007605955008042731,0.004394340199601025,-0.0010154830566801003,negative,0.0010154830566801003
2023,sma20_ratio_lag_2,-1.6014493136449246e-06,0.020235020360784586,-0.0016141262489403293,negative,0.0016141262489403293
2023,mom24_lag_2,-0.00021585313923502914,0.03955059165033251,0.0006646057871774115,positive,0.0006646057871774115
2023,xz_mom24_lag_2,-1.485209983805617e-19,0.9428090415216807,0.0001238674824021865,positive,0.0001238674824021865
2023,xr_mom24_lag_2,0.0,0.6454972243679028,1.6193846878755615e-05,positive,1.6193846878755615e-05
2023,carry_annual_lag_2,0.012807254647023992,0.018460505091227118,-0.000409074960201483,negative,0.000409074960201483
2023,xz_carry_lag_2,4.9754534457488174e-18,0.9428090414924546,-0.00046189379818790694,negative,0.00046189379818790694
2023,log_return_lag_1,-1.0676747300697044e-05,0.008773901274410637,0.00010568717042819213,positive,0.00010568717042819213
2023,volatility_lag_1,0.007606915725570686,0.004394212813709852,0.00017441219332652456,positive,0.00017441219332652456
2023,sma20_ratio_lag_1,-2.069352454156003e-06,0.020235646854642332,0.0005400745026785196,positive,0.0005400745026785196
2023,mom24_lag_1,-0.0002251271262815922,0.039557292447778745,0.0008787517366164046,positive,0.0008787517366164046
2023,xz_mom24_lag_1,-1.4566482533478167e-19,0.9428090415216798,8.506089296881039e-05,positive,8.506089296881039e-05
2023,xr_mom24_lag_1,0.0,0.6454972243679028,0.00016730706746181503,positive,0.00016730706746181503
2023,carry_annual_lag_1,0.012801375442194965,0.018456471560600377,-6.531547050909885e-05,negative,6.531547050909885e-05
2023,xz_carry_lag_1,5.021152214481298e-18,0.9428090414924386,0.0013428166470641411,positive,0.0013428166470641411
2023,log_return_lag_0,-1.0799018695456307e-05,0.0087739045436182,0.0005103029504984867,positive,0.0005103029504984867
2023,volatility_lag_0,0.007607888430250413,0.004394078048544906,0.0003770686506303342,positive,0.0003770686506303342
2023,sma20_ratio_lag_0,-2.5763732143577614e-06,0.020236383655691265,-0.002086398421611356,negative,0.002086398421611356
2023,mom24_lag_0,-0.00023293289657347994,0.03956374929604965,0.0011900447688063366,positive,0.0011900447688063366
2023,xz_mom24_lag_0,-1.9421976711304223e-19,0.9428090415216825,-0.0001522135733576875,negative,0.0001522135733576875
2023,xr_mom24_lag_0,0.0,0.6454972243679028,-0.00017086064400299086,negative,0.00017086064400299086
2023,carry_annual_lag_0,0.012796090296175852,0.018452332592620056,-0.0001422507966573042,negative,0.0001422507966573042
2023,xz_carry_lag_0,5.081131848442678e-18,0.9428090414924252,0.0007245282629010424,positive,0.0007245282629010424
2024,log_return_lag_31,-1.2793746166134272e-05,0.008705185448242628,1.0796115954661108e-05,positive,1.0796115954661108e-05
2024,volatility_lag_31,0.007595709038352247,0.004287146516433943,-0.00013580612662171656,negative,0.00013580612662171656
2024,sma20_ratio_lag_31,-3.993177609289216e-05,0.020007673914165757,0.00019635920239941494,positive,0.00019635920239941494
2024,mom24_lag_31,-0.0002869346086439402,0.039061882281815355,1.7922634189435327e-05,positive,1.7922634189435327e-05
2024,xz_mom24_lag_31,-1.1853585956057094e-19,0.9428090415217633,-0.00020207630553710517,negative,0.00020207630553710517
2024,xr_mom24_lag_31,0.0,0.6454972243679028,0.00018318893444087449,positive,0.00018318893444087449
2024,carry_annual_lag_31,0.013467353085853001,0.018505513319805742,0.0016065609231422583,positive,0.0016065609231422583
2024,xz_carry_lag_31,3.0307464092191434e-19,0.9428090414932734,-0.0036005921993677937,negative,0.0036005921993677937
2024,log_return_lag_30,-1.340551439991222e-05,0.00870529657919789,0.00016646127802431304,positive,0.00016646127802431304
2024,volatility_lag_30,0.0075960007556918445,0.004287082136950022,4.706094899209313e-05,positive,4.706094899209313e-05
2024,sma20_ratio_lag_30,-4.0815239642718045e-05,0.020008054374070983,0.0014990957351219117,positive,0.0014990957351219117
2024,mom24_lag_30,-0.00029087689019680784,0.03906306635129503,4.526529012944921e-05,positive,4.526529012944921e-05
2024,xz_mom24_lag_30,-9.226939068067169e-20,0.9428090415217608,0.00011810892050008177,positive,0.00011810892050008177
2024,xr_mom24_lag_30,0.0,0.6454972243679028,-0.00011286721270578344,negative,0.00011286721270578344
2024,carry_annual_lag_30,0.013468644846845875,0.018505131109225168,-0.00467906708845321,negative,0.00467906708845321
2024,xz_carry_lag_30,3.623425707021998e-19,0.9428090414932649,0.00414463019714671,positive,0.00414463019714671
2024,log_return_lag_29,-1.3020568567013688e-05,0.008704995368924993,0.0008794236477138798,positive,0.0008794236477138798
2024,volatility_lag_29,0.007596284736407414,0.004287014944009166,-0.00014140241831848605,negative,0.00014140241831848605
2024,sma20_ratio_lag_29,-4.1051026381760665e-05,0.020008070199926332,-0.007570208539527663,negative,0.007570208539527663
2024,mom24_lag_29,-0.00029414487547908054,0.0390641701496129,-8.206929950704702e-06,negative,8.206929950704702e-06
2024,xz_mom24_lag_29,-8.081990424584382e-20,0.9428090415217606,-8.84410092332026e-05,negative,8.84410092332026e-05
2024,xr_mom24_lag_29,0.0,0.6454972243679028,0.00013418751876341075,positive,0.00013418751876341075
2024,carry_annual_lag_29,0.013469936607838746,0.018504748800577293,0.004030826438439349,positive,0.004030826438439349
2024,xz_carry_lag_29,4.2161050048248523e-19,0.9428090414932567,0.00017523299854476209,positive,0.00017523299854476209
2024,log_return_lag_28,-1.3825294417998328e-05,0.008704490308491554,-0.002567035279984979,negative,0.002567035279984979
2024,volatility_lag_28,0.0075966826867266525,0.004286871568295175,0.00023973542095533283,positive,0.00023973542095533283
2024,sma20_ratio_lag_28,-4.176061760967895e-05,0.02000847201299072,0.009774118388523339,positive,0.009774118388523339
2024,mom24_lag_28,-0.0002968778881064781,0.03906507922368459,-8.508976892627625e-05,negative,8.508976892627625e-05
2024,xz_mom24_lag_28,-1.2392385317696053e-19,0.9428090415217615,0.0001130081773322471,positive,0.0001130081773322471
2024,xr_mom24_lag_28,0.0,0.6454972243679028,-0.00014378017942314383,negative,0.00014378017942314383
2024,carry_annual_lag_28,0.013471349695661834,0.018504458899637307,-0.0043107409735154605,negative,0.0043107409735154605
2024,xz_carry_lag_28,4.0948751484560867e-19,0.9428090414932476,0.0002778405798917248,positive,0.0002778405798917248
2024,log_return_lag_27,-1.4931495919650997e-05,0.008704751982822872,0.0012771290814251165,positive,0.0012771290814251165
2024,volatility_lag_27,0.007597098728737076,0.004286714159284119,-5.847277229969944e-05,negative,5.847277229969944e-05
2024,sma20_ratio_lag_27,-4.325870970486981e-05,0.020009562187695867,-0.0015256796703488399,negative,0.0015256796703488399
2024,mom24_lag_27,-0.0003016534840019456,0.039066832028132124,2.6427715657526827e-05,positive,2.6427715657526827e-05
2024,xz_mom24_lag_27,-1.6433380529988242e-19,0.9428090415217649,2.695592882306801e-06,positive,2.695592882306801e-06
2024,xr_mom24_lag_27,0.0,0.6454972243679028,-4.418377348931852e-05,negative,4.418377348931852e-05
2024,carry_annual_lag_27,0.01347276278348493,0.018504168886244052,0.0027333004278390317,positive,0.0027333004278390317
2024,xz_carry_lag_27,3.9332353399643993e-19,0.9428090414932386,0.001042152604850519,positive,0.001042152604850519
2024,log_return_lag_26,-1.3803222549855006e-05,0.00870492192329595,0.0005022263208607918,positive,0.0005022263208607918
2024,volatility_lag_26,0.007597537001639364,0.004286549766325461,0.00031959053038305667,positive,0.00031959053038305667
2024,sma20_ratio_lag_26,-4.337248003249035e-05,0.02000994628789077,-0.004513207374143002,negative,0.004513207374143002
2024,mom24_lag_26,-0.00030591119899652246,0.039068035391378673,-6.269134002978756e-05,negative,6.269134002978756e-05
2024,xz_mom24_lag_26,-1.4547582764251887e-19,0.9428090415217686,0.00015087975074953207,positive,0.00015087975074953207
2024,xr_mom24_lag_26,0.0,0.6454972243679028,-4.990660019850582e-05,negative,4.990660019850582e-05
2024,carry_annual_lag_26,0.013474175871308024,0.018503878760390814,-8.149169570480111e-05,negative,8.149169570480111e-05
2024,xz_carry_lag_26,3.8254754676366074e-19,0.9428090414932295,0.0016129766731124737,positive,0.0016129766731124737
2024,log_return_lag_25,-1.2375547918332216e-05,0.00870505745945811,-0.0016524939964992183,negative,0.0016524939964992183
2024,volatility_lag_25,0.007597963453570769,0.004286397081653862,0.0002077262856425737,positive,0.0002077262856425737
2024,sma20_ratio_lag_25,-4.185900225196883e-05,0.020009496602025802,0.0005036899135686642,positive,0.0005036899135686642
2024,mom24_lag_25,-0.0003106955703199677,0.039069181663595576,-0.00024830815673762243,negative,0.00024830815673762243
2024,xz_mom24_lag_25,-1.1314786594418135e-19,0.942809041521768,4.585875769639919e-05,positive,4.585875769639919e-05
2024,xr_mom24_lag_25,0.0,0.6454972243679028,-1.7482367685159703e-05,negative,1.7482367685159703e-05
2024,carry_annual_lag_25,0.013475588959131113,0.018503588522074302,-9.347111359866947e-05,negative,9.347111359866947e-05
2024,xz_carry_lag_25,3.7177155953088156e-19,0.9428090414932205,-0.0014662735503793087,negative,0.0014662735503793087
2024,log_return_lag_24,-1.3573317195981192e-05,0.008704785199955219,-0.001933150579155485,negative,0.001933150579155485
2024,volatility_lag_24,0.007598363095663129,0.004286261346748839,-0.0005942604372538233,negative,0.0005942604372538233
2024,sma20_ratio_lag_24,-4.13344796571711e-05,0.020009900215653145,0.008030238273251238,positive,0.008030238273251238
2024,mom24_lag_24,-0.00031692053107724354,0.039070854840519906,0.0005958847572590176,positive,0.0005958847572590176
2024,xz_mom24_lag_24,-1.6702780210807723e-19,0.9428090415217751,-0.00016932379305661135,negative,0.00016932379305661135
2024,xr_mom24_lag_24,0.0,0.6454972243679028,2.898796730369764e-05,positive,2.898796730369764e-05
2024,carry_annual_lag_24,0.013477002046954204,0.018503298171289612,-0.0030847958932083207,negative,0.0030847958932083207
2024,xz_carry_lag_24,3.609955722981024e-19,0.9428090414932115,0.001764537631618405,positive,0.001764537631618405
2024,log_return_lag_23,-1.5677673732557078e-05,0.008705196810748514,0.0012678787082720045,positive,0.0012678787082720045
2024,volatility_lag_23,0.007598773680325562,0.004286124008267639,-0.00014407736153251781,negative,0.00014407736153251781
2024,sma20_ratio_lag_23,-4.2872853999972415e-05,0.020011028258304354,-0.003190532949559418,negative,0.003190532949559418
2024,mom24_lag_23,-0.0003237725898348681,0.03907299370540324,-0.0001434291566198057,negative,0.0001434291566198057
2024,xz_mom24_lag_23,-2.0474375742280434e-19,0.9428090415217846,-0.00012210418563721794,negative,0.00012210418563721794
2024,xr_mom24_lag_23,0.0,0.6454972243679028,5.176471306814274e-05,positive,5.176471306814274e-05
2024,carry_annual_lag_23,0.013478415134777292,0.018503007708028506,0.0006170255900406811,positive,0.0006170255900406811
2024,xz_carry_lag_23,3.502195850653232e-19,0.9428090414932024,-0.002575665207999003,negative,0.002575665207999003
2024,log_return_lag_22,-1.4018728019098997e-05,0.008705153040423833,-7.06634379867121e-05,negative,7.06634379867121e-05
2024,volatility_lag_22,0.007599203801485968,0.004285982671601725,0.00012457096745885075,positive,0.00012457096745885075
2024,sma20_ratio_lag_22,-4.286472093060001e-05,0.02001159353149779,-0.001076599224434327,negative,0.001076599224434327
2024,mom24_lag_22,-0.000329370469684997,0.039075963307183395,-0.00029428998162041775,negative,0.00029428998162041775
2024,xz_mom24_lag_22,-2.209077382719731e-19,0.9428090415217919,-5.1699564653439295e-05,negative,5.1699564653439295e-05
2024,xr_mom24_lag_22,0.0,0.6454972243679028,0.00011589607594909694,positive,0.00011589607594909694
2024,carry_annual_lag_22,0.013479828222600385,0.018502717132288293,0.0013455321483567013,positive,0.0013455321483567013
2024,xz_carry_lag_22,3.39443597832544e-19,0.9428090414931934,-0.0006405170665972943,negative,0.0006405170665972943
2024,log_return_lag_21,-1.3126031827398482e-05,0.008705551540543132,-0.0005936615188286894,negative,0.0005936615188286894
2024,volatility_lag_21,0.007599650985471683,0.004285833981583156,0.00013482382211222677,positive,0.00013482382211222677
2024,sma20_ratio_lag_21,-4.2087887736991846e-05,0.02001211078591271,0.004772986051253116,positive,0.004772986051253116
2024,mom24_lag_21,-0.0003343906269275542,0.039078567593067375,0.00019686426525733654,positive,0.00019686426525733654
2024,xz_mom24_lag_21,-2.370717191211419e-19,0.9428090415217997,-5.026165288835741e-05,negative,5.026165288835741e-05
2024,xr_mom24_lag_21,0.0,0.6454972243679028,2.4270784813050827e-05,positive,2.4270784813050827e-05
2024,carry_annual_lag_21,0.013481471192588747,0.018502797709474494,0.0005355325155680862,positive,0.0005355325155680862
2024,xz_carry_lag_21,3.2462661538747265e-19,0.9428090414931852,0.00046138015848166074,positive,0.00046138015848166074
2024,log_return_lag_20,-1.2778539838399354e-05,0.008705878937668762,0.0016932008121199643,positive,0.0016932008121199643
2024,volatility_lag_20,0.007600137343469726,0.004285672407022696,-7.066037323270493e-05,negative,7.066037323270493e-05
2024,sma20_ratio_lag_20,-4.0984026421687394e-05,0.020012584206480104,-0.0048542154402272395,negative,0.0048542154402272395
2024,mom24_lag_20,-0.00033738880363509363,0.039080110024406894,7.791641315394068e-05,positive,7.791641315394068e-05
2024,xz_mom24_lag_20,-2.5862369358670024e-19,0.9428090415218106,0.00015345019139561403,positive,0.00015345019139561403
2024,xr_mom24_lag_20,0.0,0.6454972243679028,-5.679583368874125e-06,negative,5.679583368874125e-06
2024,carry_annual_lag_20,0.013483114162577116,0.018502878140423645,0.002940252866800709,positive,0.002940252866800709
2024,xz_carry_lag_20,3.084626345383039e-19,0.942809041493177,-0.0031050201684990827,negative,0.0031050201684990827
2024,log_return_lag_19,-1.193535828853261e-05,0.008705532100086847,-0.00030977945560402243,negative,0.00030977945560402243
2024,volatility_lag_19,0.007600624499580524,0.004285515420398848,0.0002063676933453917,positive,0.0002063676933453917
2024,sma20_ratio_lag_19,-3.914532739297337e-05,0.02001262296000245,-0.0012752836482009034,negative,0.0012752836482009034
2024,mom24_lag_19,-0.0003342011859815175,0.03908002009813466,-0.0005020012302938113,negative,0.0005020012302938113
2024,xz_mom24_lag_19,-2.5862369358670024e-19,0.9428090415218189,-0.00012826853891741345,negative,0.00012826853891741345
2024,xr_mom24_lag_19,0.0,0.6454972243679028,-6.919475663960124e-05,negative,6.919475663960124e-05
2024,carry_annual_lag_19,0.013484757132565481,0.018502958425135396,-0.0017694772381217012,negative,0.0017694772381217012
2024,xz_carry_lag_19,2.9229865368913516e-19,0.9428090414931688,0.0011083358346858012,positive,0.0011083358346858012
2024,log_return_lag_18,-1.4327192811049042e-05,0.008706427440892566,-0.0008764375337627261,negative,0.0008764375337627261
2024,volatility_lag_18,0.007601143047225173,0.0042853623573089914,-0.00029529794556408317,negative,0.00029529794556408317
2024,sma20_ratio_lag_18,-3.981693293922951e-05,0.020012689087329387,0.004929620648050313,positive,0.004929620648050313
2024,mom24_lag_18,-0.00033250170336084723,0.0390798422580844,-0.0003594166820816871,negative,0.0003594166820816871
2024,xz_mom24_lag_18,-2.640116872030898e-19,0.9428090415218211,0.00012053630899516704,positive,0.00012053630899516704
2024,xr_mom24_lag_18,0.0,0.6454972243679028,-1.7369019690418813e-05,negative,1.7369019690418813e-05
2024,carry_annual_lag_18,0.013486400102553843,0.018503038563610196,0.0024744172433300996,positive,0.0024744172433300996
2024,xz_carry_lag_18,2.7613467283996637e-19,0.9428090414931606,-0.00017901347686527294,negative,0.00017901347686527294
2024,log_return_lag_17,-1.2666970331963188e-05,0.008706820649404522,0.0013257852709044795,positive,0.0013257852709044795
2024,volatility_lag_17,0.007601705829652447,0.004285188620204629,5.910865792383463e-05,positive,5.910865792383463e-05
2024,sma20_ratio_lag_17,-3.902204293294211e-05,0.02001233919797451,0.00036068874151192615,positive,0.00036068874151192615
2024,mom24_lag_17,-0.0003296027073868338,0.03907918411423085,-0.00022498191984381,negative,0.00022498191984381
2024,xz_mom24_lag_17,-2.5862369358670024e-19,0.9428090415218228,-0.00020539413461478987,negative,0.00020539413461478987
2024,xr_mom24_lag_17,0.0,0.6454972243679028,0.0002314102714783015,positive,0.0002314102714783015
2024,carry_annual_lag_17,0.01348804307254221,0.01850311855585315,-3.94917773048727e-05,negative,3.94917773048727e-05
2024,xz_carry_lag_17,2.599706919907976e-19,0.9428090414931524,0.0006783242563896075,positive,0.0006783242563896075
2024,log_return_lag_16,-1.3619493543509014e-05,0.008706880185758296,0.001668806386456893,positive,0.001668806386456893
2024,volatility_lag_16,0.0076022778499332845,0.004285007309583475,0.00021993947719153316,positive,0.00021993947719153316
2024,sma20_ratio_lag_16,-3.92438740515344e-05,0.020012597136203132,-0.002647445997004469,negative,0.002647445997004469
2024,mom24_lag_16,-0.0003300484913934029,0.03908025278387094,-0.0005450176924861778,negative,0.0005450176924861778
2024,xz_mom24_lag_16,-2.5323569997031062e-19,0.9428090415218278,0.00021958204012968588,positive,0.00021958204012968588
2024,xr_mom24_lag_16,0.0,0.6454972243679028,-0.00015465144272445265,negative,0.00015465144272445265
2024,carry_annual_lag_16,0.013489686042530574,0.018503198401864585,-0.0016294621322448357,negative,0.0016294621322448357
2024,xz_carry_lag_16,2.4380671114162887e-19,0.9428090414931443,-0.0005535945636599906,negative,0.0005535945636599906
2024,log_return_lag_15,-1.4134840177646387e-05,0.00870681219569912,0.0005819665021609062,positive,0.0005819665021609062
2024,volatility_lag_15,0.00760283828343131,0.004284829626499718,-0.00019633695109010804,negative,0.00019633695109010804
2024,sma20_ratio_lag_15,-3.994702376197762e-05,0.020012396823302466,-0.002898461661799267,negative,0.002898461661799267
2024,mom24_lag_15,-0.00033025762648004366,0.039081019716738274,-0.00038423873521078154,negative,0.00038423873521078154
2024,xz_mom24_lag_15,-2.262957318883627e-19,0.9428090415218312,-3.8715650003035735e-05,negative,3.8715650003035735e-05
2024,xr_mom24_lag_15,0.0,0.6454972243679028,8.327516415196125e-06,positive,8.327516415196125e-06
2024,carry_annual_lag_15,0.013491329012518939,0.018503278101645898,-0.0008437770761328304,negative,0.0008437770761328304
2024,xz_carry_lag_15,2.276427302924601e-19,0.9428090414931362,-0.000907887732268072,negative,0.000907887732268072
2024,log_return_lag_14,-1.437348846802098e-05,0.008706955390976307,-0.0006815815748077705,negative,0.0006815815748077705
2024,volatility_lag_14,0.007603392530621346,0.004284628219083148,5.990681874594659e-06,positive,5.990681874594659e-06
2024,sma20_ratio_lag_14,-4.0783925083889895e-05,0.020012174597441163,0.002424310553693876,positive,0.002424310553693876
2024,mom24_lag_14,-0.0003279403569361779,0.039080726608408015,-4.95216033809242e-05,negative,4.95216033809242e-05
2024,xz_mom24_lag_14,-1.9396777019002516e-19,0.9428090415218358,-2.7193613811748413e-05,negative,2.7193613811748413e-05
2024,xr_mom24_lag_14,0.0,0.6454972243679028,6.834509468622991e-05,positive,6.834509468622991e-05
2024,carry_annual_lag_14,0.0134929719825073,0.018503357655199785,0.000790496147599971,positive,0.000790496147599971
2024,xz_carry_lag_14,2.1147874944329133e-19,0.942809041493128,0.0022352440808635354,positive,0.0022352440808635354
2024,log_return_lag_13,-1.4768239518461918e-05,0.008707461326106277,0.0004459896688839807,positive,0.0004459896688839807
2024,volatility_lag_13,0.007603958972564212,0.004284428684399126,-0.00017807593502565725,negative,0.00017807593502565725
2024,sma20_ratio_lag_13,-4.1915220281622906e-05,0.02001228094108804,-0.004219840385240031,negative,0.004219840385240031
2024,mom24_lag_13,-0.00032634362010164613,0.03908057394051618,-0.0006060091693157493,negative,0.0006060091693157493
2024,xz_mom24_lag_13,-1.83191782957246e-19,0.9428090415218399,-8.077579124386592e-05,negative,8.077579124386592e-05
2024,xr_mom24_lag_13,0.0,0.6454972243679028,-0.00010810860579081053,negative,0.00010810860579081053
2024,carry_annual_lag_13,0.013494614952495662,0.01850343706252839,-0.003864398202339465,negative,0.003864398202339465
2024,xz_carry_lag_13,1.9531476859412256e-19,0.94280904149312,0.0019724455594322034,positive,0.0019724455594322034
2024,log_return_lag_12,-1.4206747040156559e-05,0.008707340533067534,-0.0013576811179287496,negative,0.0013576811179287496
2024,volatility_lag_12,0.007604530291447349,0.004284226755665619,0.00040911607253151693,positive,0.00040911607253151693
2024,sma20_ratio_lag_12,-4.2453668363608444e-05,0.020012270181154982,-0.0015812729495662974,negative,0.0015812729495662974
2024,mom24_lag_12,-0.0003254028579979328,0.039080747560545546,-0.00044324758623697104,negative,0.00044324758623697104
2024,xz_mom24_lag_12,-1.9396777019002516e-19,0.942809041521845,0.00018602021222924303,positive,0.00018602021222924303
2024,xr_mom24_lag_12,0.0,0.6454972243679028,-2.4589169467170387e-05,negative,2.4589169467170387e-05
2024,carry_annual_lag_12,0.013496257922484028,0.018503516323633094,0.0011362937041200362,positive,0.0011362937041200362
2024,xz_carry_lag_12,1.791507877449538e-19,0.9428090414931118,-0.0023486332546414426,negative,0.0023486332546414426
2024,log_return_lag_11,-1.644951257000951e-05,0.0087088765286505,-0.0020652870445914003,negative,0.0020652870445914003
2024,volatility_lag_11,0.007604980636244432,0.004284052579021678,-0.0001948868327522273,negative,0.0001948868327522273
2024,sma20_ratio_lag_11,-4.503070982140858e-05,0.02001332755842989,0.003363626782390098,positive,0.003363626782390098
2024,mom24_lag_11,-0.00032856052028331517,0.039082688801040905,-0.00034271440724486233,negative,0.00034271440724486233
2024,xz_mom24_lag_11,-2.640116872030898e-19,0.9428090415218463,-0.00011023876315761873,negative,0.00011023876315761873
2024,xr_mom24_lag_11,0.0,0.6454972243679028,1.365377505973251e-05,positive,1.365377505973251e-05
2024,carry_annual_lag_11,0.01349790089247239,0.018503595438514913,0.004435644252977327,positive,0.004435644252977327
2024,xz_carry_lag_11,1.6298680689578504e-19,0.9428090414931037,0.00012273965685367512,positive,0.00012273965685367512
2024,log_return_lag_10,-1.5684097152373187e-05,0.008708639736983258,-0.0007070459555347187,negative,0.0007070459555347187
2024,volatility_lag_10,0.0076054029919114825,0.004283891933948243,-0.00017693964917094796,negative,0.00017693964917094796
2024,sma20_ratio_lag_10,-4.673589696309052e-05,0.02001406430459912,0.003720650045265864,positive,0.003720650045265864
2024,mom24_lag_10,-0.0003319474599117789,0.03908506752872263,-0.0002272299833668472,negative,0.0002272299833668472
2024,xz_mom24_lag_10,-1.83191782957246e-19,0.942809041521845,-9.79603217271372e-05,negative,9.79603217271372e-05
2024,xr_mom24_lag_10,0.0,0.6454972243679028,6.183622638084661e-06,positive,6.183622638084661e-06
2024,carry_annual_lag_10,0.013499468320806835,0.018503634835297524,0.0007921840395258204,positive,0.0007921840395258204
2024,xz_carry_lag_10,1.8992677497773297e-19,0.9428090414930956,-0.0014853798145246096,negative,0.0014853798145246096
2024,log_return_lag_9,-1.7602531476339133e-05,0.008709942062302727,0.0009874660850131007,positive,0.0009874660850131007
2024,volatility_lag_9,0.0076058641569977554,0.004283711537832319,-8.7278673663257e-05,negative,8.7278673663257e-05
2024,sma20_ratio_lag_9,-5.0095534273909945e-05,0.02001667576316814,0.0023365797198847344,positive,0.0023365797198847344
2024,mom24_lag_9,-0.00033664118831095455,0.03908869395255632,-0.00015074982813472295,negative,0.00015074982813472295
2024,xz_mom24_lag_9,-8.081990424584382e-20,0.9428090415218428,0.0001645570506211026,positive,0.0001645570506211026
2024,xr_mom24_lag_9,0.0,0.6454972243679028,-3.0698906264749893e-05,negative,3.0698906264749893e-05
2024,carry_annual_lag_9,0.013501035749141278,0.01850367409921966,-0.0032739060312944822,negative,0.0032739060312944822
2024,xz_carry_lag_9,1.9531476859412256e-19,0.9428090414930876,0.004179574727994145,positive,0.004179574727994145
2024,log_return_lag_8,-1.950169296947102e-05,0.008711152965550573,0.002152350710285105,positive,0.002152350710285105
2024,volatility_lag_8,0.007606268291713575,0.004283534109177547,0.00028061377070244975,positive,0.00028061377070244975
2024,sma20_ratio_lag_8,-5.502576728695138e-05,0.020021736404925494,-0.006071750192817915,negative,0.006071750192817915
2024,mom24_lag_8,-0.00034259984489986775,0.039093491833253356,3.252032195141972e-05,positive,3.252032195141972e-05
2024,xz_mom24_lag_8,-4.3103948931116705e-20,0.9428090415218412,0.00012025606487748398,positive,0.00012025606487748398
2024,xr_mom24_lag_8,0.0,0.6454972243679028,-5.931106130395612e-05,negative,5.931106130395612e-05
2024,carry_annual_lag_8,0.013502603177475727,0.01850371323028432,0.0017620741556337246,positive,0.0017620741556337246
2024,xz_carry_lag_8,2.222547366760705e-19,0.9428090414930795,-0.0033698581974037074,negative,0.0033698581974037074
2024,log_return_lag_7,-1.8703543001222847e-05,0.008710793292806692,-0.0002971176885923057,negative,0.0002971176885923057
2024,volatility_lag_7,0.007606650038296814,0.0042833758696739915,-0.0006450345665414208,negative,0.0006450345665414208
2024,sma20_ratio_lag_7,-5.899632872115111e-05,0.020025730527777116,-0.0006050672594071343,negative,0.0006050672594071343
2024,mom24_lag_7,-0.00034850964173495683,0.03909837865343051,-3.608282035929639e-05,negative,3.608282035929639e-05
2024,xz_mom24_lag_7,-1.2392385317696053e-19,0.9428090415218435,-0.0001856913270870226,negative,0.0001856913270870226
2024,xr_mom24_lag_7,0.0,0.6454972243679028,1.978648088590131e-05,positive,1.978648088590131e-05
2024,carry_annual_lag_7,0.013504170605810174,0.018503752228491547,-0.0018773149050288602,negative,0.0018773149050288602
2024,xz_carry_lag_7,2.4919470475801844e-19,0.9428090414930713,0.0011455355499332028,positive,0.0011455355499332028
2024,log_return_lag_6,-1.707703195926281e-05,0.008711222426200685,-0.0004844372009015839,negative,0.0004844372009015839
2024,volatility_lag_6,0.007607002720838917,0.004283224091043779,0.0005553362491892668,positive,0.0005553362491892668
2024,sma20_ratio_lag_6,-6.122475001429246e-05,0.020027495420272594,0.006877148868438374,positive,0.006877148868438374
2024,mom24_lag_6,-0.0003521811592943083,0.0391005976550212,-0.0001810692252433779,negative,0.0001810692252433779
2024,xz_mom24_lag_6,-1.4008783402612928e-19,0.9428090415218459,-0.00012265211725881911,negative,0.00012265211725881911
2024,xr_mom24_lag_6,0.0,0.6454972243679028,0.00014054141512853213,positive,0.00014054141512853213
2024,carry_annual_lag_6,0.013505738034144621,0.018503791093841156,0.002880548433929376,positive,0.002880548433929376
2024,xz_carry_lag_6,2.7613467283996637e-19,0.9428090414930632,0.0006173579378810994,positive,0.0006173579378810994
2024,log_return_lag_5,-1.849494135648685e-05,0.008711930892624418,0.0025741702542437044,positive,0.0025741702542437044
2024,volatility_lag_5,0.007607375101333987,0.00428306985305166,-2.7698817204161442e-05,negative,2.7698817204161442e-05
2024,sma20_ratio_lag_5,-6.454326413216842e-05,0.02003046178404666,-0.00629693355565113,negative,0.00629693355565113
2024,mom24_lag_5,-0.00035765553208378124,0.0391029993215044,0.00019667799479638397,positive,0.00019667799479638397
2024,xz_mom24_lag_5,-2.1013175103919393e-19,0.9428090415218403,0.00014383581140637602,positive,0.00014383581140637602
2024,xr_mom24_lag_5,0.0,0.6454972243679028,-3.778220616298431e-06,negative,3.778220616298431e-06
2024,carry_annual_lag_5,0.013507305462479071,0.018503829826335052,8.291978002327363e-05,positive,8.291978002327363e-05
2024,xz_carry_lag_5,2.81522666456356e-19,0.942809041493055,-0.0015917261379996056,negative,0.0015917261379996056
2024,log_return_lag_4,-1.9800388979905767e-05,0.008712464804865922,8.652039680845126e-05,positive,8.652039680845126e-05
2024,volatility_lag_4,0.007607784226045877,0.004282897619353829,8.510857763386505e-07,positive,8.510857763386505e-07
2024,sma20_ratio_lag_4,-6.883186521167842e-05,0.020034794146114004,0.0018998689774542825,positive,0.0018998689774542825
2024,mom24_lag_4,-0.0003636306266456902,0.03910715998526056,0.0007873044033574056,positive,0.0007873044033574056
2024,xz_mom24_lag_4,-2.74787674435869e-19,0.9428090415218371,2.4199733055408377e-05,positive,2.4199733055408377e-05
2024,xr_mom24_lag_4,0.0,0.6454972243679028,-0.00015781799495719024,negative,0.00015781799495719024
2024,carry_annual_lag_4,0.013508872890813518,0.01850386842597496,-0.004231355533719897,negative,0.004231355533719897
2024,xz_carry_lag_4,3.084626345383039e-19,0.9428090414930469,0.0012683187299591132,positive,0.0012683187299591132
2024,log_return_lag_3,-1.977404396548136e-05,0.00871264028219224,0.0011712123495396189,positive,0.0011712123495396189
2024,volatility_lag_3,0.007608149107905977,0.004282752007959776,0.0005520975069533382,positive,0.0005520975069533382
2024,sma20_ratio_lag_3,-7.290916796120982e-05,0.020038367949774805,-0.0013341632708071176,negative,0.0013341632708071176
2024,mom24_lag_3,-0.0003684731746915194,0.039110003207820696,0.000763909405790531,positive,0.000763909405790531
2024,xz_mom24_lag_3,-4.040995212292191e-19,0.9428090415218333,-2.8680361462269238e-05,negative,2.8680361462269238e-05
2024,xr_mom24_lag_3,0.0,0.6454972243679028,1.5780565430119275e-05,positive,1.5780565430119275e-05
2024,carry_annual_lag_3,0.013510440319147965,0.018503906892760488,0.0036254526014400643,positive,0.0036254526014400643
2024,xz_carry_lag_3,3.3540260262025184e-19,0.9428090414930388,-0.0037330184650880348,negative,0.0037330184650880348
2024,log_return_lag_2,-1.9426634925784346e-05,0.008712617727978447,0.0008729703659257135,positive,0.0008729703659257135
2024,volatility_lag_2,0.007608480932847434,0.0042826101689917165,-0.0009640576777379623,negative,0.0009640576777379623
2024,sma20_ratio_lag_2,-7.638234537842946e-05,0.020041398087095142,-0.0036543478088527643,negative,0.0036543478088527643
2024,mom24_lag_2,-0.0003740965870674483,0.03911375316981066,0.0008465184941566847,positive,0.0008465184941566847
2024,xz_mom24_lag_2,-4.148755084619983e-19,0.9428090415218292,0.00011433148626962212,positive,0.00011433148626962212
2024,xr_mom24_lag_2,0.0,0.6454972243679028,2.5706018776645987e-05,positive,2.5706018776645987e-05
2024,carry_annual_lag_2,0.013512007747482412,0.018503945226691812,5.49308932750257e-05,positive,5.49308932750257e-05
2024,xz_carry_lag_2,3.623425707021998e-19,0.9428090414930306,-0.0013607871067204851,negative,0.0013607871067204851
2024,log_return_lag_1,-2.067735352390003e-05,0.008712581172027641,-0.0004242846152729691,negative,0.0004242846152729691
2024,volatility_lag_1,0.007608786875777768,0.004282478107699428,9.804223412824265e-05,positive,9.804223412824265e-05
2024,sma20_ratio_lag_1,-8.072075365257141e-05,0.020044894787573864,0.004038620503123237,positive,0.004038620503123237
2024,mom24_lag_1,-0.00038239839267301584,0.03911928286614351,0.0011196257482308102,positive,0.0011196257482308102
2024,xz_mom24_lag_1,-5.657393297209067e-19,0.9428090415218233,0.00010372717250963794,positive,0.00010372717250963794
2024,xr_mom24_lag_1,0.0,0.6454972243679028,0.0001614682542159117,positive,0.0001614682542159117
2024,carry_annual_lag_1,0.01351357517581686,0.018503983427770678,-0.001184278037462804,negative,0.001184278037462804
2024,xz_carry_lag_1,3.677305643185894e-19,0.9428090414930224,0.003271361665684237,positive,0.003271361665684237
2024,log_return_lag_0,-2.029326114256829e-05,0.00871277919690587,0.0015693687593536195,positive,0.0015693687593536195
2024,volatility_lag_0,0.007609105775980171,0.004282337713835064,0.00045234867448563416,positive,0.00045234867448563416
2024,sma20_ratio_lag_0,-8.431774141995703e-05,0.020047459699449294,-0.004967115385642495,negative,0.004967115385642495
2024,mom24_lag_0,-0.00038911833661960256,0.03912416624087969,0.001899086617372904,positive,0.001899086617372904
2024,xz_mom24_lag_0,-6.088432786520234e-19,0.9428090415218188,-0.00017640392268380035,negative,0.00017640392268380035
2024,xr_mom24_lag_0,0.0,0.6454972243679028,-0.00018901593533580857,negative,0.00018901593533580857
2024,carry_annual_lag_0,0.01351514260415131,0.018504021495998176,-0.0008465745654068814,negative,0.0008465745654068814
2024,xz_carry_lag_0,3.946705324005373e-19,0.9428090414930141,0.0008542139297271056,positive,0.0008542139297271056
2025,log_return_lag_31,-3.701225182341109e-05,0.008568705411764617,1.2338354846375568e-05,positive,1.2338354846375568e-05
2025,volatility_lag_31,0.007488977718872738,0.004205877926352175,-7.366853259060195e-05,negative,7.366853259060195e-05
2025,sma20_ratio_lag_31,-0.0002691190532843422,0.019674544254396107,9.177004268687476e-05,positive,9.177004268687476e-05
2025,mom24_lag_31,-0.0008527400865587797,0.03838563534764536,4.057236828658275e-05,positive,4.057236828658275e-05
2025,xz_mom24_lag_31,-9.124422470518963e-19,0.942809041521275,-0.00019631304004767388,negative,0.00019631304004767388
2025,xr_mom24_lag_31,0.0,0.6454972243679028,0.00018449467344419939,positive,0.00018449467344419939
2025,carry_annual_lag_31,0.015050090329356522,0.01936804112405241,-0.00010275798425914999,negative,0.00010275798425914999
2025,xz_carry_lag_31,-5.061760621913592e-18,0.9428090414938288,-0.0010538707397032593,negative,0.0010538707397032593
2025,log_return_lag_30,-3.69810793676675e-05,0.008568400528818977,8.350409238546502e-05,positive,8.350409238546502e-05
2025,volatility_lag_30,0.007489006498553189,0.004205847353870123,5.212478826818582e-06,positive,5.212478826818582e-06
2025,sma20_ratio_lag_30,-0.00026968482694859496,0.019674783044096377,0.0001299294323833361,positive,0.0001299294323833361
2025,mom24_lag_30,-0.0008578694088926586,0.038387476376776315,2.990584443668982e-05,positive,2.990584443668982e-05
2025,xz_mom24_lag_30,-9.621423135812594e-19,0.9428090415212677,8.009285818778271e-05,positive,8.009285818778271e-05
2025,xr_mom24_lag_30,0.0,0.6454972243679028,-9.446664361063096e-05,negative,9.446664361063096e-05
2025,carry_annual_lag_30,0.015052619549654743,0.01936933742415706,-0.0010589807105850612,negative,0.0010589807105850612
2025,xz_carry_lag_30,-5.051565736471672e-18,0.9428090414938217,0.0007822798866331805,positive,0.0007822798866331805
2025,log_return_lag_29,-3.696103422438255e-05,0.008568060572001912,0.00014505618028341725,positive,0.00014505618028341725
2025,volatility_lag_29,0.00748902314305525,0.00420582138724251,-0.0002762331641920486,negative,0.0002762331641920486
2025,sma20_ratio_lag_29,-0.00026992501778190606,0.019674647479746853,-0.001977298465201321,negative,0.001977298465201321
2025,mom24_lag_29,-0.0008627517642416128,0.038389444463611394,-3.0717689131872055e-05,negative,3.0717689131872055e-05
2025,xz_mom24_lag_29,-8.971499188890154e-19,0.9428090415212651,-3.358366795079486e-05,negative,3.358366795079486e-05
2025,xr_mom24_lag_29,0.0,0.6454972243679028,0.00011396423588012878,positive,0.00011396423588012878
2025,carry_annual_lag_29,0.015055148769952963,0.0193706333072734,0.0007418003770026458,positive,0.0007418003770026458
2025,xz_carry_lag_29,-5.041370851029751e-18,0.9428090414938147,0.0011119156321165798,positive,0.0011119156321165798
2025,log_return_lag_28,-3.8713826058509024e-05,0.008567534559130171,-0.0008210720811882186,negative,0.0008210720811882186
2025,volatility_lag_28,0.007489194894500975,0.004205722534957769,0.000513498955018848,positive,0.000513498955018848
2025,sma20_ratio_lag_28,-0.00027153322418254846,0.019675417607246892,0.0031785266306721864,positive,0.0031785266306721864
2025,mom24_lag_28,-0.0008680370954415921,0.038391865930091466,-6.81098450757667e-05,negative,6.81098450757667e-05
2025,xz_mom24_lag_28,-8.856806727668546e-19,0.9428090415212641,3.725017489561079e-05,positive,3.725017489561079e-05
2025,xr_mom24_lag_28,0.0,0.6454972243679028,-0.00013193299065698797,negative,0.00013193299065698797
2025,carry_annual_lag_28,0.015057677990251183,0.019371928773483392,-0.001479796350356159,negative,0.001479796350356159
2025,xz_carry_lag_28,-5.0311759655878304e-18,0.9428090414938078,9.39673955459068e-05,positive,9.39673955459068e-05
2025,log_return_lag_27,-3.840167072642875e-05,0.008567458323360049,0.00032893055823748977,positive,0.00032893055823748977
2025,volatility_lag_27,0.007489388122191419,0.004205609103830676,-0.00023800659803676586,negative,0.00023800659803676586
2025,sma20_ratio_lag_27,-0.00027254328545102716,0.019675958792200153,-0.00023501560721960084,negative,0.00023501560721960084
2025,mom24_lag_27,-0.0008740065557188614,0.03839431136379322,5.593746840525457e-05,positive,5.593746840525457e-05
2025,xz_mom24_lag_27,-9.251858538542971e-19,0.9428090415212652,2.4986887007114295e-05,positive,2.4986887007114295e-05
2025,xr_mom24_lag_27,0.0,0.6454972243679028,-2.541040903318987e-05,negative,2.541040903318987e-05
2025,carry_annual_lag_27,0.015060207210549412,0.019373223822871884,0.0008873557888979339,positive,0.0008873557888979339
2025,xz_carry_lag_27,-5.0209810801459096e-18,0.9428090414938008,0.0011943097288724584,positive,0.0011943097288724584
2025,log_return_lag_26,-3.819004777055197e-05,0.00856746002131357,0.00010825391397579314,positive,0.00010825391397579314
2025,volatility_lag_26,0.007489579103116596,0.004205495020743343,0.0002911297013055453,positive,0.0002911297013055453
2025,sma20_ratio_lag_26,-0.0002731553680715838,0.019676338674750347,-0.0017795065153530971,negative,0.0017795065153530971
2025,mom24_lag_26,-0.0008804828092283201,0.03839689256135108,-0.00012556795839579723,negative,0.00012556795839579723
2025,xz_mom24_lag_26,-9.175396897728567e-19,0.9428090415212678,0.00019088366560482707,positive,0.00019088366560482707
2025,xr_mom24_lag_26,0.0,0.6454972243679028,-6.835454608305375e-05,negative,6.835454608305375e-05
2025,carry_annual_lag_26,0.015062736430847637,0.019374518455522027,0.00032006491344561093,positive,0.00032006491344561093
2025,xz_carry_lag_26,-5.0107861947039895e-18,0.9428090414937939,0.0006140281164681102,positive,0.0006140281164681102
2025,log_return_lag_25,-3.734149230068984e-05,0.008567039561760116,-0.0008532337416802352,negative,0.0008532337416802352
2025,volatility_lag_25,0.007489757077929148,0.004205387087435064,0.00011096931099681141,positive,0.00011096931099681141
2025,sma20_ratio_lag_25,-0.0002728285969794598,0.019676194472569433,0.0006295645935792357,positive,0.0006295645935792357
2025,mom24_lag_25,-0.000887133625904815,0.03839936967048499,-4.930169434854858e-05,negative,4.930169434854858e-05
2025,xz_mom24_lag_25,-8.847249022566746e-19,0.9428090415212681,3.422873757528189e-05,positive,3.422873757528189e-05
2025,xr_mom24_lag_25,0.0,0.6454972243679028,-2.1559867361591883e-05,negative,2.1559867361591883e-05
2025,carry_annual_lag_25,0.01506526565114586,0.01937581267151659,-0.00043969134210907694,negative,0.00043969134210907694
2025,xz_carry_lag_25,-5.000591309262069e-18,0.942809041493787,-0.0005119000896052017,negative,0.0005119000896052017
2025,log_return_lag_24,-3.91219494657984e-05,0.008566809261157939,-0.00088403122615595,negative,0.00088403122615595
2025,volatility_lag_24,0.007489888477123529,0.004205302287681524,-0.0004192421274747995,negative,0.0004192421274747995
2025,sma20_ratio_lag_24,-0.0002742732802297012,0.01967710287835816,0.0031990245811317165,positive,0.0031990245811317165
2025,mom24_lag_24,-0.0008948871615010296,0.03840205328471357,0.00025268647603361787,positive,0.00025268647603361787
2025,xz_mom24_lag_24,-8.245113601153309e-19,0.9428090415212734,-0.00019432460980307423,negative,0.00019432460980307423
2025,xr_mom24_lag_24,0.0,0.6454972243679028,2.6594373537456463e-05,positive,2.6594373537456463e-05
2025,carry_annual_lag_24,0.015067794871444084,0.019377106470940077,-0.001158645932331848,negative,0.001158645932331848
2025,xz_carry_lag_24,-4.990396423820148e-18,0.94280904149378,-5.544928370420395e-05,negative,5.544928370420395e-05
2025,log_return_lag_23,-4.03910804396249e-05,0.008566806772999385,0.00028681331525526104,positive,0.00028681331525526104
2025,volatility_lag_23,0.0074900218431812075,0.004205216081591002,-5.269774992406832e-05,negative,5.269774992406832e-05
2025,sma20_ratio_lag_23,-0.00027686078837514704,0.019678805364424082,-0.0006349968652556047,negative,0.0006349968652556047
2025,mom24_lag_23,-0.0009027089219811646,0.038404696331099476,-2.5011647787190268e-05,negative,2.5011647787190268e-05
2025,xz_mom24_lag_23,-8.154315402686203e-19,0.9428090415212803,-9.537562386289753e-05,negative,9.537562386289753e-05
2025,xr_mom24_lag_23,0.0,0.6454972243679028,6.250945189466608e-05,positive,6.250945189466608e-05
2025,carry_annual_lag_23,0.015070324091742304,0.019378399853874875,-0.00022762648900982328,negative,0.00022762648900982328
2025,xz_carry_lag_23,-4.980201538378228e-18,0.9428090414937731,-0.0010972117185789705,negative,0.0010972117185789705
2025,log_return_lag_22,-3.9992525722960715e-05,0.008566639128321785,4.836448126245422e-05,positive,4.836448126245422e-05
2025,volatility_lag_22,0.007490136984952347,0.004205145606321485,-8.962223136291688e-05,negative,8.962223136291688e-05
2025,sma20_ratio_lag_22,-0.0002789558762035908,0.019680298523839887,-0.00017197642709275112,negative,0.00017197642709275112
2025,mom24_lag_22,-0.0009083061932418833,0.0384075449008561,-0.0001550150370356494,negative,0.0001550150370356494
2025,xz_mom24_lag_22,-8.385293275979717e-19,0.9428090415212856,-1.7016483248582532e-05,negative,1.7016483248582532e-05
2025,xr_mom24_lag_22,0.0,0.6454972243679028,9.067780839674883e-05,positive,9.067780839674883e-05
2025,carry_annual_lag_22,0.015072853312040531,0.019379692820405622,0.0008934588881622629,positive,0.0008934588881622629
2025,xz_carry_lag_22,-4.970006652936307e-18,0.9428090414937661,-0.0004728253403978025,negative,0.0004728253403978025
2025,log_return_lag_21,-3.973949684809859e-05,0.008566732657554327,-5.029946422775788e-05,negative,5.029946422775788e-05
2025,volatility_lag_21,0.00749026594597746,0.004205067840010825,0.00025443581480795533,positive,0.00025443581480795533
2025,sma20_ratio_lag_21,-0.0002806907144598097,0.01968112640992762,0.0016737787108676092,positive,0.0016737787108676092
2025,mom24_lag_21,-0.0009127223758506975,0.03840918879435894,7.763516281735478e-05,positive,7.763516281735478e-05
2025,xz_mom24_lag_21,-7.722625722254877e-19,0.9428090415212879,-9.042463074376717e-05,negative,9.042463074376717e-05
2025,xr_mom24_lag_21,0.0,0.6454972243679028,6.376548949907892e-06,positive,6.376548949907892e-06
2025,carry_annual_lag_21,0.015075382532338751,0.019380985370614414,0.000935436270045433,positive,0.000935436270045433
2025,xz_carry_lag_21,-4.959811767494386e-18,0.9428090414937591,-0.0002671917796603284,negative,0.0002671917796603284
2025,log_return_lag_20,-4.0210688933412844e-05,0.008566718196129943,0.0007958463640189852,positive,0.0007958463640189852
2025,volatility_lag_20,0.007490417117011767,0.004204980043694254,-8.673135239407945e-05,negative,8.673135239407945e-05
2025,sma20_ratio_lag_20,-0.0002826204670485395,0.019681753008631616,-0.0017503355125513538,negative,0.0017503355125513538
2025,mom24_lag_20,-0.0009135713293248664,0.03840963549849254,-6.961024747701882e-05,negative,6.961024747701882e-05
2025,xz_mom24_lag_20,-7.569702440626067e-19,0.9428090415212954,0.00015295375816872092,positive,0.00015295375816872092
2025,xr_mom24_lag_20,0.0,0.6454972243679028,-1.663925315036915e-05,negative,1.663925315036915e-05
2025,carry_annual_lag_20,0.01507788838486838,0.019382246158731856,0.0010227281452284433,positive,0.0010227281452284433
2025,xz_carry_lag_20,-5.000591309262069e-18,0.9428090414937522,-0.0010012527310866888,negative,0.0010012527310866888
2025,log_return_lag_19,-3.9858360103010694e-05,0.008566487135184823,0.0001009656186665707,positive,0.0001009656186665707
2025,volatility_lag_19,0.007490569307996297,0.004204893633954642,0.00020030381889225314,positive,0.00020030381889225314
2025,sma20_ratio_lag_19,-0.0002840305492372321,0.01968251083725248,-0.0008263347800386925,negative,0.0008263347800386925
2025,mom24_lag_19,-0.0009152770584339598,0.03841081636696529,-0.00022265734266949832,negative,0.00022265734266949832
2025,xz_mom24_lag_19,-7.391291945392456e-19,0.942809041521301,-9.491162938158755e-05,negative,9.491162938158755e-05
2025,xr_mom24_lag_19,0.0,0.6454972243679028,-6.339230837335714e-05,negative,6.339230837335714e-05
2025,carry_annual_lag_19,0.015080394237398006,0.01938350654089242,-5.0390819601735876e-05,negative,5.0390819601735876e-05
2025,xz_carry_lag_19,-5.041370851029751e-18,0.9428090414937453,-0.00027161822787525285,negative,0.00027161822787525285
2025,log_return_lag_18,-3.9767121140326876e-05,0.008566335983190971,-0.00022061696657748255,negative,0.00022061696657748255
2025,volatility_lag_18,0.0074907256953909065,0.004204806504537895,-0.0002554721744405172,negative,0.0002554721744405172
2025,sma20_ratio_lag_18,-0.00028527077104335797,0.0196827933536285,0.0018762978834009827,positive,0.0018762978834009827
2025,mom24_lag_18,-0.0009170415166912594,0.03841217568749728,-0.0003138105261069233,negative,0.0003138105261069233
2025,xz_mom24_lag_18,-7.340317518182853e-19,0.9428090415213057,0.00015751392434332624,positive,0.00015751392434332624
2025,xr_mom24_lag_18,0.0,0.6454972243679028,-3.797558939871683e-05,negative,3.797558939871683e-05
2025,carry_annual_lag_18,0.01508290008992763,0.019384766517173767,0.0012067438965453973,positive,0.0012067438965453973
2025,xz_carry_lag_18,-5.082150392797434e-18,0.9428090414937386,0.0004807755862973756,positive,0.0004807755862973756
2025,log_return_lag_17,-3.753489930766161e-05,0.008567419399341086,0.0006218199181949128,positive,0.0006218199181949128
2025,volatility_lag_17,0.007490975438499551,0.004204678557464011,3.598058778717295e-05,positive,3.598058778717295e-05
2025,sma20_ratio_lag_17,-0.0002842859407588731,0.019682405820992944,0.0006446465251073982,positive,0.0006446465251073982
2025,mom24_lag_17,-0.0009172606031782563,0.03841231469756112,-0.00022945456927408295,negative,0.00022945456927408295
2025,xz_mom24_lag_17,-7.28934309097325e-19,0.9428090415213061,-0.00023822785744613507,negative,0.00023822785744613507
2025,xr_mom24_lag_17,0.0,0.6454972243679028,0.00023627398546861698,positive,0.00023627398546861698
2025,carry_annual_lag_17,0.01508540594245726,0.019386026087656973,2.7039358526074053e-05,positive,2.7039358526074053e-05
2025,xz_carry_lag_17,-5.1229299345651164e-18,0.9428090414937317,0.00016213365707146922,positive,0.00016213365707146922
2025,log_return_lag_16,-3.937471865169609e-05,0.008567656048249168,0.0010088087672063038,positive,0.0010088087672063038
2025,volatility_lag_16,0.007491244505176497,0.004204540345894456,0.0001876903120058937,positive,0.0001876903120058937
2025,sma20_ratio_lag_16,-0.00028501375299776606,0.019682476875342563,-0.001282126120995076,negative,0.001282126120995076
2025,mom24_lag_16,-0.0009219789666164278,0.03841572000176543,-0.0002371079695286572,negative,0.0002371079695286572
2025,xz_mom24_lag_16,-6.626675537248409e-19,0.9428090415213073,0.0001722673752068854,positive,0.0001722673752068854
2025,xr_mom24_lag_16,0.0,0.6454972243679028,-0.00014328384331150617,negative,0.00014328384331150617
2025,carry_annual_lag_16,0.015087911794986883,0.019387285252418604,-0.0009290286678524583,negative,0.0009290286678524583
2025,xz_carry_lag_16,-5.163709476332799e-18,0.9428090414937248,-0.0003432080235096806,negative,0.0003432080235096806
2025,log_return_lag_15,-3.926351875629801e-05,0.008567423785133864,0.0005010971601150584,positive,0.0005010971601150584
2025,volatility_lag_15,0.00749150266589878,0.004204405448779259,-0.00020572967844649105,negative,0.00020572967844649105
2025,sma20_ratio_lag_15,-0.0002855547616433673,0.019682038399217436,-0.0018610792972312907,negative,0.0018610792972312907
2025,mom24_lag_15,-0.0009246706221822517,0.038417258883893225,-0.0004537974018906968,negative,0.0004537974018906968
2025,xz_mom24_lag_15,-6.932522100506028e-19,0.942809041521305,1.9891396671043655e-05,positive,1.9891396671043655e-05
2025,xr_mom24_lag_15,0.0,0.6454972243679028,1.2225501499065585e-05,positive,1.2225501499065585e-05
2025,carry_annual_lag_15,0.01509041764751651,0.01938854401154005,-0.0007919027100512551,negative,0.0007919027100512551
2025,xz_carry_lag_15,-5.2044890181004816e-18,0.9428090414937179,-0.00011680704961352101,negative,0.00011680704961352101
2025,log_return_lag_14,-3.894058679693822e-05,0.008567772439135174,-0.0003458665951768069,negative,0.0003458665951768069
2025,volatility_lag_14,0.00749181628875562,0.0042042413907705176,0.00010633365337345943,positive,0.00010633365337345943
2025,sma20_ratio_lag_14,-0.0002857388863420185,0.01968163878258678,0.00041468710952387793,positive,0.00041468710952387793
2025,mom24_lag_14,-0.0009256071593523491,0.03841753430304705,-0.00014631396180769254,negative,0.00014631396180769254
2025,xz_mom24_lag_14,-7.799087363069282e-19,0.9428090415213,-3.236328257797036e-05,negative,3.236328257797036e-05
2025,xr_mom24_lag_14,0.0,0.6454972243679028,5.620542130271609e-05,positive,5.620542130271609e-05
2025,carry_annual_lag_14,0.015092923500046132,0.019389802365098664,-5.227467227836932e-05,negative,5.227467227836932e-05
2025,xz_carry_lag_14,-5.245268559868164e-18,0.9428090414937113,0.0011336360332705017,positive,0.0011336360332705017
2025,log_return_lag_13,-3.885612355558751e-05,0.008567811121854436,-0.0001419313740404957,negative,0.0001419313740404957
2025,volatility_lag_13,0.007492129301398172,0.004204077324904805,-0.00020265778829254265,negative,0.00020265778829254265
2025,sma20_ratio_lag_13,-0.00028583681361275793,0.01968118352779999,-0.0015708686485307543,negative,0.0015708686485307543
2025,mom24_lag_13,-0.0009270378490999415,0.038418336581399766,-0.0003440672280400768,negative,0.0003440672280400768
2025,xz_mom24_lag_13,-7.646164081440472e-19,0.9428090415212989,-6.669592553747107e-05,negative,6.669592553747107e-05
2025,xr_mom24_lag_13,0.0,0.6454972243679028,-0.00012036306470398232,negative,0.00012036306470398232
2025,carry_annual_lag_13,0.015095429352575756,0.0193910603131735,-0.0011265122123500202,negative,0.0011265122123500202
2025,xz_carry_lag_13,-5.286048101635847e-18,0.9428090414937044,0.00024399758073085045,positive,0.00024399758073085045
2025,log_return_lag_12,-3.8538847252445396e-05,0.008567645261949385,-0.0008058133486839883,negative,0.0008058133486839883
2025,volatility_lag_12,0.007492314631886065,0.004203967222605356,0.0002582838850116351,positive,0.0002582838850116351
2025,sma20_ratio_lag_12,-0.0002856217261813332,0.019680807862499726,-0.000801696170703198,negative,0.000801696170703198
2025,mom24_lag_12,-0.000928528482543065,0.03841914705531792,-0.0002438038629376545,negative,0.0002438038629376545
2025,xz_mom24_lag_12,-8.002985071907694e-19,0.9428090415212999,0.0001191902617851437,positive,0.0001191902617851437
2025,xr_mom24_lag_12,0.0,0.6454972243679028,1.8782066198360023e-05,positive,1.8782066198360023e-05
2025,carry_annual_lag_12,0.015097935205105382,0.01939231785584525,0.00040359549305845585,positive,0.00040359549305845585
2025,xz_carry_lag_12,-5.3268276434035285e-18,0.9428090414936977,-0.0006989448172018038,negative,0.0006989448172018038
2025,log_return_lag_11,-3.9254281082603144e-05,0.008567817679501804,-0.0011252147696183736,negative,0.0011252147696183736
2025,volatility_lag_11,0.0074924499735552,0.004203881869351632,-0.00014587601093587495,negative,0.00014587601093587495
2025,sma20_ratio_lag_11,-0.0002860086865860282,0.019680434117192773,0.001787117233094678,positive,0.001787117233094678
2025,mom24_lag_11,-0.0009302107199120085,0.03841996916213727,-0.0003405300841161008,negative,0.0003405300841161008
2025,xz_mom24_lag_11,-8.308831635165313e-19,0.9428090415213,-5.515311660183237e-05,negative,5.515311660183237e-05
2025,xr_mom24_lag_11,0.0,0.6454972243679028,1.3157345632196538e-05,positive,1.3157345632196538e-05
2025,carry_annual_lag_11,0.015100441057635005,0.019393574993190475,0.001968207664095134,positive,0.001968207664095134
2025,xz_carry_lag_11,-5.367607185171211e-18,0.9428090414936909,0.000398766718150093,positive,0.000398766718150093
2025,log_return_lag_10,-3.787275424221853e-05,0.008567639841501364,-0.00044959268330662907,negative,0.00044959268330662907
2025,volatility_lag_10,0.007492568952297593,0.004203807243348836,-6.91367789851516e-05,negative,6.91367789851516e-05
2025,sma20_ratio_lag_10,-0.0002849785635412712,0.019679579421751803,0.001853180831361274,positive,0.001853180831361274
2025,mom24_lag_10,-0.0009297912343870997,0.0384193685437789,-0.0002274882630074888,negative,0.0002274882630074888
2025,xz_mom24_lag_10,-8.1049339263269e-19,0.9428090415212957,-0.0001206211382700518,negative,0.0001206211382700518
2025,xr_mom24_lag_10,0.0,0.6454972243679028,9.254701475203516e-06,positive,9.254701475203516e-06
2025,carry_annual_lag_10,0.015102875442141223,0.01939480191595597,0.00045478690274736313,positive,0.00045478690274736313
2025,xz_carry_lag_10,-5.367607185171211e-18,0.9428090414936842,-0.00010203420492861595,negative,0.00010203420492861595
2025,log_return_lag_9,-3.760437721609709e-05,0.008567460382819464,0.0003928444910410905,positive,0.0003928444910410905
2025,volatility_lag_9,0.007492661596500264,0.004203749813632581,-0.00015992553334026054,negative,0.00015992553334026054
2025,sma20_ratio_lag_9,-0.0002836542984765846,0.019678389025458765,0.001216463049141943,positive,0.001216463049141943
2025,mom24_lag_9,-0.0009285862347128791,0.03841818742129504,2.673098149500374e-05,positive,2.673098149500374e-05
2025,xz_mom24_lag_9,-8.512729344003726e-19,0.9428090415212903,0.00014095976685793833,positive,0.00014095976685793833
2025,xr_mom24_lag_9,0.0,0.6454972243679028,-4.471007533372794e-05,negative,4.471007533372794e-05
2025,carry_annual_lag_9,0.015105309826647439,0.01939602845557335,-0.0006066310052598593,negative,0.0006066310052598593
2025,xz_carry_lag_9,-5.387996956055053e-18,0.9428090414936774,0.0008435352131892873,positive,0.0008435352131892873
2025,log_return_lag_8,-3.801557905089713e-05,0.008567461021220251,0.001021267323945901,positive,0.001021267323945901
2025,volatility_lag_8,0.0074925917224769045,0.004203806384220616,0.0003298015284583992,positive,0.0003298015284583992
2025,sma20_ratio_lag_8,-0.00028276968511049404,0.019677506386957554,-0.0025062422753042656,negative,0.0025062422753042656
2025,mom24_lag_8,-0.0009279383108373198,0.03841740307281066,-5.392078530020496e-05,negative,5.392078530020496e-05
2025,xz_mom24_lag_8,-8.614678198422931e-19,0.9428090415212853,0.00013260254589413087,positive,0.00013260254589413087
2025,xr_mom24_lag_8,0.0,0.6454972243679028,-6.365529563744864e-05,negative,6.365529563744864e-05
2025,carry_annual_lag_8,0.015107744211153658,0.01939725461211333,2.215836432934769e-06,positive,2.215836432934769e-06
2025,xz_carry_lag_8,-5.387996956055053e-18,0.9428090414936706,-0.0006994297317226874,negative,0.0006994297317226874
2025,log_return_lag_7,-3.860310660104869e-05,0.008567080271918328,4.6170891341986345e-05,positive,4.6170891341986345e-05
2025,volatility_lag_7,0.007492476518222486,0.004203892562415721,-0.0006282697067544973,negative,0.0006282697067544973
2025,sma20_ratio_lag_7,-0.00028244648669278134,0.019677437933253435,-3.89918209248439e-05,negative,3.89918209248439e-05
2025,mom24_lag_7,-0.0009295291656149577,0.03841803358927442,-4.637589100409979e-05,negative,4.637589100409979e-05
2025,xz_mom24_lag_7,-8.512729344003726e-19,0.9428090415212813,-0.00015198367001582997,negative,0.00015198367001582997
2025,xr_mom24_lag_7,0.0,0.6454972243679028,2.1139803712804963e-05,positive,2.1139803712804963e-05
2025,carry_annual_lag_7,0.015110178595659877,0.019398480385650313,-0.00024786979197443065,negative,0.00024786979197443065
2025,xz_carry_lag_7,-5.387996956055053e-18,0.9428090414936637,1.3171867603451576e-05,positive,1.3171867603451576e-05
2025,log_return_lag_6,-3.877791350414172e-05,0.008566808518950551,0.00010706461456719759,positive,0.00010706461456719759
2025,volatility_lag_6,0.007492337872434848,0.004203995754458439,0.00045190040361548596,positive,0.00045190040361548596
2025,sma20_ratio_lag_6,-0.0002822678059540958,0.01967743024066056,0.002424468022323009,positive,0.002424468022323009
2025,mom24_lag_6,-0.0009313259997514329,0.03841868123680495,-4.1124914880916e-05,negative,4.1124914880916e-05
2025,xz_mom24_lag_6,-9.022473616099756e-19,0.9428090415212791,-0.00015143156266719115,negative,0.00015143156266719115
2025,xr_mom24_lag_6,0.0,0.6454972243679028,0.00014164394779469115,positive,0.00014164394779469115
2025,carry_annual_lag_6,0.015112612980166097,0.019399705776256406,0.0011862027239703176,positive,0.0011862027239703176
2025,xz_carry_lag_6,-5.387996956055053e-18,0.942809041493657,0.0005356322300184177,positive,0.0005356322300184177
2025,log_return_lag_5,-3.929054799405824e-05,0.008566894694558099,0.0012032082306296374,positive,0.0012032082306296374
2025,volatility_lag_5,0.007492199770161916,0.004204095937015822,6.891722461972141e-05,positive,6.891722461972141e-05
2025,sma20_ratio_lag_5,-0.00028250250633201886,0.019677516849676585,-0.0023005214750900487,negative,0.0023005214750900487
2025,mom24_lag_5,-0.0009336555135211079,0.03841868136109408,0.00019482561106893184,positive,0.00019482561106893184
2025,xz_mom24_lag_5,-9.430269033776582e-19,0.942809041521271,0.00017169265346263547,positive,0.00017169265346263547
2025,xr_mom24_lag_5,0.0,0.6454972243679028,-3.149496872252146e-05,negative,3.149496872252146e-05
2025,carry_annual_lag_5,0.01511504736467232,0.019400930784003092,-0.00046849533337210334,negative,0.00046849533337210334
2025,xz_carry_lag_5,-5.408386726938894e-18,0.9428090414936502,-0.0005361571939465914,negative,0.0005361571939465914
2025,log_return_lag_4,-3.9847068950731924e-05,0.008566949692727883,0.00038306417359749035,positive,0.00038306417359749035
2025,volatility_lag_4,0.007492078362309068,0.0042041866523496296,3.562393538192736e-05,positive,3.562393538192736e-05
2025,sma20_ratio_lag_4,-0.0002832521776958076,0.01967790424347794,0.00026330853932178864,positive,0.00026330853932178864
2025,mom24_lag_4,-0.0009347887564133318,0.03841833914610048,0.00046335157645289093,positive,0.00046335157645289093
2025,xz_mom24_lag_4,-9.634166742614995e-19,0.9428090415212622,-2.4451350612011382e-05,negative,2.4451350612011382e-05
2025,xr_mom24_lag_4,0.0,0.6454972243679028,-0.00013050747190539185,negative,0.00013050747190539185
2025,carry_annual_lag_4,0.015117481749178539,0.019402155408964915,-0.001147098759245659,negative,0.001147098759245659
2025,xz_carry_lag_4,-5.408386726938894e-18,0.9428090414936433,-0.0006755460105193143,negative,0.0006755460105193143
2025,log_return_lag_3,-4.0420512831597286e-05,0.008566861378838789,0.000676082341541699,positive,0.000676082341541699
2025,volatility_lag_3,0.007491944781094287,0.004204286799195965,0.0003975289115560944,positive,0.0003975289115560944
2025,sma20_ratio_lag_3,-0.0002845695304547316,0.019678561294532833,-0.0006385215338036925,negative,0.0006385215338036925
2025,mom24_lag_3,-0.0009368075985184994,0.03841861486081211,0.0005407535626989387,positive,0.0005407535626989387
2025,xz_mom24_lag_3,-9.37929460656698e-19,0.9428090415212532,-5.727018048694996e-06,negative,5.727018048694996e-06
2025,xr_mom24_lag_3,0.0,0.6454972243679028,1.3535957390416443e-05,positive,1.3535957390416443e-05
2025,carry_annual_lag_3,0.015119916133684757,0.0194033796512129,0.0005962658367626838,positive,0.0005962658367626838
2025,xz_carry_lag_3,-5.408386726938894e-18,0.9428090414936364,-0.00128948440856578,negative,0.00128948440856578
2025,log_return_lag_2,-3.9624272633759066e-05,0.008566871407467664,0.0005860281614647795,positive,0.0005860281614647795
2025,volatility_lag_2,0.007491824544256609,0.004204379541543701,-0.0008312492320006685,negative,0.0008312492320006685
2025,sma20_ratio_lag_2,-0.0002851187697363751,0.01967876936805545,-0.0016116814675501449,negative,0.0016116814675501449
2025,mom24_lag_2,-0.0009382418233817062,0.03841864850997766,0.000647289028757479,positive,0.000647289028757479
2025,xz_mom24_lag_2,-9.88903887866301e-19,0.9428090415212447,0.00010344705419637745,positive,0.00010344705419637745
2025,xr_mom24_lag_2,0.0,0.6454972243679028,3.3745428575640474e-05,positive,3.3745428575640474e-05
2025,carry_annual_lag_2,0.015122350518190976,0.01940460351082036,-0.0002755685462818846,negative,0.0002755685462818846
2025,xz_carry_lag_2,-5.408386726938894e-18,0.9428090414936297,-0.000505549555344884,negative,0.000505549555344884
2025,log_return_lag_1,-4.065984637264201e-05,0.00856676461079751,9.796145922029966e-05,positive,9.796145922029966e-05
2025,volatility_lag_1,0.007491689401186195,0.004204480962241742,0.00014949494714726835,positive,0.00014949494714726835
2025,sma20_ratio_lag_1,-0.00028664789483970603,0.01967950836831312,0.000593257696743756,positive,0.000593257696743756
2025,mom24_lag_1,-0.0009415601774536586,0.038419635102081115,0.0008593748892774892,positive,0.0008593748892774892
2025,xz_mom24_lag_1,-9.481243460986186e-19,0.9428090415212368,9.017180119293516e-05,positive,9.017180119293516e-05
2025,xr_mom24_lag_1,0.0,0.6454972243679028,0.00015078439946197042,positive,0.00015078439946197042
2025,carry_annual_lag_1,0.015124784902697195,0.019405826987858685,-9.591147751017816e-05,negative,9.591147751017816e-05
2025,xz_carry_lag_1,-5.428776497822735e-18,0.9428090414936228,0.0013175515676455583,positive,0.0013175515676455583
2025,log_return_lag_0,-4.0815093728668633e-05,0.008566684476230872,0.0005258759595119497,positive,0.0005258759595119497
2025,volatility_lag_0,0.007491565360132118,0.004204576926685957,0.0003431035164335943,positive,0.0003431035164335943
2025,sma20_ratio_lag_0,-0.0002883039271169679,0.019680230135446165,-0.0021010805454145165,negative,0.0021010805454145165
2025,mom24_lag_0,-0.0009432533217165287,0.03842009292775849,0.0011737402629599723,positive,0.0011737402629599723
2025,xz_mom24_lag_0,-9.353807392962177e-19,0.9428090415212279,-0.00014713904418438184,negative,0.00014713904418438184
2025,xr_mom24_lag_0,0.0,0.6454972243679028,-0.00018641529301815707,negative,0.00018641529301815707
2025,carry_annual_lag_0,0.015127219287203418,0.019407050082401293,-0.0003618048606832453,negative,0.0003618048606832453
2025,xz_carry_lag_0,-5.428776497822735e-18,0.9428090414936159,0.0007911419788404405,positive,0.0007911419788404405
